// СГЕНЕРИРОВАНО. Не править руками — рисунки собраны отдельным сценарием.
//
// Каждый эмодзи хранится как готовые точки в формате экрана плюс маска
// прозрачности: фон переписки тёмный, и квадратная подложка вокруг рисунка
// была бы отчётливо видна.
#include "emoji.h"

namespace emoji {

static const uint16_t kPix_1F642[] = {
    0x0000,0x0000,0x0000,0x0000,0x0000,0x0000,0x0000,0x0000,0x0000,0x0000,0x0000,0x0000,0x0000,0x0000,
    0x0000,0x0000,0x0000,0x0000,0x0000,0x0000,0x0000,0x0000,0x0000,0x0000,0x0000,0x0000,0x0000,0x0000,
    0x0000,0x0000,0x0000,0x0000,0x0000,0x0000,0x0000,0x0000,0x0000,0x0000,0x0000,0xCCA2,0xCCA2,0xCCA2,
    0xCCA2,0xCCA2,0xCCA2,0x0000,0x0000,0x0000,0x0000,0x0000,0x0000,0x0000,0x0000,0x0000,0x0000,0x0000,
    0x0000,0x0000,0x0000,0x0000,0x0000,0x0000,0x0000,0x0000,0xCCA2,0xCCA2,0xCCA2,0xFE66,0xFE66,0xFE66,
    0xFE66,0xFE66,0xFE66,0xCCA2,0xCCA2,0xCCA2,0x0000,0x0000,0x0000,0x0000,0x0000,0x0000,0x0000,0x0000,
    0x0000,0x0000,0x0000,0x0000,0x0000,0x0000,0x0000,0xCCA2,0xFE66,0xFE66,0xFE66,0xFE66,0xFE66,0xFE66,
    0xFE66,0xFE66,0xFE66,0xFE66,0xFE66,0xFE66,0xCCA2,0x0000,0x0000,0x0000,0x0000,0x0000,0x0000,0x0000,
    0x0000,0x0000,0x0000,0x0000,0x0000,0xCCA2,0xCCA2,0xFE66,0xFE66,0xFE66,0xFE66,0xFE66,0xFE66,0xFE66,
    0xFE66,0xFE66,0xFE66,0xFE66,0xFE66,0xFE66,0xFE66,0xCCA2,0xCCA2,0x0000,0x0000,0x0000,0x0000,0x0000,
    0x0000,0x0000,0x0000,0x0000,0xCCA2,0xFE66,0xFE66,0xFE66,0xFE66,0xFE66,0xFE66,0xFE66,0xFE66,0xFE66,
    0xFE66,0xFE66,0xFE66,0xFE66,0xFE66,0xFE66,0xFE66,0xFE66,0xFE66,0xCCA2,0x0000,0x0000,0x0000,0x0000,
    0x0000,0x0000,0x0000,0x0000,0xCCA2,0xFE66,0xFE66,0xFE66,0xFE66,0xFE66,0xFE66,0xFE66,0xFE66,0xFE66,
    0xFE66,0xFE66,0xFE66,0xFE66,0xFE66,0xFE66,0xFE66,0xFE66,0xFE66,0xCCA2,0x0000,0x0000,0x0000,0x0000,
    0x0000,0x0000,0x0000,0xCCA2,0xFE66,0xFE66,0xFE66,0xFE66,0xFE66,0xFE66,0xFE66,0xFE66,0xFE66,0xFE66,
    0xFE66,0xFE66,0xFE66,0xFE66,0xFE66,0xFE66,0xFE66,0xFE66,0xFE66,0xFE66,0xCCA2,0x0000,0x0000,0x0000,
    0x0000,0x0000,0xCCA2,0xFE66,0xFE66,0xFE66,0xFE66,0x28E1,0x28E1,0x28E1,0xFE66,0xFE66,0xFE66,0xFE66,
    0xFE66,0xFE66,0xFE66,0xFE66,0xFE66,0x28E1,0x28E1,0x28E1,0xFE66,0xFE66,0xFE66,0xCCA2,0x0000,0x0000,
    0x0000,0x0000,0xCCA2,0xFE66,0xFE66,0xFE66,0x28E1,0x28E1,0x28E1,0x28E1,0x28E1,0xFE66,0xFE66,0xFE66,
    0xFE66,0xFE66,0xFE66,0xFE66,0x28E1,0x28E1,0x28E1,0x28E1,0x28E1,0xFE66,0xFE66,0xCCA2,0x0000,0x0000,
    0x0000,0x0000,0xCCA2,0xFE66,0xFE66,0xFE66,0x28E1,0x28E1,0x28E1,0x28E1,0x28E1,0xFE66,0xFE66,0xFE66,
    0xFE66,0xFE66,0xFE66,0xFE66,0x28E1,0x28E1,0x28E1,0x28E1,0x28E1,0xFE66,0xFE66,0xCCA2,0x0000,0x0000,
    0x0000,0xCCA2,0xFE66,0xFE66,0xFE66,0xFE66,0x28E1,0x28E1,0x28E1,0x28E1,0x28E1,0xFE66,0xFE66,0xFE66,
    0xFE66,0xFE66,0xFE66,0xFE66,0x28E1,0x28E1,0x28E1,0x28E1,0x28E1,0xFE66,0xFE66,0xFE66,0xCCA2,0x0000,
    0x0000,0xCCA2,0xFE66,0xFE66,0xFE66,0xFE66,0xFE66,0x28E1,0x28E1,0x28E1,0xFE66,0xFE66,0xFE66,0xFE66,
    0xFE66,0xFE66,0xFE66,0xFE66,0xFE66,0x28E1,0x28E1,0x28E1,0xFE66,0xFE66,0xFE66,0xFE66,0xCCA2,0x0000,
    0x0000,0xCCA2,0xFE66,0xFE66,0xFE66,0xFE66,0xFE66,0xFE66,0xFE66,0xFE66,0xFE66,0xFE66,0xFE66,0xFE66,
    0xFE66,0xFE66,0xFE66,0xFE66,0xFE66,0xFE66,0xFE66,0xFE66,0xFE66,0xFE66,0xFE66,0xFE66,0xCCA2,0x0000,
    0x0000,0xCCA2,0xFE66,0xFE66,0xFE66,0xFE66,0xFE66,0xFE66,0xFE66,0xFE66,0xFE66,0xFE66,0xFE66,0xFE66,
    0xFE66,0xFE66,0xFE66,0xFE66,0xFE66,0xFE66,0xFE66,0xFE66,0xFE66,0xFE66,0xFE66,0xFE66,0xCCA2,0x0000,
    0x0000,0xCCA2,0xFE66,0xFE66,0xFE66,0xFE66,0xFE66,0xFE66,0xFE66,0xFE66,0xFE66,0xFE66,0xFE66,0xFE66,
    0xFE66,0xFE66,0xFE66,0xFE66,0xFE66,0xFE66,0xFE66,0xFE66,0xFE66,0xFE66,0xFE66,0xFE66,0xCCA2,0x0000,
    0x0000,0xCCA2,0xFE66,0xFE66,0xFE66,0xFE66,0xFE66,0xFE66,0xFE66,0xFE66,0xFE66,0xFE66,0xFE66,0xFE66,
    0xFE66,0xFE66,0xFE66,0xFE66,0xFE66,0xFE66,0xFE66,0xFE66,0xFE66,0xFE66,0xFE66,0xFE66,0xCCA2,0x0000,
    0x0000,0x0000,0xCCA2,0xFE66,0xFE66,0xFE66,0xFE66,0x28E1,0x28E1,0x28E1,0xFE66,0xFE66,0xFE66,0xFE66,
    0xFE66,0xFE66,0xFE66,0xFE66,0xFE66,0x28E1,0x28E1,0xFE66,0xFE66,0xFE66,0xFE66,0xCCA2,0x0000,0x0000,
    0x0000,0x0000,0xCCA2,0xFE66,0xFE66,0xFE66,0xFE66,0xFE66,0x28E1,0x28E1,0xFE66,0xFE66,0xFE66,0xFE66,
    0xFE66,0xFE66,0xFE66,0xFE66,0xFE66,0x28E1,0x28E1,0xFE66,0xFE66,0xFE66,0xFE66,0xCCA2,0x0000,0x0000,
    0x0000,0x0000,0xCCA2,0xFE66,0xFE66,0xFE66,0xFE66,0xFE66,0xFE66,0x28E1,0x28E1,0x28E1,0xFE66,0xFE66,
    0xFE66,0xFE66,0xFE66,0x28E1,0x28E1,0x28E1,0xFE66,0xFE66,0xFE66,0xFE66,0xFE66,0xCCA2,0x0000,0x0000,
    0x0000,0x0000,0x0000,0xCCA2,0xFE66,0xFE66,0xFE66,0xFE66,0xFE66,0xFE66,0x28E1,0x28E1,0x28E1,0x28E1,
    0x28E1,0x28E1,0x28E1,0x28E1,0x28E1,0xFE66,0xFE66,0xFE66,0xFE66,0xFE66,0xCCA2,0x0000,0x0000,0x0000,
    0x0000,0x0000,0x0000,0x0000,0xCCA2,0xFE66,0xFE66,0xFE66,0xFE66,0xFE66,0xFE66,0xFE66,0x28E1,0x28E1,
    0x28E1,0x28E1,0x28E1,0xFE66,0xFE66,0xFE66,0xFE66,0xFE66,0xFE66,0xCCA2,0x0000,0x0000,0x0000,0x0000,
    0x0000,0x0000,0x0000,0x0000,0xCCA2,0xFE66,0xFE66,0xFE66,0xFE66,0xFE66,0xFE66,0xFE66,0xFE66,0xFE66,
    0xFE66,0xFE66,0xFE66,0xFE66,0xFE66,0xFE66,0xFE66,0xFE66,0xFE66,0xCCA2,0x0000,0x0000,0x0000,0x0000,
    0x0000,0x0000,0x0000,0x0000,0x0000,0xCCA2,0xCCA2,0xFE66,0xFE66,0xFE66,0xFE66,0xFE66,0xFE66,0xFE66,
    0xFE66,0xFE66,0xFE66,0xFE66,0xFE66,0xFE66,0xFE66,0xCCA2,0xCCA2,0x0000,0x0000,0x0000,0x0000,0x0000,
    0x0000,0x0000,0x0000,0x0000,0x0000,0x0000,0x0000,0xCCA2,0xFE66,0xFE66,0xFE66,0xFE66,0xFE66,0xFE66,
    0xFE66,0xFE66,0xFE66,0xFE66,0xFE66,0xFE66,0xCCA2,0x0000,0x0000,0x0000,0x0000,0x0000,0x0000,0x0000,
    0x0000,0x0000,0x0000,0x0000,0x0000,0x0000,0x0000,0x0000,0xCCA2,0xCCA2,0xCCA2,0xFE66,0xFE66,0xFE66,
    0xFE66,0xFE66,0xFE66,0xCCA2,0xCCA2,0xCCA2,0x0000,0x0000,0x0000,0x0000,0x0000,0x0000,0x0000,0x0000,
    0x0000,0x0000,0x0000,0x0000,0x0000,0x0000,0x0000,0x0000,0x0000,0x0000,0x0000,0xCCA2,0xCCA2,0xCCA2,
    0xCCA2,0xCCA2,0xCCA2,0x0000,0x0000,0x0000,0x0000,0x0000,0x0000,0x0000,0x0000,0x0000,0x0000,0x0000,
    0x0000,0x0000,0x0000,0x0000,0x0000,0x0000,0x0000,0x0000,0x0000,0x0000,0x0000,0x0000,0x0000,0x0000,
    0x0000,0x0000,0x0000,0x0000,0x0000,0x0000,0x0000,0x0000,0x0000,0x0000,0x0000,0x0000,0x0000,0x0000,
};
static const uint8_t kMask_1F642[] = {
    0x00,0x00,0x00,0x00,0x01,0xF8,0x00,0x00,0xFF,0xF0,0x00,0x1F,0xFF,0x80,0x07,0xFF,
    0xFE,0x00,0xFF,0xFF,0xF0,0x0F,0xFF,0xFF,0x01,0xFF,0xFF,0xF8,0x3F,0xFF,0xFF,0xC3,
    0xFF,0xFF,0xFC,0x3F,0xFF,0xFF,0xC7,0xFF,0xFF,0xFE,0x7F,0xFF,0xFF,0xE7,0xFF,0xFF,
    0xFE,0x7F,0xFF,0xFF,0xE7,0xFF,0xFF,0xFE,0x7F,0xFF,0xFF,0xE3,0xFF,0xFF,0xFC,0x3F,
    0xFF,0xFF,0xC3,0xFF,0xFF,0xFC,0x1F,0xFF,0xFF,0x80,0xFF,0xFF,0xF0,0x0F,0xFF,0xFF,
    0x00,0x7F,0xFF,0xE0,0x01,0xFF,0xF8,0x00,0x0F,0xFF,0x00,0x00,0x1F,0x80,0x00,0x00,
    0x00,0x00,
};

static const uint16_t kPix_1F602[] = {
    0x0000,0x0000,0x0000,0x0000,0x0000,0x0000,0x0000,0x0000,0x0000,0x0000,0x0000,0x0000,0x0000,0x0000,
    0x0000,0x0000,0x0000,0x0000,0x0000,0x0000,0x0000,0x0000,0x0000,0x0000,0x0000,0x0000,0x0000,0x0000,
    0x0000,0x0000,0x0000,0x0000,0x0000,0x0000,0x0000,0x0000,0x0000,0x0000,0x0000,0xCCA2,0xCCA2,0xCCA2,
    0xCCA2,0xCCA2,0xCCA2,0x0000,0x0000,0x0000,0x0000,0x0000,0x0000,0x0000,0x0000,0x0000,0x0000,0x0000,
    0x0000,0x0000,0x0000,0x0000,0x0000,0x0000,0x0000,0x0000,0xCCA2,0xCCA2,0xCCA2,0xFE66,0xFE66,0xFE66,
    0xFE66,0xFE66,0xFE66,0xCCA2,0xCCA2,0xCCA2,0x0000,0x0000,0x0000,0x0000,0x0000,0x0000,0x0000,0x0000,
    0x0000,0x0000,0x0000,0x0000,0x0000,0x0000,0x0000,0xCCA2,0xFE66,0xFE66,0xFE66,0xFE66,0xFE66,0xFE66,
    0xFE66,0xFE66,0xFE66,0xFE66,0xFE66,0xFE66,0xCCA2,0x0000,0x0000,0x0000,0x0000,0x0000,0x0000,0x0000,
    0x0000,0x0000,0x0000,0x0000,0x0000,0xCCA2,0xCCA2,0xFE66,0xFE66,0xFE66,0xFE66,0xFE66,0xFE66,0xFE66,
    0xFE66,0xFE66,0xFE66,0xFE66,0xFE66,0xFE66,0xFE66,0xCCA2,0xCCA2,0x0000,0x0000,0x0000,0x0000,0x0000,
    0x0000,0x0000,0x0000,0x0000,0xCCA2,0xFE66,0xFE66,0xFE66,0xFE66,0xFE66,0xFE66,0xFE66,0xFE66,0xFE66,
    0xFE66,0xFE66,0xFE66,0xFE66,0xFE66,0xFE66,0xFE66,0xFE66,0xFE66,0xCCA2,0x0000,0x0000,0x0000,0x0000,
    0x0000,0x0000,0x0000,0x0000,0xCCA2,0xFE66,0xFE66,0xFE66,0xFE66,0xFE66,0xFE66,0xFE66,0xFE66,0xFE66,
    0xFE66,0xFE66,0xFE66,0xFE66,0xFE66,0xFE66,0xFE66,0xFE66,0xFE66,0xCCA2,0x0000,0x0000,0x0000,0x0000,
    0x0000,0x0000,0x0000,0xCCA2,0xFE66,0xFE66,0xFE66,0xFE66,0xFE66,0xFE66,0xFE66,0xFE66,0xFE66,0xFE66,
    0xFE66,0xFE66,0xFE66,0xFE66,0xFE66,0xFE66,0xFE66,0xFE66,0xFE66,0xFE66,0xCCA2,0x0000,0x0000,0x0000,
    0x0000,0x0000,0xCCA2,0xFE66,0xFE66,0xFE66,0xFE66,0x28E1,0x28E1,0x28E1,0xFE66,0xFE66,0xFE66,0xFE66,
    0xFE66,0xFE66,0xFE66,0xFE66,0xFE66,0x28E1,0x28E1,0x28E1,0xFE66,0xFE66,0xFE66,0xCCA2,0x0000,0x0000,
    0x0000,0x0000,0xCCA2,0xFE66,0xFE66,0xFE66,0x28E1,0x28E1,0x28E1,0x28E1,0x28E1,0xFE66,0xFE66,0xFE66,
    0xFE66,0xFE66,0xFE66,0xFE66,0x28E1,0x28E1,0x28E1,0x28E1,0x28E1,0xFE66,0xFE66,0xCCA2,0x0000,0x0000,
    0x0000,0x0000,0xCCA2,0xFE66,0xFE66,0xFE66,0x28E1,0x28E1,0x28E1,0x28E1,0x28E1,0xFE66,0xFE66,0xFE66,
    0xFE66,0xFE66,0xFE66,0xFE66,0x28E1,0x28E1,0x28E1,0x28E1,0x28E1,0xFE66,0xFE66,0xCCA2,0x0000,0x0000,
    0x0000,0xCCA2,0xFE66,0xFE66,0xFE66,0xFE66,0x28E1,0x28E1,0x28E1,0x28E1,0x28E1,0xFE66,0xFE66,0xFE66,
    0xFE66,0xFE66,0xFE66,0xFE66,0x28E1,0x28E1,0x28E1,0x28E1,0x28E1,0xFE66,0xFE66,0xFE66,0xCCA2,0x0000,
    0x0000,0xCCA2,0xFE66,0xFE66,0xFE66,0xFE66,0xFE66,0x28E1,0x28E1,0x28E1,0xFE66,0xFE66,0xFE66,0xFE66,
    0xFE66,0xFE66,0xFE66,0xFE66,0xFE66,0x28E1,0x28E1,0x28E1,0xFE66,0xFE66,0xFE66,0xFE66,0xCCA2,0x0000,
    0x0000,0xCCA2,0xFE66,0xFE66,0xFE66,0xFE66,0xFE66,0xFE66,0xFE66,0xFE66,0xFE66,0xFE66,0xFE66,0xFE66,
    0xFE66,0xFE66,0xFE66,0xFE66,0xFE66,0xFE66,0xFE66,0xFE66,0xFE66,0xFE66,0xFE66,0xFE66,0xCCA2,0x0000,
    0x0000,0xCCA2,0xFE66,0xFE66,0xFE66,0xFE66,0xFE66,0xFE66,0xFE66,0xFE66,0xFE66,0xFE66,0xFE66,0xFE66,
    0xFE66,0xFE66,0xFE66,0xFE66,0xFE66,0xFE66,0xFE66,0xFE66,0xFE66,0xFE66,0xFE66,0xFE66,0xCCA2,0x0000,
    0x0000,0xCCA2,0xFE66,0xFE66,0xFE66,0xFE66,0xFE66,0xFE66,0xFE66,0xFE66,0xFE66,0xFE66,0xFE66,0xFE66,
    0xFE66,0xFE66,0xFE66,0xFE66,0xFE66,0xFE66,0xFE66,0xFE66,0xFE66,0xFE66,0xFE66,0xFE66,0xCCA2,0x0000,
    0x0000,0xCCA2,0xFE66,0xFE66,0xFE66,0xFE66,0xFE66,0xFE66,0xFE66,0xFE66,0xFE66,0xFE66,0xFE66,0xFE66,
    0x5943,0xFE66,0xFE66,0xFE66,0xFE66,0xFE66,0xFE66,0xFE66,0xFE66,0xFE66,0xFE66,0xFE66,0xCCA2,0x0000,
    0x0000,0x0000,0xCCA2,0xFE66,0xFE66,0xFE66,0xFE66,0xFE66,0xFE66,0xFE66,0xFE66,0x5943,0x5943,0x5943,
    0x5943,0x5943,0x5943,0xFE66,0xFE66,0xFE66,0xFE66,0xFE66,0xFE66,0xFE66,0xFE66,0xCCA2,0x0000,0x0000,
    0x0000,0x0000,0xCCA2,0xFE66,0xFE66,0xFE66,0xFE66,0xFE66,0x5943,0x5943,0x5943,0x5943,0x5943,0x5943,
    0x5943,0x5943,0x5943,0x5943,0x5943,0x5943,0xFE66,0xFE66,0xFE66,0xFE66,0xFE66,0xCCA2,0x0000,0x0000,
    0x0000,0x0000,0xCCA2,0xFE66,0xFE66,0xFE66,0xFE66,0xFE66,0x5943,0x5943,0x5943,0x5943,0x5943,0x5943,
    0xFFFF,0x5943,0x5943,0x5943,0x5943,0x5943,0x5943,0xFE66,0xFE66,0xFE66,0xFE66,0xCCA2,0x0000,0x0000,
    0x0000,0x0000,0x0000,0xCCA2,0xFE66,0xFE66,0xFE66,0xFE66,0x5943,0x5943,0xFFFF,0xFFFF,0xFFFF,0xFFFF,
    0xFFFF,0xFFFF,0xFFFF,0xFFFF,0x5943,0x5943,0x5943,0xFE66,0xFE66,0xFE66,0xCCA2,0x0000,0x0000,0x0000,
    0x0000,0x0000,0x0000,0x0000,0xCCA2,0xFE66,0xFE66,0xFE66,0xFE66,0x5943,0xFFFF,0xFFFF,0xFFFF,0xFFFF,
    0xFFFF,0xFFFF,0xFFFF,0xFFFF,0xFFFF,0x5943,0xFE66,0xFE66,0xFE66,0xCCA2,0x0000,0x0000,0x0000,0x0000,
    0x0000,0x0000,0x0000,0x0000,0xCCA2,0xFE66,0xFE66,0xFE66,0xFE66,0xFE66,0x5943,0xFFFF,0xFFFF,0xFFFF,
    0xFFFF,0xFFFF,0xFFFF,0xFFFF,0x5943,0xFE66,0xFE66,0xFE66,0xFE66,0xCCA2,0x0000,0x0000,0x0000,0x0000,
    0x0000,0x0000,0x0000,0x0000,0x0000,0xCCA2,0xCCA2,0xFE66,0xFE66,0xFE66,0xFE66,0xFE66,0xFFFF,0xFFFF,
    0xFFFF,0xFFFF,0xFFFF,0xFE66,0xFE66,0xFE66,0xFE66,0xCCA2,0xCCA2,0x0000,0x0000,0x0000,0x0000,0x0000,
    0x0000,0x0000,0x0000,0x0000,0x0000,0x0000,0x0000,0xCCA2,0xFE66,0xFE66,0xFE66,0xFE66,0xFE66,0xFE66,
    0xFE66,0xFE66,0xFE66,0xFE66,0xFE66,0xFE66,0xCCA2,0x0000,0x0000,0x0000,0x0000,0x0000,0x0000,0x0000,
    0x0000,0x0000,0x0000,0x0000,0x0000,0x0000,0x0000,0x0000,0xCCA2,0xCCA2,0xCCA2,0xFE66,0xFE66,0xFE66,
    0xFE66,0xFE66,0xFE66,0xCCA2,0xCCA2,0xCCA2,0x0000,0x0000,0x0000,0x0000,0x0000,0x0000,0x0000,0x0000,
    0x0000,0x0000,0x0000,0x0000,0x0000,0x0000,0x0000,0x0000,0x0000,0x0000,0x0000,0xCCA2,0xCCA2,0xCCA2,
    0xCCA2,0xCCA2,0xCCA2,0x0000,0x0000,0x0000,0x0000,0x0000,0x0000,0x0000,0x0000,0x0000,0x0000,0x0000,
    0x0000,0x0000,0x0000,0x0000,0x0000,0x0000,0x0000,0x0000,0x0000,0x0000,0x0000,0x0000,0x0000,0x0000,
    0x0000,0x0000,0x0000,0x0000,0x0000,0x0000,0x0000,0x0000,0x0000,0x0000,0x0000,0x0000,0x0000,0x0000,
};
static const uint8_t kMask_1F602[] = {
    0x00,0x00,0x00,0x00,0x01,0xF8,0x00,0x00,0xFF,0xF0,0x00,0x1F,0xFF,0x80,0x07,0xFF,
    0xFE,0x00,0xFF,0xFF,0xF0,0x0F,0xFF,0xFF,0x01,0xFF,0xFF,0xF8,0x3F,0xFF,0xFF,0xC3,
    0xFF,0xFF,0xFC,0x3F,0xFF,0xFF,0xC7,0xFF,0xFF,0xFE,0x7F,0xFF,0xFF,0xE7,0xFF,0xFF,
    0xFE,0x7F,0xFF,0xFF,0xE7,0xFF,0xFF,0xFE,0x7F,0xFF,0xFF,0xE3,0xFF,0xFF,0xFC,0x3F,
    0xFF,0xFF,0xC3,0xFF,0xFF,0xFC,0x1F,0xFF,0xFF,0x80,0xFF,0xFF,0xF0,0x0F,0xFF,0xFF,
    0x00,0x7F,0xFF,0xE0,0x01,0xFF,0xF8,0x00,0x0F,0xFF,0x00,0x00,0x1F,0x80,0x00,0x00,
    0x00,0x00,
};

static const uint16_t kPix_1F60A[] = {
    0x0000,0x0000,0x0000,0x0000,0x0000,0x0000,0x0000,0x0000,0x0000,0x0000,0x0000,0x0000,0x0000,0x0000,
    0x0000,0x0000,0x0000,0x0000,0x0000,0x0000,0x0000,0x0000,0x0000,0x0000,0x0000,0x0000,0x0000,0x0000,
    0x0000,0x0000,0x0000,0x0000,0x0000,0x0000,0x0000,0x0000,0x0000,0x0000,0x0000,0xCCA2,0xCCA2,0xCCA2,
    0xCCA2,0xCCA2,0xCCA2,0x0000,0x0000,0x0000,0x0000,0x0000,0x0000,0x0000,0x0000,0x0000,0x0000,0x0000,
    0x0000,0x0000,0x0000,0x0000,0x0000,0x0000,0x0000,0x0000,0xCCA2,0xCCA2,0xCCA2,0xFE66,0xFE66,0xFE66,
    0xFE66,0xFE66,0xFE66,0xCCA2,0xCCA2,0xCCA2,0x0000,0x0000,0x0000,0x0000,0x0000,0x0000,0x0000,0x0000,
    0x0000,0x0000,0x0000,0x0000,0x0000,0x0000,0x0000,0xCCA2,0xFE66,0xFE66,0xFE66,0xFE66,0xFE66,0xFE66,
    0xFE66,0xFE66,0xFE66,0xFE66,0xFE66,0xFE66,0xCCA2,0x0000,0x0000,0x0000,0x0000,0x0000,0x0000,0x0000,
    0x0000,0x0000,0x0000,0x0000,0x0000,0xCCA2,0xCCA2,0xFE66,0xFE66,0xFE66,0xFE66,0xFE66,0xFE66,0xFE66,
    0xFE66,0xFE66,0xFE66,0xFE66,0xFE66,0xFE66,0xFE66,0xCCA2,0xCCA2,0x0000,0x0000,0x0000,0x0000,0x0000,
    0x0000,0x0000,0x0000,0x0000,0xCCA2,0xFE66,0xFE66,0xFE66,0xFE66,0xFE66,0xFE66,0xFE66,0xFE66,0xFE66,
    0xFE66,0xFE66,0xFE66,0xFE66,0xFE66,0xFE66,0xFE66,0xFE66,0xFE66,0xCCA2,0x0000,0x0000,0x0000,0x0000,
    0x0000,0x0000,0x0000,0x0000,0xCCA2,0xFE66,0xFE66,0xFE66,0xFE66,0xFE66,0xFE66,0xFE66,0xFE66,0xFE66,
    0xFE66,0xFE66,0xFE66,0xFE66,0xFE66,0xFE66,0xFE66,0xFE66,0xFE66,0xCCA2,0x0000,0x0000,0x0000,0x0000,
    0x0000,0x0000,0x0000,0xCCA2,0xFE66,0xFE66,0xFE66,0xFE66,0x28E1,0x28E1,0xFE66,0xFE66,0xFE66,0xFE66,
    0xFE66,0xFE66,0xFE66,0xFE66,0xFE66,0xFE66,0xFE66,0xFE66,0xFE66,0xFE66,0xCCA2,0x0000,0x0000,0x0000,
    0x0000,0x0000,0xCCA2,0xFE66,0xFE66,0xFE66,0xFE66,0x28E1,0x28E1,0x28E1,0x28E1,0xFE66,0xFE66,0xFE66,
    0xFE66,0xFE66,0xFE66,0xFE66,0xFE66,0x28E1,0x28E1,0x28E1,0xFE66,0xFE66,0xFE66,0xCCA2,0x0000,0x0000,
    0x0000,0x0000,0xCCA2,0xFE66,0xFE66,0xFE66,0xFE66,0x28E1,0xFE66,0xFE66,0x28E1,0xFE66,0xFE66,0xFE66,
    0xFE66,0xFE66,0xFE66,0xFE66,0x28E1,0x28E1,0x28E1,0x28E1,0x28E1,0xFE66,0xFE66,0xCCA2,0x0000,0x0000,
    0x0000,0x0000,0xCCA2,0xFE66,0xFE66,0xFE66,0xFE66,0xFE66,0xFE66,0xFE66,0xFE66,0xFE66,0xFE66,0xFE66,
    0xFE66,0xFE66,0xFE66,0xFE66,0x28E1,0x28E1,0x28E1,0x28E1,0x28E1,0xFE66,0xFE66,0xCCA2,0x0000,0x0000,
    0x0000,0xCCA2,0xFE66,0xFE66,0xFE66,0xFE66,0xFE66,0xFE66,0xFE66,0xFE66,0xFE66,0xFE66,0xFE66,0xFE66,
    0xFE66,0xFE66,0xFE66,0xFE66,0x28E1,0x28E1,0x28E1,0x28E1,0x28E1,0xFE66,0xFE66,0xFE66,0xCCA2,0x0000,
    0x0000,0xCCA2,0xFE66,0xFE66,0xFE66,0xFE66,0xFE66,0xFE66,0xFE66,0xFE66,0xFE66,0xFE66,0xFE66,0xFE66,
    0xFE66,0xFE66,0xFE66,0xFE66,0xFE66,0x28E1,0x28E1,0x28E1,0xFE66,0xFE66,0xFE66,0xFE66,0xCCA2,0x0000,
    0x0000,0xCCA2,0xFE66,0xFE66,0xFE66,0xFE66,0xFE66,0xFE66,0xFE66,0xFE66,0xFE66,0xFE66,0xFE66,0xFE66,
    0xFE66,0xFE66,0xFE66,0xFE66,0xFE66,0xFE66,0xFE66,0xFE66,0xFE66,0xFE66,0xFE66,0xFE66,0xCCA2,0x0000,
    0x0000,0xCCA2,0xFE66,0xFE66,0xFE66,0xFE66,0xFE66,0xFE66,0xFE66,0xFE66,0xFE66,0xFE66,0xFE66,0xFE66,
    0xFE66,0xFE66,0xFE66,0xFE66,0xFE66,0xFE66,0xFE66,0xFE66,0xFE66,0xFE66,0xFE66,0xFE66,0xCCA2,0x0000,
    0x0000,0xCCA2,0xFE66,0xFE66,0xFE66,0xFE66,0xFE66,0xFE66,0xFE66,0xFE66,0xFE66,0xFE66,0xFE66,0xFE66,
    0xFE66,0xFE66,0xFE66,0xFE66,0xFE66,0xFE66,0xFE66,0xFE66,0xFE66,0xFE66,0xFE66,0xFE66,0xCCA2,0x0000,
    0x0000,0xCCA2,0xFE66,0xFE66,0xFE66,0xFE66,0xFE66,0xFE66,0xFE66,0xFE66,0xFE66,0xFE66,0xFE66,0xFE66,
    0xFE66,0xFE66,0xFE66,0xFE66,0xFE66,0xFE66,0xFE66,0xFE66,0xFE66,0xFE66,0xFE66,0xFE66,0xCCA2,0x0000,
    0x0000,0x0000,0xCCA2,0xFE66,0xFE66,0xFE66,0xFE66,0x28E1,0x28E1,0x28E1,0xFE66,0xFE66,0xFE66,0xFE66,
    0xFE66,0xFE66,0xFE66,0xFE66,0xFE66,0x28E1,0x28E1,0xFE66,0xFE66,0xFE66,0xFE66,0xCCA2,0x0000,0x0000,
    0x0000,0x0000,0xCCA2,0xFE66,0xFE66,0xFE66,0xFE66,0xFE66,0x28E1,0x28E1,0xFE66,0xFE66,0xFE66,0xFE66,
    0xFE66,0xFE66,0xFE66,0xFE66,0xFE66,0x28E1,0x28E1,0xFE66,0xFE66,0xFE66,0xFE66,0xCCA2,0x0000,0x0000,
    0x0000,0x0000,0xCCA2,0xFE66,0xFE66,0xFE66,0xFE66,0xFE66,0xFE66,0x28E1,0x28E1,0x28E1,0xFE66,0xFE66,
    0xFE66,0xFE66,0xFE66,0x28E1,0x28E1,0x28E1,0xFE66,0xFE66,0xFE66,0xFE66,0xFE66,0xCCA2,0x0000,0x0000,
    0x0000,0x0000,0x0000,0xCCA2,0xFE66,0xFE66,0xFE66,0xFE66,0xFE66,0xFE66,0x28E1,0x28E1,0x28E1,0x28E1,
    0x28E1,0x28E1,0x28E1,0x28E1,0x28E1,0xFE66,0xFE66,0xFE66,0xFE66,0xFE66,0xCCA2,0x0000,0x0000,0x0000,
    0x0000,0x0000,0x0000,0x0000,0xCCA2,0xFE66,0xFE66,0xFE66,0xFE66,0xFE66,0xFE66,0xFE66,0x28E1,0x28E1,
    0x28E1,0x28E1,0x28E1,0xFE66,0xFE66,0xFE66,0xFE66,0xFE66,0xFE66,0xCCA2,0x0000,0x0000,0x0000,0x0000,
    0x0000,0x0000,0x0000,0x0000,0xCCA2,0xFE66,0xFE66,0xFE66,0xFE66,0xFE66,0xFE66,0xFE66,0xFE66,0xFE66,
    0xFE66,0xFE66,0xFE66,0xFE66,0xFE66,0xFE66,0xFE66,0xFE66,0xFE66,0xCCA2,0x0000,0x0000,0x0000,0x0000,
    0x0000,0x0000,0x0000,0x0000,0x0000,0xCCA2,0xCCA2,0xFE66,0xFE66,0xFE66,0xFE66,0xFE66,0xFE66,0xFE66,
    0xFE66,0xFE66,0xFE66,0xFE66,0xFE66,0xFE66,0xFE66,0xCCA2,0xCCA2,0x0000,0x0000,0x0000,0x0000,0x0000,
    0x0000,0x0000,0x0000,0x0000,0x0000,0x0000,0x0000,0xCCA2,0xFE66,0xFE66,0xFE66,0xFE66,0xFE66,0xFE66,
    0xFE66,0xFE66,0xFE66,0xFE66,0xFE66,0xFE66,0xCCA2,0x0000,0x0000,0x0000,0x0000,0x0000,0x0000,0x0000,
    0x0000,0x0000,0x0000,0x0000,0x0000,0x0000,0x0000,0x0000,0xCCA2,0xCCA2,0xCCA2,0xFE66,0xFE66,0xFE66,
    0xFE66,0xFE66,0xFE66,0xCCA2,0xCCA2,0xCCA2,0x0000,0x0000,0x0000,0x0000,0x0000,0x0000,0x0000,0x0000,
    0x0000,0x0000,0x0000,0x0000,0x0000,0x0000,0x0000,0x0000,0x0000,0x0000,0x0000,0xCCA2,0xCCA2,0xCCA2,
    0xCCA2,0xCCA2,0xCCA2,0x0000,0x0000,0x0000,0x0000,0x0000,0x0000,0x0000,0x0000,0x0000,0x0000,0x0000,
    0x0000,0x0000,0x0000,0x0000,0x0000,0x0000,0x0000,0x0000,0x0000,0x0000,0x0000,0x0000,0x0000,0x0000,
    0x0000,0x0000,0x0000,0x0000,0x0000,0x0000,0x0000,0x0000,0x0000,0x0000,0x0000,0x0000,0x0000,0x0000,
};
static const uint8_t kMask_1F60A[] = {
    0x00,0x00,0x00,0x00,0x01,0xF8,0x00,0x00,0xFF,0xF0,0x00,0x1F,0xFF,0x80,0x07,0xFF,
    0xFE,0x00,0xFF,0xFF,0xF0,0x0F,0xFF,0xFF,0x01,0xFF,0xFF,0xF8,0x3F,0xFF,0xFF,0xC3,
    0xFF,0xFF,0xFC,0x3F,0xFF,0xFF,0xC7,0xFF,0xFF,0xFE,0x7F,0xFF,0xFF,0xE7,0xFF,0xFF,
    0xFE,0x7F,0xFF,0xFF,0xE7,0xFF,0xFF,0xFE,0x7F,0xFF,0xFF,0xE3,0xFF,0xFF,0xFC,0x3F,
    0xFF,0xFF,0xC3,0xFF,0xFF,0xFC,0x1F,0xFF,0xFF,0x80,0xFF,0xFF,0xF0,0x0F,0xFF,0xFF,
    0x00,0x7F,0xFF,0xE0,0x01,0xFF,0xF8,0x00,0x0F,0xFF,0x00,0x00,0x1F,0x80,0x00,0x00,
    0x00,0x00,
};

static const uint16_t kPix_1F60D[] = {
    0x0000,0x0000,0x0000,0x0000,0x0000,0x0000,0x0000,0x0000,0x0000,0x0000,0x0000,0x0000,0x0000,0x0000,
    0x0000,0x0000,0x0000,0x0000,0x0000,0x0000,0x0000,0x0000,0x0000,0x0000,0x0000,0x0000,0x0000,0x0000,
    0x0000,0x0000,0x0000,0x0000,0x0000,0x0000,0x0000,0x0000,0x0000,0x0000,0x0000,0xCCA2,0xCCA2,0xCCA2,
    0xCCA2,0xCCA2,0xCCA2,0x0000,0x0000,0x0000,0x0000,0x0000,0x0000,0x0000,0x0000,0x0000,0x0000,0x0000,
    0x0000,0x0000,0x0000,0x0000,0x0000,0x0000,0x0000,0x0000,0xCCA2,0xCCA2,0xCCA2,0xFE66,0xFE66,0xFE66,
    0xFE66,0xFE66,0xFE66,0xCCA2,0xCCA2,0xCCA2,0x0000,0x0000,0x0000,0x0000,0x0000,0x0000,0x0000,0x0000,
    0x0000,0x0000,0x0000,0x0000,0x0000,0x0000,0x0000,0xCCA2,0xFE66,0xFE66,0xFE66,0xFE66,0xFE66,0xFE66,
    0xFE66,0xFE66,0xFE66,0xFE66,0xFE66,0xFE66,0xCCA2,0x0000,0x0000,0x0000,0x0000,0x0000,0x0000,0x0000,
    0x0000,0x0000,0x0000,0x0000,0x0000,0xCCA2,0xCCA2,0xFE66,0xFE66,0xFE66,0xFE66,0xFE66,0xFE66,0xFE66,
    0xFE66,0xFE66,0xFE66,0xFE66,0xFE66,0xFE66,0xFE66,0xCCA2,0xCCA2,0x0000,0x0000,0x0000,0x0000,0x0000,
    0x0000,0x0000,0x0000,0x0000,0xCCA2,0xFE66,0xFE66,0xFE66,0xFE66,0xFE66,0xFE66,0xFE66,0xFE66,0xFE66,
    0xFE66,0xFE66,0xFE66,0xFE66,0xFE66,0xFE66,0xFE66,0xFE66,0xFE66,0xCCA2,0x0000,0x0000,0x0000,0x0000,
    0x0000,0x0000,0x0000,0x0000,0xCCA2,0xFE66,0xFE66,0xFE66,0xFE66,0xFE66,0xFE66,0xFE66,0xFE66,0xFE66,
    0xFE66,0xFE66,0xFE66,0xFE66,0xFE66,0xFE66,0xFE66,0xFE66,0xFE66,0xCCA2,0x0000,0x0000,0x0000,0x0000,
    0x0000,0x0000,0x0000,0xCCA2,0xFE66,0xE249,0xE249,0xE249,0xFE66,0xE249,0xE249,0xE249,0xFE66,0xFE66,
    0xFE66,0xFE66,0xFE66,0xE249,0xE249,0xE249,0xFE66,0xE249,0xE249,0xE249,0xCCA2,0x0000,0x0000,0x0000,
    0x0000,0x0000,0xCCA2,0xFE66,0xE249,0xE249,0xE249,0xE249,0xE249,0xE249,0xE249,0xE249,0xE249,0xFE66,
    0xFE66,0xFE66,0xE249,0xE249,0xE249,0xE249,0xE249,0xE249,0xE249,0xE249,0xE249,0xCCA2,0x0000,0x0000,
    0x0000,0x0000,0xCCA2,0xFE66,0xE249,0xE249,0xE249,0xE249,0xE249,0xE249,0xE249,0xE249,0xE249,0xFE66,
    0xFE66,0xFE66,0xE249,0xE249,0xE249,0xE249,0xE249,0xE249,0xE249,0xE249,0xE249,0xCCA2,0x0000,0x0000,
    0x0000,0x0000,0xCCA2,0xFE66,0xE249,0xE249,0xE249,0xE249,0xE249,0xE249,0xE249,0xE249,0xE249,0xFE66,
    0xFE66,0xFE66,0xE249,0xE249,0xE249,0xE249,0xE249,0xE249,0xE249,0xE249,0xE249,0xCCA2,0x0000,0x0000,
    0x0000,0xCCA2,0xFE66,0xFE66,0xFE66,0xE249,0xE249,0xE249,0xE249,0xE249,0xE249,0xE249,0xFE66,0xFE66,
    0xFE66,0xFE66,0xFE66,0xE249,0xE249,0xE249,0xE249,0xE249,0xE249,0xE249,0xFE66,0xFE66,0xCCA2,0x0000,
    0x0000,0xCCA2,0xFE66,0xFE66,0xFE66,0xFE66,0xE249,0xE249,0xE249,0xE249,0xE249,0xFE66,0xFE66,0xFE66,
    0xFE66,0xFE66,0xFE66,0xFE66,0xE249,0xE249,0xE249,0xE249,0xE249,0xFE66,0xFE66,0xFE66,0xCCA2,0x0000,
    0x0000,0xCCA2,0xFE66,0xFE66,0xFE66,0xFE66,0xFE66,0xE249,0xE249,0xE249,0xFE66,0xFE66,0xFE66,0xFE66,
    0xFE66,0xFE66,0xFE66,0xFE66,0xFE66,0xE249,0xE249,0xE249,0xFE66,0xFE66,0xFE66,0xFE66,0xCCA2,0x0000,
    0x0000,0xCCA2,0xFE66,0xFE66,0xFE66,0xFE66,0xFE66,0xFE66,0xE249,0xFE66,0xFE66,0xFE66,0xFE66,0xFE66,
    0xFE66,0xFE66,0xFE66,0xFE66,0xFE66,0xFE66,0xE249,0xFE66,0xFE66,0xFE66,0xFE66,0xFE66,0xCCA2,0x0000,
    0x0000,0xCCA2,0xFE66,0xFE66,0xFE66,0xFE66,0xFE66,0xFE66,0xFE66,0xFE66,0xFE66,0xFE66,0xFE66,0xFE66,
    0xFE66,0xFE66,0xFE66,0xFE66,0xFE66,0xFE66,0xFE66,0xFE66,0xFE66,0xFE66,0xFE66,0xFE66,0xCCA2,0x0000,
    0x0000,0xCCA2,0xFE66,0xFE66,0xFE66,0xFE66,0xFE66,0xFE66,0xFE66,0xFE66,0xFE66,0xFE66,0xFE66,0xFE66,
    0xFE66,0xFE66,0xFE66,0xFE66,0xFE66,0xFE66,0xFE66,0xFE66,0xFE66,0xFE66,0xFE66,0xFE66,0xCCA2,0x0000,
    0x0000,0x0000,0xCCA2,0xFE66,0xFE66,0xFE66,0xFE66,0x28E1,0x28E1,0x28E1,0xFE66,0xFE66,0xFE66,0xFE66,
    0xFE66,0xFE66,0xFE66,0xFE66,0xFE66,0x28E1,0x28E1,0xFE66,0xFE66,0xFE66,0xFE66,0xCCA2,0x0000,0x0000,
    0x0000,0x0000,0xCCA2,0xFE66,0xFE66,0xFE66,0xFE66,0xFE66,0x28E1,0x28E1,0xFE66,0xFE66,0xFE66,0xFE66,
    0xFE66,0xFE66,0xFE66,0xFE66,0xFE66,0x28E1,0x28E1,0xFE66,0xFE66,0xFE66,0xFE66,0xCCA2,0x0000,0x0000,
    0x0000,0x0000,0xCCA2,0xFE66,0xFE66,0xFE66,0xFE66,0xFE66,0xFE66,0x28E1,0x28E1,0x28E1,0xFE66,0xFE66,
    0xFE66,0xFE66,0xFE66,0x28E1,0x28E1,0x28E1,0xFE66,0xFE66,0xFE66,0xFE66,0xFE66,0xCCA2,0x0000,0x0000,
    0x0000,0x0000,0x0000,0xCCA2,0xFE66,0xFE66,0xFE66,0xFE66,0xFE66,0xFE66,0x28E1,0x28E1,0x28E1,0x28E1,
    0x28E1,0x28E1,0x28E1,0x28E1,0x28E1,0xFE66,0xFE66,0xFE66,0xFE66,0xFE66,0xCCA2,0x0000,0x0000,0x0000,
    0x0000,0x0000,0x0000,0x0000,0xCCA2,0xFE66,0xFE66,0xFE66,0xFE66,0xFE66,0xFE66,0xFE66,0x28E1,0x28E1,
    0x28E1,0x28E1,0x28E1,0xFE66,0xFE66,0xFE66,0xFE66,0xFE66,0xFE66,0xCCA2,0x0000,0x0000,0x0000,0x0000,
    0x0000,0x0000,0x0000,0x0000,0xCCA2,0xFE66,0xFE66,0xFE66,0xFE66,0xFE66,0xFE66,0xFE66,0xFE66,0xFE66,
    0xFE66,0xFE66,0xFE66,0xFE66,0xFE66,0xFE66,0xFE66,0xFE66,0xFE66,0xCCA2,0x0000,0x0000,0x0000,0x0000,
    0x0000,0x0000,0x0000,0x0000,0x0000,0xCCA2,0xCCA2,0xFE66,0xFE66,0xFE66,0xFE66,0xFE66,0xFE66,0xFE66,
    0xFE66,0xFE66,0xFE66,0xFE66,0xFE66,0xFE66,0xFE66,0xCCA2,0xCCA2,0x0000,0x0000,0x0000,0x0000,0x0000,
    0x0000,0x0000,0x0000,0x0000,0x0000,0x0000,0x0000,0xCCA2,0xFE66,0xFE66,0xFE66,0xFE66,0xFE66,0xFE66,
    0xFE66,0xFE66,0xFE66,0xFE66,0xFE66,0xFE66,0xCCA2,0x0000,0x0000,0x0000,0x0000,0x0000,0x0000,0x0000,
    0x0000,0x0000,0x0000,0x0000,0x0000,0x0000,0x0000,0x0000,0xCCA2,0xCCA2,0xCCA2,0xFE66,0xFE66,0xFE66,
    0xFE66,0xFE66,0xFE66,0xCCA2,0xCCA2,0xCCA2,0x0000,0x0000,0x0000,0x0000,0x0000,0x0000,0x0000,0x0000,
    0x0000,0x0000,0x0000,0x0000,0x0000,0x0000,0x0000,0x0000,0x0000,0x0000,0x0000,0xCCA2,0xCCA2,0xCCA2,
    0xCCA2,0xCCA2,0xCCA2,0x0000,0x0000,0x0000,0x0000,0x0000,0x0000,0x0000,0x0000,0x0000,0x0000,0x0000,
    0x0000,0x0000,0x0000,0x0000,0x0000,0x0000,0x0000,0x0000,0x0000,0x0000,0x0000,0x0000,0x0000,0x0000,
    0x0000,0x0000,0x0000,0x0000,0x0000,0x0000,0x0000,0x0000,0x0000,0x0000,0x0000,0x0000,0x0000,0x0000,
};
static const uint8_t kMask_1F60D[] = {
    0x00,0x00,0x00,0x00,0x01,0xF8,0x00,0x00,0xFF,0xF0,0x00,0x1F,0xFF,0x80,0x07,0xFF,
    0xFE,0x00,0xFF,0xFF,0xF0,0x0F,0xFF,0xFF,0x01,0xFF,0xFF,0xF8,0x3F,0xFF,0xFF,0xC3,
    0xFF,0xFF,0xFC,0x3F,0xFF,0xFF,0xC7,0xFF,0xFF,0xFE,0x7F,0xFF,0xFF,0xE7,0xFF,0xFF,
    0xFE,0x7F,0xFF,0xFF,0xE7,0xFF,0xFF,0xFE,0x7F,0xFF,0xFF,0xE3,0xFF,0xFF,0xFC,0x3F,
    0xFF,0xFF,0xC3,0xFF,0xFF,0xFC,0x1F,0xFF,0xFF,0x80,0xFF,0xFF,0xF0,0x0F,0xFF,0xFF,
    0x00,0x7F,0xFF,0xE0,0x01,0xFF,0xF8,0x00,0x0F,0xFF,0x00,0x00,0x1F,0x80,0x00,0x00,
    0x00,0x00,
};

static const uint16_t kPix_1F60E[] = {
    0x0000,0x0000,0x0000,0x0000,0x0000,0x0000,0x0000,0x0000,0x0000,0x0000,0x0000,0x0000,0x0000,0x0000,
    0x0000,0x0000,0x0000,0x0000,0x0000,0x0000,0x0000,0x0000,0x0000,0x0000,0x0000,0x0000,0x0000,0x0000,
    0x0000,0x0000,0x0000,0x0000,0x0000,0x0000,0x0000,0x0000,0x0000,0x0000,0x0000,0xCCA2,0xCCA2,0xCCA2,
    0xCCA2,0xCCA2,0xCCA2,0x0000,0x0000,0x0000,0x0000,0x0000,0x0000,0x0000,0x0000,0x0000,0x0000,0x0000,
    0x0000,0x0000,0x0000,0x0000,0x0000,0x0000,0x0000,0x0000,0xCCA2,0xCCA2,0xCCA2,0xFE66,0xFE66,0xFE66,
    0xFE66,0xFE66,0xFE66,0xCCA2,0xCCA2,0xCCA2,0x0000,0x0000,0x0000,0x0000,0x0000,0x0000,0x0000,0x0000,
    0x0000,0x0000,0x0000,0x0000,0x0000,0x0000,0x0000,0xCCA2,0xFE66,0xFE66,0xFE66,0xFE66,0xFE66,0xFE66,
    0xFE66,0xFE66,0xFE66,0xFE66,0xFE66,0xFE66,0xCCA2,0x0000,0x0000,0x0000,0x0000,0x0000,0x0000,0x0000,
    0x0000,0x0000,0x0000,0x0000,0x0000,0xCCA2,0xCCA2,0xFE66,0xFE66,0xFE66,0xFE66,0xFE66,0xFE66,0xFE66,
    0xFE66,0xFE66,0xFE66,0xFE66,0xFE66,0xFE66,0xFE66,0xCCA2,0xCCA2,0x0000,0x0000,0x0000,0x0000,0x0000,
    0x0000,0x0000,0x0000,0x0000,0xCCA2,0xFE66,0xFE66,0xFE66,0xFE66,0xFE66,0xFE66,0xFE66,0xFE66,0xFE66,
    0xFE66,0xFE66,0xFE66,0xFE66,0xFE66,0xFE66,0xFE66,0xFE66,0xFE66,0xCCA2,0x0000,0x0000,0x0000,0x0000,
    0x0000,0x0000,0x0000,0x0000,0xCCA2,0xFE66,0xFE66,0xFE66,0xFE66,0xFE66,0xFE66,0xFE66,0xFE66,0xFE66,
    0xFE66,0xFE66,0xFE66,0xFE66,0xFE66,0xFE66,0xFE66,0xFE66,0xFE66,0xCCA2,0x0000,0x0000,0x0000,0x0000,
    0x0000,0x0000,0x0000,0xCCA2,0xFE66,0xFE66,0xFE66,0xFE66,0xFE66,0xFE66,0xFE66,0xFE66,0xFE66,0xFE66,
    0xFE66,0xFE66,0xFE66,0xFE66,0xFE66,0xFE66,0xFE66,0xFE66,0xFE66,0xFE66,0xCCA2,0x0000,0x0000,0x0000,
    0x0000,0x0000,0xCCA2,0xFE66,0xFE66,0x18E5,0x18E5,0x18E5,0x18E5,0x18E5,0x18E5,0x18E5,0x18E5,0xFE66,
    0xFE66,0xFE66,0x18E5,0x18E5,0x18E5,0x18E5,0x18E5,0x18E5,0x18E5,0x18E5,0xFE66,0xCCA2,0x0000,0x0000,
    0x0000,0x0000,0xCCA2,0xFE66,0x18E5,0x18E5,0x18E5,0x18E5,0x18E5,0x18E5,0x18E5,0x18E5,0x18E5,0x18E5,
    0xFE66,0x18E5,0x18E5,0x18E5,0x18E5,0x18E5,0x18E5,0x18E5,0x18E5,0x18E5,0x18E5,0xCCA2,0x0000,0x0000,
    0x0000,0x0000,0xCCA2,0xFE66,0x18E5,0x18E5,0x18E5,0x18E5,0x18E5,0x18E5,0x18E5,0x18E5,0x18E5,0x18E5,
    0x18E5,0x18E5,0x18E5,0x18E5,0x18E5,0x18E5,0x18E5,0x18E5,0x18E5,0x18E5,0x18E5,0xCCA2,0x0000,0x0000,
    0x0000,0xCCA2,0xFE66,0xFE66,0x18E5,0x18E5,0x18E5,0x18E5,0x18E5,0x18E5,0x18E5,0x18E5,0x18E5,0x18E5,
    0x18E5,0x18E5,0x18E5,0x18E5,0x18E5,0x18E5,0x18E5,0x18E5,0x18E5,0x18E5,0x18E5,0xFE66,0xCCA2,0x0000,
    0x0000,0xCCA2,0xFE66,0xFE66,0x18E5,0x18E5,0x18E5,0x18E5,0x18E5,0x18E5,0x18E5,0x18E5,0x18E5,0x18E5,
    0xFE66,0x18E5,0x18E5,0x18E5,0x18E5,0x18E5,0x18E5,0x18E5,0x18E5,0x18E5,0x18E5,0xFE66,0xCCA2,0x0000,
    0x0000,0xCCA2,0xFE66,0xFE66,0x18E5,0x18E5,0x18E5,0x18E5,0x18E5,0x18E5,0x18E5,0x18E5,0x18E5,0x18E5,
    0xFE66,0x18E5,0x18E5,0x18E5,0x18E5,0x18E5,0x18E5,0x18E5,0x18E5,0x18E5,0x18E5,0xFE66,0xCCA2,0x0000,
    0x0000,0xCCA2,0xFE66,0xFE66,0xFE66,0x18E5,0x18E5,0x18E5,0x18E5,0x18E5,0x18E5,0x18E5,0x18E5,0xFE66,
    0xFE66,0xFE66,0x18E5,0x18E5,0x18E5,0x18E5,0x18E5,0x18E5,0x18E5,0x18E5,0xFE66,0xFE66,0xCCA2,0x0000,
    0x0000,0xCCA2,0xFE66,0xFE66,0xFE66,0xFE66,0xFE66,0xFE66,0xFE66,0xFE66,0xFE66,0xFE66,0xFE66,0xFE66,
    0xFE66,0xFE66,0xFE66,0xFE66,0xFE66,0xFE66,0xFE66,0xFE66,0xFE66,0xFE66,0xFE66,0xFE66,0xCCA2,0x0000,
    0x0000,0xCCA2,0xFE66,0xFE66,0xFE66,0xFE66,0xFE66,0xFE66,0xFE66,0xFE66,0xFE66,0xFE66,0xFE66,0xFE66,
    0xFE66,0xFE66,0xFE66,0xFE66,0xFE66,0xFE66,0xFE66,0xFE66,0xFE66,0xFE66,0xFE66,0xFE66,0xCCA2,0x0000,
    0x0000,0x0000,0xCCA2,0xFE66,0xFE66,0xFE66,0xFE66,0x28E1,0x28E1,0x28E1,0xFE66,0xFE66,0xFE66,0xFE66,
    0xFE66,0xFE66,0xFE66,0xFE66,0xFE66,0x28E1,0x28E1,0xFE66,0xFE66,0xFE66,0xFE66,0xCCA2,0x0000,0x0000,
    0x0000,0x0000,0xCCA2,0xFE66,0xFE66,0xFE66,0xFE66,0xFE66,0x28E1,0x28E1,0xFE66,0xFE66,0xFE66,0xFE66,
    0xFE66,0xFE66,0xFE66,0xFE66,0xFE66,0x28E1,0x28E1,0xFE66,0xFE66,0xFE66,0xFE66,0xCCA2,0x0000,0x0000,
    0x0000,0x0000,0xCCA2,0xFE66,0xFE66,0xFE66,0xFE66,0xFE66,0xFE66,0x28E1,0x28E1,0x28E1,0xFE66,0xFE66,
    0xFE66,0xFE66,0xFE66,0x28E1,0x28E1,0x28E1,0xFE66,0xFE66,0xFE66,0xFE66,0xFE66,0xCCA2,0x0000,0x0000,
    0x0000,0x0000,0x0000,0xCCA2,0xFE66,0xFE66,0xFE66,0xFE66,0xFE66,0xFE66,0x28E1,0x28E1,0x28E1,0x28E1,
    0x28E1,0x28E1,0x28E1,0x28E1,0x28E1,0xFE66,0xFE66,0xFE66,0xFE66,0xFE66,0xCCA2,0x0000,0x0000,0x0000,
    0x0000,0x0000,0x0000,0x0000,0xCCA2,0xFE66,0xFE66,0xFE66,0xFE66,0xFE66,0xFE66,0xFE66,0x28E1,0x28E1,
    0x28E1,0x28E1,0x28E1,0xFE66,0xFE66,0xFE66,0xFE66,0xFE66,0xFE66,0xCCA2,0x0000,0x0000,0x0000,0x0000,
    0x0000,0x0000,0x0000,0x0000,0xCCA2,0xFE66,0xFE66,0xFE66,0xFE66,0xFE66,0xFE66,0xFE66,0xFE66,0xFE66,
    0xFE66,0xFE66,0xFE66,0xFE66,0xFE66,0xFE66,0xFE66,0xFE66,0xFE66,0xCCA2,0x0000,0x0000,0x0000,0x0000,
    0x0000,0x0000,0x0000,0x0000,0x0000,0xCCA2,0xCCA2,0xFE66,0xFE66,0xFE66,0xFE66,0xFE66,0xFE66,0xFE66,
    0xFE66,0xFE66,0xFE66,0xFE66,0xFE66,0xFE66,0xFE66,0xCCA2,0xCCA2,0x0000,0x0000,0x0000,0x0000,0x0000,
    0x0000,0x0000,0x0000,0x0000,0x0000,0x0000,0x0000,0xCCA2,0xFE66,0xFE66,0xFE66,0xFE66,0xFE66,0xFE66,
    0xFE66,0xFE66,0xFE66,0xFE66,0xFE66,0xFE66,0xCCA2,0x0000,0x0000,0x0000,0x0000,0x0000,0x0000,0x0000,
    0x0000,0x0000,0x0000,0x0000,0x0000,0x0000,0x0000,0x0000,0xCCA2,0xCCA2,0xCCA2,0xFE66,0xFE66,0xFE66,
    0xFE66,0xFE66,0xFE66,0xCCA2,0xCCA2,0xCCA2,0x0000,0x0000,0x0000,0x0000,0x0000,0x0000,0x0000,0x0000,
    0x0000,0x0000,0x0000,0x0000,0x0000,0x0000,0x0000,0x0000,0x0000,0x0000,0x0000,0xCCA2,0xCCA2,0xCCA2,
    0xCCA2,0xCCA2,0xCCA2,0x0000,0x0000,0x0000,0x0000,0x0000,0x0000,0x0000,0x0000,0x0000,0x0000,0x0000,
    0x0000,0x0000,0x0000,0x0000,0x0000,0x0000,0x0000,0x0000,0x0000,0x0000,0x0000,0x0000,0x0000,0x0000,
    0x0000,0x0000,0x0000,0x0000,0x0000,0x0000,0x0000,0x0000,0x0000,0x0000,0x0000,0x0000,0x0000,0x0000,
};
static const uint8_t kMask_1F60E[] = {
    0x00,0x00,0x00,0x00,0x01,0xF8,0x00,0x00,0xFF,0xF0,0x00,0x1F,0xFF,0x80,0x07,0xFF,
    0xFE,0x00,0xFF,0xFF,0xF0,0x0F,0xFF,0xFF,0x01,0xFF,0xFF,0xF8,0x3F,0xFF,0xFF,0xC3,
    0xFF,0xFF,0xFC,0x3F,0xFF,0xFF,0xC7,0xFF,0xFF,0xFE,0x7F,0xFF,0xFF,0xE7,0xFF,0xFF,
    0xFE,0x7F,0xFF,0xFF,0xE7,0xFF,0xFF,0xFE,0x7F,0xFF,0xFF,0xE3,0xFF,0xFF,0xFC,0x3F,
    0xFF,0xFF,0xC3,0xFF,0xFF,0xFC,0x1F,0xFF,0xFF,0x80,0xFF,0xFF,0xF0,0x0F,0xFF,0xFF,
    0x00,0x7F,0xFF,0xE0,0x01,0xFF,0xF8,0x00,0x0F,0xFF,0x00,0x00,0x1F,0x80,0x00,0x00,
    0x00,0x00,
};

static const uint16_t kPix_1F914[] = {
    0x0000,0x0000,0x0000,0x0000,0x0000,0x0000,0x0000,0x0000,0x0000,0x0000,0x0000,0x0000,0x0000,0x0000,
    0x0000,0x0000,0x0000,0x0000,0x0000,0x0000,0x0000,0x0000,0x0000,0x0000,0x0000,0x0000,0x0000,0x0000,
    0x0000,0x0000,0x0000,0x0000,0x0000,0x0000,0x0000,0x0000,0x0000,0x0000,0x0000,0xCCA2,0xCCA2,0xCCA2,
    0xCCA2,0xCCA2,0xCCA2,0x0000,0x0000,0x0000,0x0000,0x0000,0x0000,0x0000,0x0000,0x0000,0x0000,0x0000,
    0x0000,0x0000,0x0000,0x0000,0x0000,0x0000,0x0000,0x0000,0xCCA2,0xCCA2,0xCCA2,0xFE66,0xFE66,0xFE66,
    0xFE66,0xFE66,0xFE66,0xCCA2,0xCCA2,0xCCA2,0x0000,0x0000,0x0000,0x0000,0x0000,0x0000,0x0000,0x0000,
    0x0000,0x0000,0x0000,0x0000,0x0000,0x0000,0x0000,0xCCA2,0xFE66,0xFE66,0xFE66,0xFE66,0xFE66,0xFE66,
    0xFE66,0xFE66,0xFE66,0xFE66,0xFE66,0xFE66,0xCCA2,0x0000,0x0000,0x0000,0x0000,0x0000,0x0000,0x0000,
    0x0000,0x0000,0x0000,0x0000,0x0000,0xCCA2,0xCCA2,0xFE66,0xFE66,0xFE66,0xFE66,0xFE66,0xFE66,0xFE66,
    0xFE66,0xFE66,0xFE66,0xFE66,0xFE66,0xFE66,0xFE66,0xCCA2,0xCCA2,0x0000,0x0000,0x0000,0x0000,0x0000,
    0x0000,0x0000,0x0000,0x0000,0xCCA2,0xFE66,0xFE66,0xFE66,0xFE66,0xFE66,0xFE66,0xFE66,0xFE66,0xFE66,
    0xFE66,0xFE66,0xFE66,0xFE66,0xFE66,0xFE66,0xFE66,0xFE66,0xFE66,0xCCA2,0x0000,0x0000,0x0000,0x0000,
    0x0000,0x0000,0x0000,0x0000,0xCCA2,0xFE66,0xFE66,0xFE66,0xFE66,0xFE66,0xFE66,0xFE66,0xFE66,0xFE66,
    0xFE66,0xFE66,0xFE66,0xFE66,0xFE66,0xFE66,0xFE66,0xFE66,0xFE66,0xCCA2,0x0000,0x0000,0x0000,0x0000,
    0x0000,0x0000,0x0000,0xCCA2,0xFE66,0xFE66,0xFE66,0xFE66,0xFE66,0xFE66,0xFE66,0xFE66,0xFE66,0xFE66,
    0xFE66,0xFE66,0xFE66,0xFE66,0xFE66,0xFE66,0xFE66,0xFE66,0xFE66,0xFE66,0xCCA2,0x0000,0x0000,0x0000,
    0x0000,0x0000,0xCCA2,0xFE66,0xFE66,0xFE66,0xFE66,0x28E1,0x28E1,0x28E1,0xFE66,0xFE66,0xFE66,0xFE66,
    0xFE66,0xFE66,0xFE66,0xFE66,0xFE66,0x28E1,0x28E1,0x28E1,0xFE66,0xFE66,0xFE66,0xCCA2,0x0000,0x0000,
    0x0000,0x0000,0xCCA2,0xFE66,0xFE66,0xFE66,0x28E1,0x28E1,0x28E1,0x28E1,0x28E1,0xFE66,0xFE66,0xFE66,
    0xFE66,0xFE66,0xFE66,0xFE66,0x28E1,0x28E1,0x28E1,0x28E1,0x28E1,0xFE66,0xFE66,0xCCA2,0x0000,0x0000,
    0x0000,0x0000,0xCCA2,0xFE66,0xFE66,0xFE66,0x28E1,0x28E1,0x28E1,0x28E1,0x28E1,0xFE66,0xFE66,0xFE66,
    0xFE66,0xFE66,0xFE66,0xFE66,0x28E1,0x28E1,0x28E1,0x28E1,0x28E1,0xFE66,0xFE66,0xCCA2,0x0000,0x0000,
    0x0000,0xCCA2,0xFE66,0xFE66,0xFE66,0xFE66,0x28E1,0x28E1,0x28E1,0x28E1,0x28E1,0xFE66,0xFE66,0xFE66,
    0xFE66,0xFE66,0xFE66,0xFE66,0x28E1,0x28E1,0x28E1,0x28E1,0x28E1,0xFE66,0xFE66,0xFE66,0xCCA2,0x0000,
    0x0000,0xCCA2,0xFE66,0xFE66,0xFE66,0xFE66,0xFE66,0x28E1,0x28E1,0x28E1,0xFE66,0xFE66,0xFE66,0xFE66,
    0xFE66,0xFE66,0xFE66,0xFE66,0xFE66,0x28E1,0x28E1,0x28E1,0xFE66,0xFE66,0xFE66,0xFE66,0xCCA2,0x0000,
    0x0000,0xCCA2,0xFE66,0xFE66,0xFE66,0xFE66,0xFE66,0xFE66,0xFE66,0xFE66,0xFE66,0xFE66,0xFE66,0xFE66,
    0xFE66,0xFE66,0xFE66,0xFE66,0xFE66,0xFE66,0xFE66,0xFE66,0xFE66,0xFE66,0xFE66,0xFE66,0xCCA2,0x0000,
    0x0000,0xCCA2,0xFE66,0xFE66,0xFE66,0xFE66,0xFE66,0xFE66,0xFE66,0xFE66,0xFE66,0xFE66,0xFE66,0xFE66,
    0xFE66,0xFE66,0xFE66,0xFE66,0xFE66,0xFE66,0xFE66,0xFE66,0xFE66,0xFE66,0xFE66,0xFE66,0xCCA2,0x0000,
    0x0000,0xCCA2,0xFE66,0xFE66,0xFE66,0xFE66,0xFE66,0xFE66,0xFE66,0xFE66,0xFE66,0xFE66,0xFE66,0xFE66,
    0xFE66,0xFE66,0xFE66,0xFE66,0xFE66,0xFE66,0xFE66,0xFE66,0xFE66,0xFE66,0xFE66,0xFE66,0xCCA2,0x0000,
    0x0000,0xCCA2,0xFE66,0xFE66,0xFE66,0xFE66,0xFE66,0xFE66,0xFE66,0xFE66,0xFE66,0xFE66,0xFE66,0xFE66,
    0xFE66,0xFE66,0xFE66,0xFE66,0xFE66,0xFE66,0xFE66,0xFE66,0xFE66,0xFE66,0xFE66,0xFE66,0xCCA2,0x0000,
    0x0000,0x0000,0xCCA2,0xFE66,0xFE66,0xFE66,0xFE66,0xFE66,0xFE66,0xFE66,0xFE66,0xFE66,0xFE66,0xFE66,
    0xFE66,0xFE66,0xFE66,0xCCA2,0xCCA2,0xCCA2,0xCCA2,0xCCA2,0xFE66,0xFE66,0xFE66,0xCCA2,0x0000,0x0000,
    0x0000,0x0000,0xCCA2,0xFE66,0xFE66,0xFE66,0xFE66,0xFE66,0xFE66,0xFE66,0xFE66,0xFE66,0xFE66,0x28E1,
    0x28E1,0x28E1,0xCCA2,0xEDA5,0xEDA5,0xFE66,0xEDA5,0xEDA5,0xCCA2,0xFE66,0xFE66,0xCCA2,0x0000,0x0000,
    0x0000,0x0000,0xCCA2,0xFE66,0xFE66,0xFE66,0xFE66,0xFE66,0xFE66,0x28E1,0x28E1,0x28E1,0x28E1,0x28E1,
    0xFE66,0xFE66,0xCCA2,0xEDA5,0xEDA5,0xFE66,0xEDA5,0xEDA5,0xCCA2,0xFE66,0xFE66,0xCCA2,0x0000,0x0000,
    0x0000,0x0000,0x0000,0xCCA2,0xFE66,0xFE66,0xFE66,0xFE66,0xFE66,0x28E1,0xFE66,0xFE66,0xFE66,0xFE66,
    0xFE66,0xFE66,0xCCA2,0xEDA5,0xEDA5,0xFE66,0xEDA5,0xEDA5,0xCCA2,0xFE66,0xCCA2,0x0000,0x0000,0x0000,
    0x0000,0x0000,0x0000,0x0000,0xCCA2,0xFE66,0xFE66,0xFE66,0xFE66,0xFE66,0xFE66,0xFE66,0xFE66,0xFE66,
    0xFE66,0xFE66,0xCCA2,0xEDA5,0xEDA5,0xFE66,0xEDA5,0xEDA5,0xCCA2,0xCCA2,0x0000,0x0000,0x0000,0x0000,
    0x0000,0x0000,0x0000,0x0000,0xCCA2,0xFE66,0xFE66,0xFE66,0xFE66,0xFE66,0xFE66,0xFE66,0xFE66,0xFE66,
    0xFE66,0xFE66,0xCCA2,0xEDA5,0xEDA5,0xFE66,0xEDA5,0xEDA5,0xCCA2,0xCCA2,0x0000,0x0000,0x0000,0x0000,
    0x0000,0x0000,0x0000,0x0000,0x0000,0xCCA2,0xCCA2,0xFE66,0xFE66,0xFE66,0xFE66,0xFE66,0xFE66,0xFE66,
    0xFE66,0xFE66,0xCCA2,0xEDA5,0xEDA5,0xFE66,0xEDA5,0xEDA5,0xCCA2,0x0000,0x0000,0x0000,0x0000,0x0000,
    0x0000,0x0000,0x0000,0x0000,0x0000,0x0000,0x0000,0xCCA2,0xFE66,0xFE66,0xFE66,0xFE66,0xFE66,0xFE66,
    0xFE66,0xFE66,0xCCA2,0xEDA5,0xEDA5,0xFE66,0xEDA5,0xEDA5,0xCCA2,0x0000,0x0000,0x0000,0x0000,0x0000,
    0x0000,0x0000,0x0000,0x0000,0x0000,0x0000,0x0000,0x0000,0xCCA2,0xCCA2,0xCCA2,0xFE66,0xFE66,0xFE66,
    0xFE66,0xFE66,0xCCA2,0xEDA5,0xEDA5,0xCCA2,0xEDA5,0xEDA5,0xCCA2,0x0000,0x0000,0x0000,0x0000,0x0000,
    0x0000,0x0000,0x0000,0x0000,0x0000,0x0000,0x0000,0x0000,0x0000,0x0000,0x0000,0xCCA2,0xCCA2,0xCCA2,
    0xCCA2,0xCCA2,0xCCA2,0xCCA2,0xCCA2,0xCCA2,0xCCA2,0xCCA2,0x0000,0x0000,0x0000,0x0000,0x0000,0x0000,
    0x0000,0x0000,0x0000,0x0000,0x0000,0x0000,0x0000,0x0000,0x0000,0x0000,0x0000,0x0000,0x0000,0x0000,
    0x0000,0x0000,0x0000,0x0000,0x0000,0x0000,0x0000,0x0000,0x0000,0x0000,0x0000,0x0000,0x0000,0x0000,
};
static const uint8_t kMask_1F914[] = {
    0x00,0x00,0x00,0x00,0x01,0xF8,0x00,0x00,0xFF,0xF0,0x00,0x1F,0xFF,0x80,0x07,0xFF,
    0xFE,0x00,0xFF,0xFF,0xF0,0x0F,0xFF,0xFF,0x01,0xFF,0xFF,0xF8,0x3F,0xFF,0xFF,0xC3,
    0xFF,0xFF,0xFC,0x3F,0xFF,0xFF,0xC7,0xFF,0xFF,0xFE,0x7F,0xFF,0xFF,0xE7,0xFF,0xFF,
    0xFE,0x7F,0xFF,0xFF,0xE7,0xFF,0xFF,0xFE,0x7F,0xFF,0xFF,0xE3,0xFF,0xFF,0xFC,0x3F,
    0xFF,0xFF,0xC3,0xFF,0xFF,0xFC,0x1F,0xFF,0xFF,0x80,0xFF,0xFF,0xF0,0x0F,0xFF,0xFF,
    0x00,0x7F,0xFF,0xE0,0x01,0xFF,0xFE,0x00,0x0F,0xFF,0xE0,0x00,0x1F,0xFC,0x00,0x00,
    0x00,0x00,
};

static const uint16_t kPix_1F614[] = {
    0x0000,0x0000,0x0000,0x0000,0x0000,0x0000,0x0000,0x0000,0x0000,0x0000,0x0000,0x0000,0x0000,0x0000,
    0x0000,0x0000,0x0000,0x0000,0x0000,0x0000,0x0000,0x0000,0x0000,0x0000,0x0000,0x0000,0x0000,0x0000,
    0x0000,0x0000,0x0000,0x0000,0x0000,0x0000,0x0000,0x0000,0x0000,0x0000,0x0000,0xCCA2,0xCCA2,0xCCA2,
    0xCCA2,0xCCA2,0xCCA2,0x0000,0x0000,0x0000,0x0000,0x0000,0x0000,0x0000,0x0000,0x0000,0x0000,0x0000,
    0x0000,0x0000,0x0000,0x0000,0x0000,0x0000,0x0000,0x0000,0xCCA2,0xCCA2,0xCCA2,0xFE66,0xFE66,0xFE66,
    0xFE66,0xFE66,0xFE66,0xCCA2,0xCCA2,0xCCA2,0x0000,0x0000,0x0000,0x0000,0x0000,0x0000,0x0000,0x0000,
    0x0000,0x0000,0x0000,0x0000,0x0000,0x0000,0x0000,0xCCA2,0xFE66,0xFE66,0xFE66,0xFE66,0xFE66,0xFE66,
    0xFE66,0xFE66,0xFE66,0xFE66,0xFE66,0xFE66,0xCCA2,0x0000,0x0000,0x0000,0x0000,0x0000,0x0000,0x0000,
    0x0000,0x0000,0x0000,0x0000,0x0000,0xCCA2,0xCCA2,0xFE66,0xFE66,0xFE66,0xFE66,0xFE66,0xFE66,0xFE66,
    0xFE66,0xFE66,0xFE66,0xFE66,0xFE66,0xFE66,0xFE66,0xCCA2,0xCCA2,0x0000,0x0000,0x0000,0x0000,0x0000,
    0x0000,0x0000,0x0000,0x0000,0xCCA2,0xFE66,0xFE66,0xFE66,0xFE66,0xFE66,0xFE66,0xFE66,0xFE66,0xFE66,
    0xFE66,0xFE66,0xFE66,0xFE66,0xFE66,0xFE66,0xFE66,0xFE66,0xFE66,0xCCA2,0x0000,0x0000,0x0000,0x0000,
    0x0000,0x0000,0x0000,0x0000,0xCCA2,0xFE66,0xFE66,0xFE66,0xFE66,0xFE66,0xFE66,0xFE66,0xFE66,0xFE66,
    0xFE66,0xFE66,0xFE66,0xFE66,0xFE66,0xFE66,0xFE66,0xFE66,0xFE66,0xCCA2,0x0000,0x0000,0x0000,0x0000,
    0x0000,0x0000,0x0000,0xCCA2,0xFE66,0xFE66,0xFE66,0xFE66,0xFE66,0xFE66,0xFE66,0xFE66,0xFE66,0xFE66,
    0xFE66,0xFE66,0xFE66,0xFE66,0xFE66,0xFE66,0xFE66,0xFE66,0xFE66,0xFE66,0xCCA2,0x0000,0x0000,0x0000,
    0x0000,0x0000,0xCCA2,0xFE66,0xFE66,0xFE66,0xFE66,0x28E1,0x28E1,0x28E1,0xFE66,0xFE66,0xFE66,0xFE66,
    0xFE66,0xFE66,0xFE66,0xFE66,0xFE66,0x28E1,0x28E1,0x28E1,0xFE66,0xFE66,0xFE66,0xCCA2,0x0000,0x0000,
    0x0000,0x0000,0xCCA2,0xFE66,0xFE66,0xFE66,0x28E1,0x28E1,0x28E1,0x28E1,0x28E1,0xFE66,0xFE66,0xFE66,
    0xFE66,0xFE66,0xFE66,0xFE66,0x28E1,0x28E1,0x28E1,0x28E1,0x28E1,0xFE66,0xFE66,0xCCA2,0x0000,0x0000,
    0x0000,0x0000,0xCCA2,0xFE66,0xFE66,0xFE66,0x28E1,0x28E1,0x28E1,0x28E1,0x28E1,0xFE66,0xFE66,0xFE66,
    0xFE66,0xFE66,0xFE66,0xFE66,0x28E1,0x28E1,0x28E1,0x28E1,0x28E1,0xFE66,0xFE66,0xCCA2,0x0000,0x0000,
    0x0000,0xCCA2,0xFE66,0xFE66,0xFE66,0xFE66,0x28E1,0x28E1,0x28E1,0x28E1,0x28E1,0xFE66,0xFE66,0xFE66,
    0xFE66,0xFE66,0xFE66,0xFE66,0x28E1,0x28E1,0x28E1,0x28E1,0x28E1,0xFE66,0xFE66,0xFE66,0xCCA2,0x0000,
    0x0000,0xCCA2,0xFE66,0xFE66,0xFE66,0xFE66,0xFE66,0x28E1,0x28E1,0x28E1,0xFE66,0xFE66,0xFE66,0xFE66,
    0xFE66,0xFE66,0xFE66,0xFE66,0xFE66,0x28E1,0x28E1,0x28E1,0xFE66,0xFE66,0xFE66,0xFE66,0xCCA2,0x0000,
    0x0000,0xCCA2,0xFE66,0xFE66,0xFE66,0xFE66,0xFE66,0xFE66,0xFE66,0xFE66,0xFE66,0xFE66,0x28E1,0x28E1,
    0x28E1,0x28E1,0x28E1,0xFE66,0xFE66,0xFE66,0xFE66,0xFE66,0xFE66,0xFE66,0xFE66,0xFE66,0xCCA2,0x0000,
    0x0000,0xCCA2,0xFE66,0xFE66,0xFE66,0xFE66,0xFE66,0xFE66,0xFE66,0xFE66,0x28E1,0x28E1,0x28E1,0x28E1,
    0x28E1,0x28E1,0x28E1,0x28E1,0x28E1,0xFE66,0xFE66,0xFE66,0xFE66,0xFE66,0xFE66,0xFE66,0xCCA2,0x0000,
    0x0000,0xCCA2,0xFE66,0xFE66,0xFE66,0xFE66,0xFE66,0xFE66,0xFE66,0x28E1,0x28E1,0x28E1,0xFE66,0xFE66,
    0xFE66,0xFE66,0xFE66,0x28E1,0x28E1,0x28E1,0xFE66,0xFE66,0xFE66,0xFE66,0xFE66,0xFE66,0xCCA2,0x0000,
    0x0000,0xCCA2,0xFE66,0xFE66,0xFE66,0xFE66,0xFE66,0xFE66,0x28E1,0x28E1,0xFE66,0xFE66,0xFE66,0xFE66,
    0xFE66,0xFE66,0xFE66,0xFE66,0xFE66,0x28E1,0x28E1,0xFE66,0xFE66,0xFE66,0xFE66,0xFE66,0xCCA2,0x0000,
    0x0000,0x0000,0xCCA2,0xFE66,0xFE66,0xFE66,0xFE66,0x28E1,0x28E1,0x28E1,0xFE66,0xFE66,0xFE66,0xFE66,
    0xFE66,0xFE66,0xFE66,0xFE66,0xFE66,0x28E1,0x28E1,0xFE66,0xFE66,0xFE66,0xFE66,0xCCA2,0x0000,0x0000,
    0x0000,0x0000,0xCCA2,0xFE66,0xFE66,0xFE66,0xFE66,0xFE66,0xFE66,0xFE66,0xFE66,0xFE66,0xFE66,0xFE66,
    0xFE66,0xFE66,0xFE66,0xFE66,0xFE66,0xFE66,0xFE66,0xFE66,0xFE66,0xFE66,0xFE66,0xCCA2,0x0000,0x0000,
    0x0000,0x0000,0xCCA2,0xFE66,0xFE66,0xFE66,0xFE66,0xFE66,0xFE66,0xFE66,0xFE66,0xFE66,0xFE66,0xFE66,
    0xFE66,0xFE66,0xFE66,0xFE66,0xFE66,0xFE66,0xFE66,0xFE66,0xFE66,0xFE66,0xFE66,0xCCA2,0x0000,0x0000,
    0x0000,0x0000,0x0000,0xCCA2,0xFE66,0xFE66,0xFE66,0xFE66,0xFE66,0xFE66,0xFE66,0xFE66,0xFE66,0xFE66,
    0xFE66,0xFE66,0xFE66,0xFE66,0xFE66,0xFE66,0xFE66,0xFE66,0xFE66,0xFE66,0xCCA2,0x0000,0x0000,0x0000,
    0x0000,0x0000,0x0000,0x0000,0xCCA2,0xFE66,0xFE66,0xFE66,0xFE66,0xFE66,0xFE66,0xFE66,0xFE66,0xFE66,
    0xFE66,0xFE66,0xFE66,0xFE66,0xFE66,0xFE66,0xFE66,0xFE66,0xFE66,0xCCA2,0x0000,0x0000,0x0000,0x0000,
    0x0000,0x0000,0x0000,0x0000,0xCCA2,0xFE66,0xFE66,0xFE66,0xFE66,0xFE66,0xFE66,0xFE66,0xFE66,0xFE66,
    0xFE66,0xFE66,0xFE66,0xFE66,0xFE66,0xFE66,0xFE66,0xFE66,0xFE66,0xCCA2,0x0000,0x0000,0x0000,0x0000,
    0x0000,0x0000,0x0000,0x0000,0x0000,0xCCA2,0xCCA2,0xFE66,0xFE66,0xFE66,0xFE66,0xFE66,0xFE66,0xFE66,
    0xFE66,0xFE66,0xFE66,0xFE66,0xFE66,0xFE66,0xFE66,0xCCA2,0xCCA2,0x0000,0x0000,0x0000,0x0000,0x0000,
    0x0000,0x0000,0x0000,0x0000,0x0000,0x0000,0x0000,0xCCA2,0xFE66,0xFE66,0xFE66,0xFE66,0xFE66,0xFE66,
    0xFE66,0xFE66,0xFE66,0xFE66,0xFE66,0xFE66,0xCCA2,0x0000,0x0000,0x0000,0x0000,0x0000,0x0000,0x0000,
    0x0000,0x0000,0x0000,0x0000,0x0000,0x0000,0x0000,0x0000,0xCCA2,0xCCA2,0xCCA2,0xFE66,0xFE66,0xFE66,
    0xFE66,0xFE66,0xFE66,0xCCA2,0xCCA2,0xCCA2,0x0000,0x0000,0x0000,0x0000,0x0000,0x0000,0x0000,0x0000,
    0x0000,0x0000,0x0000,0x0000,0x0000,0x0000,0x0000,0x0000,0x0000,0x0000,0x0000,0xCCA2,0xCCA2,0xCCA2,
    0xCCA2,0xCCA2,0xCCA2,0x0000,0x0000,0x0000,0x0000,0x0000,0x0000,0x0000,0x0000,0x0000,0x0000,0x0000,
    0x0000,0x0000,0x0000,0x0000,0x0000,0x0000,0x0000,0x0000,0x0000,0x0000,0x0000,0x0000,0x0000,0x0000,
    0x0000,0x0000,0x0000,0x0000,0x0000,0x0000,0x0000,0x0000,0x0000,0x0000,0x0000,0x0000,0x0000,0x0000,
};
static const uint8_t kMask_1F614[] = {
    0x00,0x00,0x00,0x00,0x01,0xF8,0x00,0x00,0xFF,0xF0,0x00,0x1F,0xFF,0x80,0x07,0xFF,
    0xFE,0x00,0xFF,0xFF,0xF0,0x0F,0xFF,0xFF,0x01,0xFF,0xFF,0xF8,0x3F,0xFF,0xFF,0xC3,
    0xFF,0xFF,0xFC,0x3F,0xFF,0xFF,0xC7,0xFF,0xFF,0xFE,0x7F,0xFF,0xFF,0xE7,0xFF,0xFF,
    0xFE,0x7F,0xFF,0xFF,0xE7,0xFF,0xFF,0xFE,0x7F,0xFF,0xFF,0xE3,0xFF,0xFF,0xFC,0x3F,
    0xFF,0xFF,0xC3,0xFF,0xFF,0xFC,0x1F,0xFF,0xFF,0x80,0xFF,0xFF,0xF0,0x0F,0xFF,0xFF,
    0x00,0x7F,0xFF,0xE0,0x01,0xFF,0xF8,0x00,0x0F,0xFF,0x00,0x00,0x1F,0x80,0x00,0x00,
    0x00,0x00,
};

static const uint16_t kPix_1F622[] = {
    0x0000,0x0000,0x0000,0x0000,0x0000,0x0000,0x0000,0x0000,0x0000,0x0000,0x0000,0x0000,0x0000,0x0000,
    0x0000,0x0000,0x0000,0x0000,0x0000,0x0000,0x0000,0x0000,0x0000,0x0000,0x0000,0x0000,0x0000,0x0000,
    0x0000,0x0000,0x0000,0x0000,0x0000,0x0000,0x0000,0x0000,0x0000,0x0000,0x0000,0xCCA2,0xCCA2,0xCCA2,
    0xCCA2,0xCCA2,0xCCA2,0x0000,0x0000,0x0000,0x0000,0x0000,0x0000,0x0000,0x0000,0x0000,0x0000,0x0000,
    0x0000,0x0000,0x0000,0x0000,0x0000,0x0000,0x0000,0x0000,0xCCA2,0xCCA2,0xCCA2,0xFE66,0xFE66,0xFE66,
    0xFE66,0xFE66,0xFE66,0xCCA2,0xCCA2,0xCCA2,0x0000,0x0000,0x0000,0x0000,0x0000,0x0000,0x0000,0x0000,
    0x0000,0x0000,0x0000,0x0000,0x0000,0x0000,0x0000,0xCCA2,0xFE66,0xFE66,0xFE66,0xFE66,0xFE66,0xFE66,
    0xFE66,0xFE66,0xFE66,0xFE66,0xFE66,0xFE66,0xCCA2,0x0000,0x0000,0x0000,0x0000,0x0000,0x0000,0x0000,
    0x0000,0x0000,0x0000,0x0000,0x0000,0xCCA2,0xCCA2,0xFE66,0xFE66,0xFE66,0xFE66,0xFE66,0xFE66,0xFE66,
    0xFE66,0xFE66,0xFE66,0xFE66,0xFE66,0xFE66,0xFE66,0xCCA2,0xCCA2,0x0000,0x0000,0x0000,0x0000,0x0000,
    0x0000,0x0000,0x0000,0x0000,0xCCA2,0xFE66,0xFE66,0xFE66,0xFE66,0xFE66,0xFE66,0xFE66,0xFE66,0xFE66,
    0xFE66,0xFE66,0xFE66,0xFE66,0xFE66,0xFE66,0xFE66,0xFE66,0xFE66,0xCCA2,0x0000,0x0000,0x0000,0x0000,
    0x0000,0x0000,0x0000,0x0000,0xCCA2,0xFE66,0xFE66,0xFE66,0xFE66,0xFE66,0xFE66,0xFE66,0xFE66,0xFE66,
    0xFE66,0xFE66,0xFE66,0xFE66,0xFE66,0xFE66,0xFE66,0xFE66,0xFE66,0xCCA2,0x0000,0x0000,0x0000,0x0000,
    0x0000,0x0000,0x0000,0xCCA2,0xFE66,0xFE66,0xFE66,0xFE66,0xFE66,0xFE66,0xFE66,0xFE66,0xFE66,0xFE66,
    0xFE66,0xFE66,0xFE66,0xFE66,0xFE66,0xFE66,0xFE66,0xFE66,0xFE66,0xFE66,0xCCA2,0x0000,0x0000,0x0000,
    0x0000,0x0000,0xCCA2,0xFE66,0xFE66,0xFE66,0xFE66,0x28E1,0x28E1,0x28E1,0xFE66,0xFE66,0xFE66,0xFE66,
    0xFE66,0xFE66,0xFE66,0xFE66,0xFE66,0x28E1,0x28E1,0x28E1,0xFE66,0xFE66,0xFE66,0xCCA2,0x0000,0x0000,
    0x0000,0x0000,0xCCA2,0xFE66,0xFE66,0xFE66,0x28E1,0x28E1,0x28E1,0x28E1,0x28E1,0xFE66,0xFE66,0xFE66,
    0xFE66,0xFE66,0xFE66,0xFE66,0x28E1,0x28E1,0x28E1,0x28E1,0x28E1,0xFE66,0xFE66,0xCCA2,0x0000,0x0000,
    0x0000,0x0000,0xCCA2,0xFE66,0xFE66,0xFE66,0x28E1,0x28E1,0x28E1,0x28E1,0x28E1,0xFE66,0xFE66,0xFE66,
    0xFE66,0xFE66,0xFE66,0xFE66,0x28E1,0x28E1,0x28E1,0x28E1,0x28E1,0xFE66,0xFE66,0xCCA2,0x0000,0x0000,
    0x0000,0xCCA2,0xFE66,0xFE66,0xFE66,0xFE66,0x28E1,0x28E1,0x28E1,0x28E1,0x28E1,0xFE66,0xFE66,0xFE66,
    0xFE66,0xFE66,0xFE66,0xFE66,0x28E1,0x28E1,0x28E1,0x28E1,0x28E1,0xFE66,0xFE66,0xFE66,0xCCA2,0x0000,
    0x0000,0xCCA2,0xFE66,0xFE66,0xFE66,0xFE66,0xFE66,0x28E1,0x5D5F,0x28E1,0xFE66,0xFE66,0xFE66,0xFE66,
    0xFE66,0xFE66,0xFE66,0xFE66,0xFE66,0x28E1,0x28E1,0x28E1,0xFE66,0xFE66,0xFE66,0xFE66,0xCCA2,0x0000,
    0x0000,0xCCA2,0xFE66,0xFE66,0xFE66,0xFE66,0xFE66,0x5D5F,0x5D5F,0x5D5F,0xFE66,0xFE66,0x28E1,0x28E1,
    0x28E1,0x28E1,0x28E1,0xFE66,0xFE66,0xFE66,0xFE66,0xFE66,0xFE66,0xFE66,0xFE66,0xFE66,0xCCA2,0x0000,
    0x0000,0xCCA2,0xFE66,0xFE66,0xFE66,0xFE66,0x5D5F,0x5D5F,0x5D5F,0x5D5F,0x5D5F,0x28E1,0x28E1,0x28E1,
    0x28E1,0x28E1,0x28E1,0x28E1,0x28E1,0xFE66,0xFE66,0xFE66,0xFE66,0xFE66,0xFE66,0xFE66,0xCCA2,0x0000,
    0x0000,0xCCA2,0xFE66,0xFE66,0xFE66,0xFE66,0x5D5F,0x5D5F,0x5D5F,0x5D5F,0x5D5F,0x28E1,0xFE66,0xFE66,
    0xFE66,0xFE66,0xFE66,0x28E1,0x28E1,0x28E1,0xFE66,0xFE66,0xFE66,0xFE66,0xFE66,0xFE66,0xCCA2,0x0000,
    0x0000,0xCCA2,0xFE66,0xFE66,0xFE66,0xFE66,0x5D5F,0x5D5F,0x5D5F,0x5D5F,0x5D5F,0xFE66,0xFE66,0xFE66,
    0xFE66,0xFE66,0xFE66,0xFE66,0xFE66,0x28E1,0x28E1,0xFE66,0xFE66,0xFE66,0xFE66,0xFE66,0xCCA2,0x0000,
    0x0000,0x0000,0xCCA2,0xFE66,0xFE66,0xFE66,0x5D5F,0x5D5F,0x5D5F,0x5D5F,0x5D5F,0xFE66,0xFE66,0xFE66,
    0xFE66,0xFE66,0xFE66,0xFE66,0xFE66,0x28E1,0x28E1,0xFE66,0xFE66,0xFE66,0xFE66,0xCCA2,0x0000,0x0000,
    0x0000,0x0000,0xCCA2,0xFE66,0xFE66,0xFE66,0x5D5F,0x5D5F,0x5D5F,0x5D5F,0x5D5F,0xFE66,0xFE66,0xFE66,
    0xFE66,0xFE66,0xFE66,0xFE66,0xFE66,0xFE66,0xFE66,0xFE66,0xFE66,0xFE66,0xFE66,0xCCA2,0x0000,0x0000,
    0x0000,0x0000,0xCCA2,0xFE66,0xFE66,0xFE66,0xFE66,0x5D5F,0x5D5F,0x5D5F,0xFE66,0xFE66,0xFE66,0xFE66,
    0xFE66,0xFE66,0xFE66,0xFE66,0xFE66,0xFE66,0xFE66,0xFE66,0xFE66,0xFE66,0xFE66,0xCCA2,0x0000,0x0000,
    0x0000,0x0000,0x0000,0xCCA2,0xFE66,0xFE66,0xFE66,0xFE66,0x5D5F,0xFE66,0xFE66,0xFE66,0xFE66,0xFE66,
    0xFE66,0xFE66,0xFE66,0xFE66,0xFE66,0xFE66,0xFE66,0xFE66,0xFE66,0xFE66,0xCCA2,0x0000,0x0000,0x0000,
    0x0000,0x0000,0x0000,0x0000,0xCCA2,0xFE66,0xFE66,0xFE66,0xFE66,0xFE66,0xFE66,0xFE66,0xFE66,0xFE66,
    0xFE66,0xFE66,0xFE66,0xFE66,0xFE66,0xFE66,0xFE66,0xFE66,0xFE66,0xCCA2,0x0000,0x0000,0x0000,0x0000,
    0x0000,0x0000,0x0000,0x0000,0xCCA2,0xFE66,0xFE66,0xFE66,0xFE66,0xFE66,0xFE66,0xFE66,0xFE66,0xFE66,
    0xFE66,0xFE66,0xFE66,0xFE66,0xFE66,0xFE66,0xFE66,0xFE66,0xFE66,0xCCA2,0x0000,0x0000,0x0000,0x0000,
    0x0000,0x0000,0x0000,0x0000,0x0000,0xCCA2,0xCCA2,0xFE66,0xFE66,0xFE66,0xFE66,0xFE66,0xFE66,0xFE66,
    0xFE66,0xFE66,0xFE66,0xFE66,0xFE66,0xFE66,0xFE66,0xCCA2,0xCCA2,0x0000,0x0000,0x0000,0x0000,0x0000,
    0x0000,0x0000,0x0000,0x0000,0x0000,0x0000,0x0000,0xCCA2,0xFE66,0xFE66,0xFE66,0xFE66,0xFE66,0xFE66,
    0xFE66,0xFE66,0xFE66,0xFE66,0xFE66,0xFE66,0xCCA2,0x0000,0x0000,0x0000,0x0000,0x0000,0x0000,0x0000,
    0x0000,0x0000,0x0000,0x0000,0x0000,0x0000,0x0000,0x0000,0xCCA2,0xCCA2,0xCCA2,0xFE66,0xFE66,0xFE66,
    0xFE66,0xFE66,0xFE66,0xCCA2,0xCCA2,0xCCA2,0x0000,0x0000,0x0000,0x0000,0x0000,0x0000,0x0000,0x0000,
    0x0000,0x0000,0x0000,0x0000,0x0000,0x0000,0x0000,0x0000,0x0000,0x0000,0x0000,0xCCA2,0xCCA2,0xCCA2,
    0xCCA2,0xCCA2,0xCCA2,0x0000,0x0000,0x0000,0x0000,0x0000,0x0000,0x0000,0x0000,0x0000,0x0000,0x0000,
    0x0000,0x0000,0x0000,0x0000,0x0000,0x0000,0x0000,0x0000,0x0000,0x0000,0x0000,0x0000,0x0000,0x0000,
    0x0000,0x0000,0x0000,0x0000,0x0000,0x0000,0x0000,0x0000,0x0000,0x0000,0x0000,0x0000,0x0000,0x0000,
};
static const uint8_t kMask_1F622[] = {
    0x00,0x00,0x00,0x00,0x01,0xF8,0x00,0x00,0xFF,0xF0,0x00,0x1F,0xFF,0x80,0x07,0xFF,
    0xFE,0x00,0xFF,0xFF,0xF0,0x0F,0xFF,0xFF,0x01,0xFF,0xFF,0xF8,0x3F,0xFF,0xFF,0xC3,
    0xFF,0xFF,0xFC,0x3F,0xFF,0xFF,0xC7,0xFF,0xFF,0xFE,0x7F,0xFF,0xFF,0xE7,0xFF,0xFF,
    0xFE,0x7F,0xFF,0xFF,0xE7,0xFF,0xFF,0xFE,0x7F,0xFF,0xFF,0xE3,0xFF,0xFF,0xFC,0x3F,
    0xFF,0xFF,0xC3,0xFF,0xFF,0xFC,0x1F,0xFF,0xFF,0x80,0xFF,0xFF,0xF0,0x0F,0xFF,0xFF,
    0x00,0x7F,0xFF,0xE0,0x01,0xFF,0xF8,0x00,0x0F,0xFF,0x00,0x00,0x1F,0x80,0x00,0x00,
    0x00,0x00,
};

static const uint16_t kPix_1F621[] = {
    0x0000,0x0000,0x0000,0x0000,0x0000,0x0000,0x0000,0x0000,0x0000,0x0000,0x0000,0x0000,0x0000,0x0000,
    0x0000,0x0000,0x0000,0x0000,0x0000,0x0000,0x0000,0x0000,0x0000,0x0000,0x0000,0x0000,0x0000,0x0000,
    0x0000,0x0000,0x0000,0x0000,0x0000,0x0000,0x0000,0x0000,0x0000,0x0000,0x0000,0xCCA2,0xCCA2,0xCCA2,
    0xCCA2,0xCCA2,0xCCA2,0x0000,0x0000,0x0000,0x0000,0x0000,0x0000,0x0000,0x0000,0x0000,0x0000,0x0000,
    0x0000,0x0000,0x0000,0x0000,0x0000,0x0000,0x0000,0x0000,0xCCA2,0xCCA2,0xCCA2,0xEBC7,0xEBC7,0xEBC7,
    0xEBC7,0xEBC7,0xEBC7,0xCCA2,0xCCA2,0xCCA2,0x0000,0x0000,0x0000,0x0000,0x0000,0x0000,0x0000,0x0000,
    0x0000,0x0000,0x0000,0x0000,0x0000,0x0000,0x0000,0xCCA2,0xEBC7,0xEBC7,0xEBC7,0xEBC7,0xEBC7,0xEBC7,
    0xEBC7,0xEBC7,0xEBC7,0xEBC7,0xEBC7,0xEBC7,0xCCA2,0x0000,0x0000,0x0000,0x0000,0x0000,0x0000,0x0000,
    0x0000,0x0000,0x0000,0x0000,0x0000,0xCCA2,0xCCA2,0xEBC7,0xEBC7,0xEBC7,0xEBC7,0xEBC7,0xEBC7,0xEBC7,
    0xEBC7,0xEBC7,0xEBC7,0xEBC7,0xEBC7,0xEBC7,0xEBC7,0xCCA2,0xCCA2,0x0000,0x0000,0x0000,0x0000,0x0000,
    0x0000,0x0000,0x0000,0x0000,0xCCA2,0xEBC7,0xEBC7,0xEBC7,0xEBC7,0xEBC7,0xEBC7,0xEBC7,0xEBC7,0xEBC7,
    0xEBC7,0xEBC7,0xEBC7,0xEBC7,0xEBC7,0xEBC7,0xEBC7,0xEBC7,0xEBC7,0x7942,0x0000,0x0000,0x0000,0x0000,
    0x0000,0x0000,0x0000,0x0000,0xCCA2,0x7942,0xEBC7,0xEBC7,0xEBC7,0xEBC7,0xEBC7,0xEBC7,0xEBC7,0xEBC7,
    0xEBC7,0xEBC7,0xEBC7,0xEBC7,0xEBC7,0xEBC7,0xEBC7,0x7942,0x7942,0x7942,0x0000,0x0000,0x0000,0x0000,
    0x0000,0x0000,0x0000,0xCCA2,0xEBC7,0x7942,0x7942,0x7942,0xEBC7,0xEBC7,0xEBC7,0xEBC7,0xEBC7,0xEBC7,
    0xEBC7,0xEBC7,0xEBC7,0xEBC7,0xEBC7,0x7942,0x7942,0x7942,0xEBC7,0xEBC7,0xCCA2,0x0000,0x0000,0x0000,
    0x0000,0x0000,0xCCA2,0xEBC7,0xEBC7,0xEBC7,0xEBC7,0x7942,0x7942,0x7942,0xEBC7,0xEBC7,0xEBC7,0xEBC7,
    0xEBC7,0xEBC7,0xEBC7,0x7942,0x7942,0x7942,0x28E1,0x28E1,0xEBC7,0xEBC7,0xEBC7,0xCCA2,0x0000,0x0000,
    0x0000,0x0000,0xCCA2,0xEBC7,0xEBC7,0xEBC7,0x28E1,0x28E1,0x28E1,0x7942,0x7942,0x7942,0xEBC7,0xEBC7,
    0xEBC7,0xEBC7,0xEBC7,0x7942,0x28E1,0x28E1,0x28E1,0x28E1,0x28E1,0xEBC7,0xEBC7,0xCCA2,0x0000,0x0000,
    0x0000,0x0000,0xCCA2,0xEBC7,0xEBC7,0xEBC7,0x28E1,0x28E1,0x28E1,0x28E1,0x28E1,0x7942,0xEBC7,0xEBC7,
    0xEBC7,0xEBC7,0xEBC7,0xEBC7,0x28E1,0x28E1,0x28E1,0x28E1,0x28E1,0xEBC7,0xEBC7,0xCCA2,0x0000,0x0000,
    0x0000,0xCCA2,0xEBC7,0xEBC7,0xEBC7,0xEBC7,0x28E1,0x28E1,0x28E1,0x28E1,0x28E1,0xEBC7,0xEBC7,0xEBC7,
    0xEBC7,0xEBC7,0xEBC7,0xEBC7,0x28E1,0x28E1,0x28E1,0x28E1,0x28E1,0xEBC7,0xEBC7,0xEBC7,0xCCA2,0x0000,
    0x0000,0xCCA2,0xEBC7,0xEBC7,0xEBC7,0xEBC7,0xEBC7,0x28E1,0x28E1,0x28E1,0xEBC7,0xEBC7,0xEBC7,0xEBC7,
    0xEBC7,0xEBC7,0xEBC7,0xEBC7,0xEBC7,0x28E1,0x28E1,0x28E1,0xEBC7,0xEBC7,0xEBC7,0xEBC7,0xCCA2,0x0000,
    0x0000,0xCCA2,0xEBC7,0xEBC7,0xEBC7,0xEBC7,0xEBC7,0xEBC7,0xEBC7,0xEBC7,0xEBC7,0xEBC7,0x28E1,0x28E1,
    0x28E1,0x28E1,0x28E1,0xEBC7,0xEBC7,0xEBC7,0xEBC7,0xEBC7,0xEBC7,0xEBC7,0xEBC7,0xEBC7,0xCCA2,0x0000,
    0x0000,0xCCA2,0xEBC7,0xEBC7,0xEBC7,0xEBC7,0xEBC7,0xEBC7,0xEBC7,0xEBC7,0x28E1,0x28E1,0x28E1,0x28E1,
    0x28E1,0x28E1,0x28E1,0x28E1,0x28E1,0xEBC7,0xEBC7,0xEBC7,0xEBC7,0xEBC7,0xEBC7,0xEBC7,0xCCA2,0x0000,
    0x0000,0xCCA2,0xEBC7,0xEBC7,0xEBC7,0xEBC7,0xEBC7,0xEBC7,0xEBC7,0x28E1,0x28E1,0x28E1,0xEBC7,0xEBC7,
    0xEBC7,0xEBC7,0xEBC7,0x28E1,0x28E1,0x28E1,0xEBC7,0xEBC7,0xEBC7,0xEBC7,0xEBC7,0xEBC7,0xCCA2,0x0000,
    0x0000,0xCCA2,0xEBC7,0xEBC7,0xEBC7,0xEBC7,0xEBC7,0xEBC7,0x28E1,0x28E1,0xEBC7,0xEBC7,0xEBC7,0xEBC7,
    0xEBC7,0xEBC7,0xEBC7,0xEBC7,0xEBC7,0x28E1,0x28E1,0xEBC7,0xEBC7,0xEBC7,0xEBC7,0xEBC7,0xCCA2,0x0000,
    0x0000,0x0000,0xCCA2,0xEBC7,0xEBC7,0xEBC7,0xEBC7,0x28E1,0x28E1,0x28E1,0xEBC7,0xEBC7,0xEBC7,0xEBC7,
    0xEBC7,0xEBC7,0xEBC7,0xEBC7,0xEBC7,0x28E1,0x28E1,0xEBC7,0xEBC7,0xEBC7,0xEBC7,0xCCA2,0x0000,0x0000,
    0x0000,0x0000,0xCCA2,0xEBC7,0xEBC7,0xEBC7,0xEBC7,0xEBC7,0xEBC7,0xEBC7,0xEBC7,0xEBC7,0xEBC7,0xEBC7,
    0xEBC7,0xEBC7,0xEBC7,0xEBC7,0xEBC7,0xEBC7,0xEBC7,0xEBC7,0xEBC7,0xEBC7,0xEBC7,0xCCA2,0x0000,0x0000,
    0x0000,0x0000,0xCCA2,0xEBC7,0xEBC7,0xEBC7,0xEBC7,0xEBC7,0xEBC7,0xEBC7,0xEBC7,0xEBC7,0xEBC7,0xEBC7,
    0xEBC7,0xEBC7,0xEBC7,0xEBC7,0xEBC7,0xEBC7,0xEBC7,0xEBC7,0xEBC7,0xEBC7,0xEBC7,0xCCA2,0x0000,0x0000,
    0x0000,0x0000,0x0000,0xCCA2,0xEBC7,0xEBC7,0xEBC7,0xEBC7,0xEBC7,0xEBC7,0xEBC7,0xEBC7,0xEBC7,0xEBC7,
    0xEBC7,0xEBC7,0xEBC7,0xEBC7,0xEBC7,0xEBC7,0xEBC7,0xEBC7,0xEBC7,0xEBC7,0xCCA2,0x0000,0x0000,0x0000,
    0x0000,0x0000,0x0000,0x0000,0xCCA2,0xEBC7,0xEBC7,0xEBC7,0xEBC7,0xEBC7,0xEBC7,0xEBC7,0xEBC7,0xEBC7,
    0xEBC7,0xEBC7,0xEBC7,0xEBC7,0xEBC7,0xEBC7,0xEBC7,0xEBC7,0xEBC7,0xCCA2,0x0000,0x0000,0x0000,0x0000,
    0x0000,0x0000,0x0000,0x0000,0xCCA2,0xEBC7,0xEBC7,0xEBC7,0xEBC7,0xEBC7,0xEBC7,0xEBC7,0xEBC7,0xEBC7,
    0xEBC7,0xEBC7,0xEBC7,0xEBC7,0xEBC7,0xEBC7,0xEBC7,0xEBC7,0xEBC7,0xCCA2,0x0000,0x0000,0x0000,0x0000,
    0x0000,0x0000,0x0000,0x0000,0x0000,0xCCA2,0xCCA2,0xEBC7,0xEBC7,0xEBC7,0xEBC7,0xEBC7,0xEBC7,0xEBC7,
    0xEBC7,0xEBC7,0xEBC7,0xEBC7,0xEBC7,0xEBC7,0xEBC7,0xCCA2,0xCCA2,0x0000,0x0000,0x0000,0x0000,0x0000,
    0x0000,0x0000,0x0000,0x0000,0x0000,0x0000,0x0000,0xCCA2,0xEBC7,0xEBC7,0xEBC7,0xEBC7,0xEBC7,0xEBC7,
    0xEBC7,0xEBC7,0xEBC7,0xEBC7,0xEBC7,0xEBC7,0xCCA2,0x0000,0x0000,0x0000,0x0000,0x0000,0x0000,0x0000,
    0x0000,0x0000,0x0000,0x0000,0x0000,0x0000,0x0000,0x0000,0xCCA2,0xCCA2,0xCCA2,0xEBC7,0xEBC7,0xEBC7,
    0xEBC7,0xEBC7,0xEBC7,0xCCA2,0xCCA2,0xCCA2,0x0000,0x0000,0x0000,0x0000,0x0000,0x0000,0x0000,0x0000,
    0x0000,0x0000,0x0000,0x0000,0x0000,0x0000,0x0000,0x0000,0x0000,0x0000,0x0000,0xCCA2,0xCCA2,0xCCA2,
    0xCCA2,0xCCA2,0xCCA2,0x0000,0x0000,0x0000,0x0000,0x0000,0x0000,0x0000,0x0000,0x0000,0x0000,0x0000,
    0x0000,0x0000,0x0000,0x0000,0x0000,0x0000,0x0000,0x0000,0x0000,0x0000,0x0000,0x0000,0x0000,0x0000,
    0x0000,0x0000,0x0000,0x0000,0x0000,0x0000,0x0000,0x0000,0x0000,0x0000,0x0000,0x0000,0x0000,0x0000,
};
static const uint8_t kMask_1F621[] = {
    0x00,0x00,0x00,0x00,0x01,0xF8,0x00,0x00,0xFF,0xF0,0x00,0x1F,0xFF,0x80,0x07,0xFF,
    0xFE,0x00,0xFF,0xFF,0xF0,0x0F,0xFF,0xFF,0x01,0xFF,0xFF,0xF8,0x3F,0xFF,0xFF,0xC3,
    0xFF,0xFF,0xFC,0x3F,0xFF,0xFF,0xC7,0xFF,0xFF,0xFE,0x7F,0xFF,0xFF,0xE7,0xFF,0xFF,
    0xFE,0x7F,0xFF,0xFF,0xE7,0xFF,0xFF,0xFE,0x7F,0xFF,0xFF,0xE3,0xFF,0xFF,0xFC,0x3F,
    0xFF,0xFF,0xC3,0xFF,0xFF,0xFC,0x1F,0xFF,0xFF,0x80,0xFF,0xFF,0xF0,0x0F,0xFF,0xFF,
    0x00,0x7F,0xFF,0xE0,0x01,0xFF,0xF8,0x00,0x0F,0xFF,0x00,0x00,0x1F,0x80,0x00,0x00,
    0x00,0x00,
};

static const uint16_t kPix_1F618[] = {
    0x0000,0x0000,0x0000,0x0000,0x0000,0x0000,0x0000,0x0000,0x0000,0x0000,0x0000,0x0000,0x0000,0x0000,
    0x0000,0x0000,0x0000,0x0000,0x0000,0x0000,0x0000,0x0000,0x0000,0x0000,0x0000,0x0000,0x0000,0x0000,
    0x0000,0x0000,0x0000,0x0000,0x0000,0x0000,0x0000,0x0000,0x0000,0x0000,0x0000,0xCCA2,0xCCA2,0xCCA2,
    0xCCA2,0xCCA2,0xCCA2,0x0000,0x0000,0x0000,0x0000,0x0000,0x0000,0x0000,0x0000,0x0000,0x0000,0x0000,
    0x0000,0x0000,0x0000,0x0000,0x0000,0x0000,0x0000,0x0000,0xCCA2,0xCCA2,0xCCA2,0xFE66,0xFE66,0xFE66,
    0xFE66,0xFE66,0xFE66,0xCCA2,0xCCA2,0xCCA2,0x0000,0x0000,0x0000,0x0000,0x0000,0x0000,0x0000,0x0000,
    0x0000,0x0000,0x0000,0x0000,0x0000,0x0000,0x0000,0xCCA2,0xFE66,0xFE66,0xFE66,0xFE66,0xFE66,0xFE66,
    0xFE66,0xFE66,0xFE66,0xFE66,0xFE66,0xFE66,0xCCA2,0x0000,0x0000,0x0000,0x0000,0x0000,0x0000,0x0000,
    0x0000,0x0000,0x0000,0x0000,0x0000,0xCCA2,0xCCA2,0xFE66,0xFE66,0xFE66,0xFE66,0xFE66,0xFE66,0xFE66,
    0xFE66,0xFE66,0xFE66,0xFE66,0xFE66,0xFE66,0xFE66,0xCCA2,0xCCA2,0x0000,0x0000,0x0000,0x0000,0x0000,
    0x0000,0x0000,0x0000,0x0000,0xCCA2,0xFE66,0xFE66,0xFE66,0xFE66,0xFE66,0xFE66,0xFE66,0xFE66,0xFE66,
    0xFE66,0xFE66,0xFE66,0xFE66,0xFE66,0xFE66,0xFE66,0xFE66,0xFE66,0xCCA2,0x0000,0x0000,0x0000,0x0000,
    0x0000,0x0000,0x0000,0x0000,0xCCA2,0xFE66,0xFE66,0xFE66,0xFE66,0xFE66,0xFE66,0xFE66,0xFE66,0xFE66,
    0xFE66,0xFE66,0xFE66,0xFE66,0xFE66,0xFE66,0xFE66,0xFE66,0xFE66,0xCCA2,0x0000,0x0000,0x0000,0x0000,
    0x0000,0x0000,0x0000,0xCCA2,0xFE66,0xFE66,0xFE66,0xFE66,0x28E1,0x28E1,0xFE66,0xFE66,0xFE66,0xFE66,
    0xFE66,0xFE66,0xFE66,0xFE66,0xFE66,0xFE66,0xFE66,0xFE66,0xFE66,0xFE66,0xCCA2,0x0000,0x0000,0x0000,
    0x0000,0x0000,0xCCA2,0xFE66,0xFE66,0xFE66,0xFE66,0x28E1,0x28E1,0x28E1,0x28E1,0xFE66,0xFE66,0xFE66,
    0xFE66,0xFE66,0xFE66,0xFE66,0xFE66,0x28E1,0x28E1,0x28E1,0xFE66,0xFE66,0xFE66,0xCCA2,0x0000,0x0000,
    0x0000,0x0000,0xCCA2,0xFE66,0xFE66,0xFE66,0xFE66,0x28E1,0xFE66,0xFE66,0x28E1,0xFE66,0xFE66,0xFE66,
    0xFE66,0xFE66,0xFE66,0xFE66,0x28E1,0x28E1,0x28E1,0x28E1,0x28E1,0xFE66,0xFE66,0xCCA2,0x0000,0x0000,
    0x0000,0x0000,0xCCA2,0xFE66,0xFE66,0xFE66,0xFE66,0xFE66,0xFE66,0xFE66,0xFE66,0xFE66,0xFE66,0xFE66,
    0xFE66,0xFE66,0xFE66,0xFE66,0x28E1,0x28E1,0x28E1,0x28E1,0x28E1,0xFE66,0xFE66,0xCCA2,0x0000,0x0000,
    0x0000,0xCCA2,0xFE66,0xFE66,0xFE66,0xFE66,0xFE66,0xFE66,0xFE66,0xFE66,0xFE66,0xFE66,0xFE66,0xFE66,
    0xFE66,0xFE66,0xFE66,0xFE66,0x28E1,0x28E1,0x28E1,0x28E1,0x28E1,0xFE66,0xFE66,0xFE66,0xCCA2,0x0000,
    0x0000,0xCCA2,0xFE66,0xFE66,0xFE66,0xFE66,0xFE66,0xFE66,0xFE66,0xFE66,0xFE66,0xFE66,0xFE66,0xFE66,
    0xFE66,0xFE66,0xFE66,0xFE66,0xFE66,0x28E1,0x28E1,0x28E1,0xFE66,0xFE66,0xFE66,0xFE66,0xCCA2,0x0000,
    0x0000,0xCCA2,0xFE66,0xFE66,0xFE66,0xFE66,0xFE66,0xFE66,0xFE66,0xFE66,0xFE66,0xFE66,0xFE66,0xFE66,
    0xFE66,0xFE66,0xFE66,0xFE66,0xFE66,0xFE66,0xFE66,0xFE66,0xFE66,0xFE66,0xFE66,0xFE66,0xCCA2,0x0000,
    0x0000,0xCCA2,0xFE66,0xFE66,0xFE66,0xFE66,0xFE66,0xFE66,0xFE66,0xFE66,0xFE66,0xFE66,0xFE66,0xFE66,
    0xFE66,0xFE66,0xFE66,0xFE66,0xFE66,0xFE66,0xFE66,0xFE66,0xFE66,0xFE66,0xFE66,0xFE66,0xCCA2,0x0000,
    0x0000,0xCCA2,0xFE66,0xFE66,0xFE66,0xFE66,0xFE66,0xFE66,0xFE66,0xFE66,0xFE66,0xFE66,0xFE66,0xFE66,
    0xFE66,0xFE66,0xFE66,0xFE66,0xFE66,0xFE66,0xFE66,0xFE66,0xFE66,0xFE66,0xFE66,0xFE66,0xCCA2,0x0000,
    0x0000,0xCCA2,0xFE66,0xFE66,0xFE66,0xFE66,0xFE66,0xFE66,0xFE66,0xFE66,0xFE66,0xFE66,0xFE66,0xFE66,
    0xE249,0xE249,0xE249,0xFE66,0xFE66,0xFE66,0xFE66,0xFE66,0xFE66,0xFE66,0xFE66,0xFE66,0xCCA2,0x0000,
    0x0000,0x0000,0xCCA2,0xFE66,0xFE66,0xFE66,0xFE66,0xFE66,0xFE66,0xFE66,0xFE66,0xFE66,0xFE66,0xE249,
    0xE249,0xE249,0xE249,0xE249,0xFE66,0xFE66,0xFE66,0xFE66,0xFE66,0xFE66,0xFE66,0xCCA2,0x0000,0x0000,
    0x0000,0x0000,0xCCA2,0xFE66,0xFE66,0xFE66,0xFE66,0xFE66,0xFE66,0xFE66,0xFE66,0xFE66,0xE249,0xE249,
    0xE249,0xE249,0xE249,0xE249,0xE249,0xFE66,0xFE66,0xFE66,0xFE66,0xFE66,0xFE66,0xCCA2,0x0000,0x0000,
    0x0000,0x0000,0xCCA2,0xFE66,0xFE66,0xFE66,0xFE66,0xFE66,0xFE66,0xFE66,0xFE66,0xFE66,0xE249,0xE249,
    0xE249,0xE249,0xE249,0xE249,0xE249,0xFE66,0xFE66,0xFE66,0xFE66,0xFE66,0xFE66,0xCCA2,0x0000,0x0000,
    0x0000,0x0000,0x0000,0xCCA2,0xFE66,0xFE66,0xFE66,0xFE66,0xFE66,0xFE66,0xFE66,0xFE66,0xFE66,0xE249,
    0xE249,0xE249,0xE249,0xE249,0xFE66,0xFE66,0xFE66,0xFE66,0xFE66,0xFE66,0xCCA2,0x0000,0x0000,0x0000,
    0x0000,0x0000,0x0000,0x0000,0xCCA2,0xFE66,0xFE66,0xFE66,0xFE66,0xFE66,0xFE66,0xFE66,0xFE66,0xFE66,
    0xE249,0xE249,0xE249,0xFE66,0xFE66,0xFE66,0xFE66,0xFE66,0xFE66,0xCCA2,0x0000,0x0000,0x0000,0x0000,
    0x0000,0x0000,0x0000,0x0000,0xCCA2,0xFE66,0xFE66,0xFE66,0xFE66,0xFE66,0xFE66,0xFE66,0xFE66,0xFE66,
    0xFE66,0xFE66,0xFE66,0xFE66,0xFE66,0xFE66,0xFE66,0xFE66,0xFE66,0xCCA2,0x0000,0x0000,0x0000,0x0000,
    0x0000,0x0000,0x0000,0x0000,0x0000,0xCCA2,0xCCA2,0xFE66,0xFE66,0xFE66,0xFE66,0xFE66,0xFE66,0xFE66,
    0xFE66,0xFE66,0xFE66,0xFE66,0xFE66,0xFE66,0xFE66,0xCCA2,0xCCA2,0x0000,0x0000,0x0000,0x0000,0x0000,
    0x0000,0x0000,0x0000,0x0000,0x0000,0x0000,0x0000,0xCCA2,0xFE66,0xFE66,0xFE66,0xFE66,0xFE66,0xFE66,
    0xFE66,0xFE66,0xFE66,0xFE66,0xFE66,0xFE66,0xCCA2,0x0000,0x0000,0x0000,0x0000,0x0000,0x0000,0x0000,
    0x0000,0x0000,0x0000,0x0000,0x0000,0x0000,0x0000,0x0000,0xCCA2,0xCCA2,0xCCA2,0xFE66,0xFE66,0xFE66,
    0xFE66,0xFE66,0xFE66,0xCCA2,0xCCA2,0xCCA2,0x0000,0x0000,0x0000,0x0000,0x0000,0x0000,0x0000,0x0000,
    0x0000,0x0000,0x0000,0x0000,0x0000,0x0000,0x0000,0x0000,0x0000,0x0000,0x0000,0xCCA2,0xCCA2,0xCCA2,
    0xCCA2,0xCCA2,0xCCA2,0x0000,0x0000,0x0000,0x0000,0x0000,0x0000,0x0000,0x0000,0x0000,0x0000,0x0000,
    0x0000,0x0000,0x0000,0x0000,0x0000,0x0000,0x0000,0x0000,0x0000,0x0000,0x0000,0x0000,0x0000,0x0000,
    0x0000,0x0000,0x0000,0x0000,0x0000,0x0000,0x0000,0x0000,0x0000,0x0000,0x0000,0x0000,0x0000,0x0000,
};
static const uint8_t kMask_1F618[] = {
    0x00,0x00,0x00,0x00,0x01,0xF8,0x00,0x00,0xFF,0xF0,0x00,0x1F,0xFF,0x80,0x07,0xFF,
    0xFE,0x00,0xFF,0xFF,0xF0,0x0F,0xFF,0xFF,0x01,0xFF,0xFF,0xF8,0x3F,0xFF,0xFF,0xC3,
    0xFF,0xFF,0xFC,0x3F,0xFF,0xFF,0xC7,0xFF,0xFF,0xFE,0x7F,0xFF,0xFF,0xE7,0xFF,0xFF,
    0xFE,0x7F,0xFF,0xFF,0xE7,0xFF,0xFF,0xFE,0x7F,0xFF,0xFF,0xE3,0xFF,0xFF,0xFC,0x3F,
    0xFF,0xFF,0xC3,0xFF,0xFF,0xFC,0x1F,0xFF,0xFF,0x80,0xFF,0xFF,0xF0,0x0F,0xFF,0xFF,
    0x00,0x7F,0xFF,0xE0,0x01,0xFF,0xF8,0x00,0x0F,0xFF,0x00,0x00,0x1F,0x80,0x00,0x00,
    0x00,0x00,
};

static const uint16_t kPix_2764[] = {
    0x0000,0x0000,0x0000,0x0000,0x0000,0x0000,0x0000,0x0000,0x0000,0x0000,0x0000,0x0000,0x0000,0x0000,
    0x0000,0x0000,0x0000,0x0000,0x0000,0x0000,0x0000,0x0000,0x0000,0x0000,0x0000,0x0000,0x0000,0x0000,
    0x0000,0x0000,0x0000,0x0000,0x0000,0x0000,0x0000,0x0000,0x0000,0x0000,0x0000,0x0000,0x0000,0x0000,
    0x0000,0x0000,0x0000,0x0000,0x0000,0x0000,0x0000,0x0000,0x0000,0x0000,0x0000,0x0000,0x0000,0x0000,
    0x0000,0x0000,0x0000,0x0000,0x0000,0x0000,0x0000,0x0000,0x0000,0x0000,0x0000,0x0000,0x0000,0x0000,
    0x0000,0x0000,0x0000,0x0000,0x0000,0x0000,0x0000,0x0000,0x0000,0x0000,0x0000,0x0000,0x0000,0x0000,
    0x0000,0x0000,0x0000,0x0000,0x0000,0x0000,0x0000,0x0000,0x0000,0x0000,0x0000,0x0000,0x0000,0x0000,
    0x0000,0x0000,0x0000,0x0000,0x0000,0x0000,0x0000,0x0000,0x0000,0x0000,0x0000,0x0000,0x0000,0x0000,
    0x0000,0x0000,0x0000,0x0000,0x0000,0x0000,0x0000,0x0000,0x0000,0x0000,0x0000,0x0000,0x0000,0x0000,
    0x0000,0x0000,0x0000,0x0000,0x0000,0x0000,0x0000,0x0000,0x0000,0x0000,0x0000,0x0000,0x0000,0x0000,
    0x0000,0x0000,0x0000,0x0000,0x0000,0x0000,0x0000,0xE249,0xE249,0xE249,0xE249,0x0000,0x0000,0x0000,
    0x0000,0x0000,0x0000,0x0000,0xE249,0xE249,0xE249,0xE249,0x0000,0x0000,0x0000,0x0000,0x0000,0x0000,
    0x0000,0x0000,0x0000,0x0000,0x0000,0xE249,0xE249,0xE249,0xE249,0xE249,0xE249,0xE249,0xE249,0x0000,
    0x0000,0x0000,0xE249,0xE249,0xE249,0xE249,0xE249,0xE249,0xE249,0xE249,0x0000,0x0000,0x0000,0x0000,
    0x0000,0x0000,0x0000,0x0000,0xE249,0xE249,0xE249,0xE249,0xE249,0xE249,0xE249,0xE249,0xE249,0xE249,
    0x0000,0xE249,0xE249,0xE249,0xE249,0xE249,0xE249,0xE249,0xE249,0xE249,0xE249,0x0000,0x0000,0x0000,
    0x0000,0x0000,0x0000,0xE249,0xE249,0xE249,0xE249,0xE249,0xE249,0xE249,0xE249,0xE249,0xE249,0xE249,
    0xE249,0xE249,0xE249,0xE249,0xE249,0xE249,0xE249,0xE249,0xE249,0xE249,0xE249,0xE249,0x0000,0x0000,
    0x0000,0x0000,0x0000,0xE249,0xE249,0xE249,0xE249,0xE249,0xE249,0xE249,0xE249,0xE249,0xE249,0xE249,
    0xE249,0xE249,0xE249,0xE249,0xE249,0xE249,0xE249,0xE249,0xE249,0xE249,0xE249,0xE249,0x0000,0x0000,
    0x0000,0x0000,0xE249,0xE249,0xE249,0xE249,0xE249,0xE249,0xE249,0xE249,0xE249,0xE249,0xE249,0xE249,
    0xE249,0xE249,0xE249,0xE249,0xE249,0xE249,0xE249,0xE249,0xE249,0xE249,0xE249,0xE249,0xE249,0x0000,
    0x0000,0x0000,0xE249,0xE249,0xE249,0xE249,0xE249,0xE249,0xE249,0xE249,0xE249,0xE249,0xE249,0xE249,
    0xE249,0xE249,0xE249,0xE249,0xE249,0xE249,0xE249,0xE249,0xE249,0xE249,0xE249,0xE249,0xE249,0x0000,
    0x0000,0x0000,0xE249,0xE249,0xE249,0xE249,0xE249,0xE249,0xE249,0xE249,0xE249,0xE249,0xE249,0xE249,
    0xE249,0xE249,0xE249,0xE249,0xE249,0xE249,0xE249,0xE249,0xE249,0xE249,0xE249,0xE249,0xE249,0x0000,
    0x0000,0x0000,0xE249,0xE249,0xE249,0xE249,0xE249,0xE249,0xE249,0xE249,0xE249,0xE249,0xE249,0xE249,
    0xE249,0xE249,0xE249,0xE249,0xE249,0xE249,0xE249,0xE249,0xE249,0xE249,0xE249,0xE249,0xE249,0x0000,
    0x0000,0x0000,0x0000,0xE249,0xE249,0xE249,0xE249,0xE249,0xE249,0xE249,0xE249,0xE249,0xE249,0xE249,
    0xE249,0xE249,0xE249,0xE249,0xE249,0xE249,0xE249,0xE249,0xE249,0xE249,0xE249,0xE249,0x0000,0x0000,
    0x0000,0x0000,0x0000,0xE249,0xE249,0xE249,0xE249,0xE249,0xE249,0xE249,0xE249,0xE249,0xE249,0xE249,
    0xE249,0xE249,0xE249,0xE249,0xE249,0xE249,0xE249,0xE249,0xE249,0xE249,0xE249,0xE249,0x0000,0x0000,
    0x0000,0x0000,0x0000,0x0000,0xE249,0xE249,0xE249,0xE249,0xE249,0xE249,0xE249,0xE249,0xE249,0xE249,
    0xE249,0xE249,0xE249,0xE249,0xE249,0xE249,0xE249,0xE249,0xE249,0xE249,0xE249,0x0000,0x0000,0x0000,
    0x0000,0x0000,0x0000,0x0000,0x0000,0xE249,0xE249,0xE249,0xE249,0xE249,0xE249,0xE249,0xE249,0xE249,
    0xE249,0xE249,0xE249,0xE249,0xE249,0xE249,0xE249,0xE249,0xE249,0xE249,0x0000,0x0000,0x0000,0x0000,
    0x0000,0x0000,0x0000,0x0000,0x0000,0x0000,0x0000,0xE249,0xE249,0xE249,0xE249,0xE249,0xE249,0xE249,
    0xE249,0xE249,0xE249,0xE249,0xE249,0xE249,0xE249,0xE249,0x0000,0x0000,0x0000,0x0000,0x0000,0x0000,
    0x0000,0x0000,0x0000,0x0000,0x0000,0x0000,0x0000,0x0000,0x0000,0xE249,0xE249,0xE249,0xE249,0xE249,
    0xE249,0xE249,0xE249,0xE249,0xE249,0xE249,0x0000,0x0000,0x0000,0x0000,0x0000,0x0000,0x0000,0x0000,
    0x0000,0x0000,0x0000,0x0000,0x0000,0x0000,0x0000,0x0000,0x0000,0xE249,0xE249,0xE249,0xE249,0xE249,
    0xE249,0xE249,0xE249,0xE249,0xE249,0xE249,0x0000,0x0000,0x0000,0x0000,0x0000,0x0000,0x0000,0x0000,
    0x0000,0x0000,0x0000,0x0000,0x0000,0x0000,0x0000,0x0000,0x0000,0x0000,0xE249,0xE249,0xE249,0xE249,
    0xE249,0xE249,0xE249,0xE249,0xE249,0x0000,0x0000,0x0000,0x0000,0x0000,0x0000,0x0000,0x0000,0x0000,
    0x0000,0x0000,0x0000,0x0000,0x0000,0x0000,0x0000,0x0000,0x0000,0x0000,0x0000,0xE249,0xE249,0xE249,
    0xE249,0xE249,0xE249,0xE249,0x0000,0x0000,0x0000,0x0000,0x0000,0x0000,0x0000,0x0000,0x0000,0x0000,
    0x0000,0x0000,0x0000,0x0000,0x0000,0x0000,0x0000,0x0000,0x0000,0x0000,0x0000,0x0000,0xE249,0xE249,
    0xE249,0xE249,0xE249,0x0000,0x0000,0x0000,0x0000,0x0000,0x0000,0x0000,0x0000,0x0000,0x0000,0x0000,
    0x0000,0x0000,0x0000,0x0000,0x0000,0x0000,0x0000,0x0000,0x0000,0x0000,0x0000,0x0000,0xE249,0xE249,
    0xE249,0xE249,0xE249,0x0000,0x0000,0x0000,0x0000,0x0000,0x0000,0x0000,0x0000,0x0000,0x0000,0x0000,
    0x0000,0x0000,0x0000,0x0000,0x0000,0x0000,0x0000,0x0000,0x0000,0x0000,0x0000,0x0000,0x0000,0xE249,
    0xE249,0xE249,0x0000,0x0000,0x0000,0x0000,0x0000,0x0000,0x0000,0x0000,0x0000,0x0000,0x0000,0x0000,
    0x0000,0x0000,0x0000,0x0000,0x0000,0x0000,0x0000,0x0000,0x0000,0x0000,0x0000,0x0000,0x0000,0x0000,
    0xE249,0x0000,0x0000,0x0000,0x0000,0x0000,0x0000,0x0000,0x0000,0x0000,0x0000,0x0000,0x0000,0x0000,
    0x0000,0x0000,0x0000,0x0000,0x0000,0x0000,0x0000,0x0000,0x0000,0x0000,0x0000,0x0000,0x0000,0x0000,
    0x0000,0x0000,0x0000,0x0000,0x0000,0x0000,0x0000,0x0000,0x0000,0x0000,0x0000,0x0000,0x0000,0x0000,
};
static const uint8_t kMask_2764[] = {
    0x00,0x00,0x00,0x00,0x00,0x00,0x00,0x00,0x00,0x00,0x00,0x00,0x00,0x00,0x00,0x00,
    0x00,0x00,0x1E,0x03,0xC0,0x07,0xF8,0xFF,0x00,0xFF,0xDF,0xF8,0x1F,0xFF,0xFF,0xC1,
    0xFF,0xFF,0xFC,0x3F,0xFF,0xFF,0xE3,0xFF,0xFF,0xFE,0x3F,0xFF,0xFF,0xE3,0xFF,0xFF,
    0xFE,0x1F,0xFF,0xFF,0xC1,0xFF,0xFF,0xFC,0x0F,0xFF,0xFF,0x80,0x7F,0xFF,0xF0,0x01,
    0xFF,0xFC,0x00,0x07,0xFF,0x00,0x00,0x7F,0xF0,0x00,0x03,0xFE,0x00,0x00,0x1F,0xC0,
    0x00,0x00,0xF8,0x00,0x00,0x0F,0x80,0x00,0x00,0x70,0x00,0x00,0x02,0x00,0x00,0x00,
    0x00,0x00,
};

static const uint16_t kPix_1F44D[] = {
    0x0000,0x0000,0x0000,0x0000,0x0000,0x0000,0x0000,0x0000,0x0000,0x0000,0x0000,0x0000,0x0000,0x0000,
    0x0000,0x0000,0x0000,0x0000,0x0000,0x0000,0x0000,0x0000,0x0000,0x0000,0x0000,0x0000,0x0000,0x0000,
    0x0000,0x0000,0x0000,0x0000,0x0000,0x0000,0x0000,0x0000,0x0000,0x0000,0x0000,0x0000,0x0000,0x0000,
    0x0000,0x0000,0x0000,0x0000,0x0000,0x0000,0x0000,0x0000,0x0000,0x0000,0x0000,0x0000,0x0000,0x0000,
    0x0000,0x0000,0x0000,0x0000,0x0000,0x0000,0x0000,0x0000,0x0000,0x0000,0x0000,0x0000,0x0000,0x0000,
    0x0000,0x0000,0x0000,0x0000,0x0000,0x0000,0x0000,0x0000,0x0000,0x0000,0x0000,0x0000,0x0000,0x0000,
    0x0000,0x0000,0x0000,0x0000,0x0000,0x0000,0x0000,0x0000,0x0000,0x0000,0x0000,0x0000,0x0000,0xCCA2,
    0xCCA2,0xCCA2,0x0000,0x0000,0x0000,0x0000,0x0000,0x0000,0x0000,0x0000,0x0000,0x0000,0x0000,0x0000,
    0x0000,0x0000,0x0000,0x0000,0x0000,0x0000,0x0000,0x0000,0x0000,0x0000,0x0000,0x0000,0xCCA2,0xFE66,
    0xFE66,0xFE66,0xCCA2,0x0000,0x0000,0x0000,0x0000,0x0000,0x0000,0x0000,0x0000,0x0000,0x0000,0x0000,
    0x0000,0x0000,0x0000,0x0000,0x0000,0x0000,0x0000,0x0000,0x0000,0x0000,0x0000,0xCCA2,0xFE66,0xFE66,
    0xFE66,0xFE66,0xFE66,0xCCA2,0x0000,0x0000,0x0000,0x0000,0x0000,0x0000,0x0000,0x0000,0x0000,0x0000,
    0x0000,0x0000,0x0000,0x0000,0x0000,0x0000,0x0000,0x0000,0x0000,0x0000,0x0000,0xCCA2,0xFE66,0xFE66,
    0xFE66,0xFE66,0xFE66,0xCCA2,0x0000,0x0000,0x0000,0x0000,0x0000,0x0000,0x0000,0x0000,0x0000,0x0000,
    0x0000,0x0000,0x0000,0x0000,0x0000,0x0000,0x0000,0x0000,0x0000,0x0000,0x0000,0xCCA2,0xFE66,0xFE66,
    0xFE66,0xFE66,0xFE66,0xCCA2,0x0000,0x0000,0x0000,0x0000,0x0000,0x0000,0x0000,0x0000,0x0000,0x0000,
    0x0000,0x0000,0x0000,0x0000,0x0000,0x0000,0x0000,0x0000,0x0000,0x0000,0x0000,0xCCA2,0xFE66,0xFE66,
    0xFE66,0xFE66,0xFE66,0xCCA2,0x0000,0x0000,0x0000,0x0000,0x0000,0x0000,0x0000,0x0000,0x0000,0x0000,
    0x0000,0x0000,0x0000,0x0000,0x0000,0x0000,0x0000,0x0000,0x0000,0x0000,0x0000,0xCCA2,0xFE66,0xFE66,
    0xFE66,0xFE66,0xFE66,0xCCA2,0x0000,0x0000,0x0000,0x0000,0x0000,0x0000,0x0000,0x0000,0x0000,0x0000,
    0x0000,0x0000,0x0000,0x0000,0x0000,0x0000,0x0000,0x0000,0x0000,0x0000,0x0000,0xCCA2,0xFE66,0xFE66,
    0xFE66,0xFE66,0xFE66,0xCCA2,0x0000,0x0000,0x0000,0x0000,0x0000,0x0000,0x0000,0x0000,0x0000,0x0000,
    0x0000,0x0000,0x0000,0x0000,0x0000,0x0000,0x0000,0x0000,0x0000,0x0000,0x0000,0xCCA2,0xFE66,0xFE66,
    0xFE66,0xFE66,0xFE66,0xCCA2,0xCCA2,0xCCA2,0xCCA2,0x0000,0x0000,0x0000,0x0000,0x0000,0x0000,0x0000,
    0x0000,0x0000,0x0000,0x0000,0x0000,0x0000,0x0000,0x0000,0x0000,0x0000,0xCCA2,0xFE66,0xCCA2,0xFE66,
    0xFE66,0xFE66,0xCCA2,0xFE66,0xFE66,0xFE66,0xFE66,0xCCA2,0x0000,0x0000,0x0000,0x0000,0x0000,0x0000,
    0x0000,0x0000,0x0000,0x0000,0x0000,0xCCA2,0xCCA2,0xCCA2,0xCCA2,0xCCA2,0xFE66,0xFE66,0xFE66,0xCCA2,
    0xCCA2,0xCCA2,0xFE66,0xFE66,0xFE66,0xFE66,0xFE66,0xFE66,0xCCA2,0x0000,0x0000,0x0000,0x0000,0x0000,
    0x0000,0x0000,0x0000,0x0000,0xCCA2,0xEDA5,0xEDA5,0x0000,0xEDA5,0xEDA5,0xCCA2,0xFE66,0xFE66,0xFE66,
    0xFE66,0xFE66,0xFE66,0xFE66,0xFE66,0xFE66,0xFE66,0xFE66,0xCCA2,0x0000,0x0000,0x0000,0x0000,0x0000,
    0x0000,0x0000,0x0000,0x0000,0xCCA2,0xEDA5,0xEDA5,0x0000,0xEDA5,0xEDA5,0xCCA2,0xFE66,0xFE66,0xFE66,
    0xFE66,0xFE66,0xFE66,0xFE66,0xFE66,0xFE66,0xFE66,0xFE66,0xCCA2,0x0000,0x0000,0x0000,0x0000,0x0000,
    0x0000,0x0000,0x0000,0x0000,0xCCA2,0xEDA5,0xEDA5,0x0000,0xEDA5,0xEDA5,0xCCA2,0xFE66,0xFE66,0xFE66,
    0xFE66,0xFE66,0xFE66,0xFE66,0xFE66,0xFE66,0xFE66,0xFE66,0xCCA2,0x0000,0x0000,0x0000,0x0000,0x0000,
    0x0000,0x0000,0x0000,0x0000,0xCCA2,0xEDA5,0xEDA5,0x0000,0xEDA5,0xEDA5,0xCCA2,0xFE66,0xFE66,0xFE66,
    0xFE66,0xFE66,0xFE66,0xFE66,0xFE66,0xFE66,0xFE66,0xFE66,0xCCA2,0x0000,0x0000,0x0000,0x0000,0x0000,
    0x0000,0x0000,0x0000,0x0000,0xCCA2,0xEDA5,0xEDA5,0x0000,0xEDA5,0xEDA5,0xCCA2,0xFE66,0xFE66,0xFE66,
    0xFE66,0xFE66,0xFE66,0xFE66,0xFE66,0xFE66,0xFE66,0xFE66,0xCCA2,0x0000,0x0000,0x0000,0x0000,0x0000,
    0x0000,0x0000,0x0000,0x0000,0xCCA2,0xEDA5,0xEDA5,0x0000,0xEDA5,0xEDA5,0xCCA2,0xFE66,0xFE66,0xFE66,
    0xFE66,0xFE66,0xFE66,0xFE66,0xFE66,0xFE66,0xFE66,0xFE66,0xCCA2,0x0000,0x0000,0x0000,0x0000,0x0000,
    0x0000,0x0000,0x0000,0x0000,0xCCA2,0xEDA5,0xEDA5,0x0000,0xEDA5,0xEDA5,0xCCA2,0xFE66,0xFE66,0xFE66,
    0xFE66,0xFE66,0xFE66,0xFE66,0xFE66,0xFE66,0xFE66,0xFE66,0xCCA2,0x0000,0x0000,0x0000,0x0000,0x0000,
    0x0000,0x0000,0x0000,0x0000,0xCCA2,0xEDA5,0xEDA5,0x0000,0xEDA5,0xEDA5,0xCCA2,0xFE66,0xFE66,0xFE66,
    0xFE66,0xFE66,0xFE66,0xFE66,0xFE66,0xFE66,0xFE66,0xFE66,0xCCA2,0x0000,0x0000,0x0000,0x0000,0x0000,
    0x0000,0x0000,0x0000,0x0000,0xCCA2,0xEDA5,0xEDA5,0x0000,0xEDA5,0xEDA5,0xCCA2,0xFE66,0xFE66,0xFE66,
    0xFE66,0xFE66,0xFE66,0xFE66,0xFE66,0xFE66,0xFE66,0xFE66,0xCCA2,0x0000,0x0000,0x0000,0x0000,0x0000,
    0x0000,0x0000,0x0000,0x0000,0xCCA2,0xEDA5,0xEDA5,0x0000,0xEDA5,0xEDA5,0xCCA2,0xFE66,0xFE66,0xFE66,
    0xFE66,0xFE66,0xFE66,0xFE66,0xFE66,0xFE66,0xFE66,0xCCA2,0x0000,0x0000,0x0000,0x0000,0x0000,0x0000,
    0x0000,0x0000,0x0000,0x0000,0x0000,0xCCA2,0xCCA2,0xCCA2,0xCCA2,0xCCA2,0x0000,0xCCA2,0xCCA2,0xCCA2,
    0xCCA2,0xCCA2,0xCCA2,0xCCA2,0xCCA2,0xCCA2,0xCCA2,0x0000,0x0000,0x0000,0x0000,0x0000,0x0000,0x0000,
    0x0000,0x0000,0x0000,0x0000,0x0000,0x0000,0x0000,0x0000,0x0000,0x0000,0x0000,0x0000,0x0000,0x0000,
    0x0000,0x0000,0x0000,0x0000,0x0000,0x0000,0x0000,0x0000,0x0000,0x0000,0x0000,0x0000,0x0000,0x0000,
    0x0000,0x0000,0x0000,0x0000,0x0000,0x0000,0x0000,0x0000,0x0000,0x0000,0x0000,0x0000,0x0000,0x0000,
    0x0000,0x0000,0x0000,0x0000,0x0000,0x0000,0x0000,0x0000,0x0000,0x0000,0x0000,0x0000,0x0000,0x0000,
    0x0000,0x0000,0x0000,0x0000,0x0000,0x0000,0x0000,0x0000,0x0000,0x0000,0x0000,0x0000,0x0000,0x0000,
    0x0000,0x0000,0x0000,0x0000,0x0000,0x0000,0x0000,0x0000,0x0000,0x0000,0x0000,0x0000,0x0000,0x0000,
};
static const uint8_t kMask_1F44D[] = {
    0x00,0x00,0x00,0x00,0x00,0x00,0x00,0x00,0x00,0x00,0x00,0x00,0x70,0x00,0x00,0x0F,
    0x80,0x00,0x01,0xFC,0x00,0x00,0x1F,0xC0,0x00,0x01,0xFC,0x00,0x00,0x1F,0xC0,0x00,
    0x01,0xFC,0x00,0x00,0x1F,0xC0,0x00,0x01,0xFF,0x80,0x00,0x3F,0xFC,0x00,0x7F,0xFF,
    0xE0,0x0E,0xFF,0xFE,0x00,0xEF,0xFF,0xE0,0x0E,0xFF,0xFE,0x00,0xEF,0xFF,0xE0,0x0E,
    0xFF,0xFE,0x00,0xEF,0xFF,0xE0,0x0E,0xFF,0xFE,0x00,0xEF,0xFF,0xE0,0x0E,0xFF,0xFE,
    0x00,0xEF,0xFF,0xC0,0x07,0xDF,0xF8,0x00,0x00,0x00,0x00,0x00,0x00,0x00,0x00,0x00,
    0x00,0x00,
};

static const uint16_t kPix_1F44C[] = {
    0x0000,0x0000,0x0000,0x0000,0x0000,0x0000,0x0000,0x0000,0x0000,0x0000,0x0000,0x0000,0x0000,0x0000,
    0x0000,0x0000,0x0000,0x0000,0x0000,0x0000,0x0000,0x0000,0x0000,0x0000,0x0000,0x0000,0x0000,0x0000,
    0x0000,0x0000,0x0000,0x0000,0x0000,0x0000,0x0000,0x0000,0x0000,0x0000,0x0000,0x0000,0x0000,0x0000,
    0x0000,0x0000,0x0000,0x0000,0x0000,0x0000,0x0000,0x0000,0x0000,0x0000,0x0000,0x0000,0x0000,0x0000,
    0x0000,0x0000,0x0000,0x0000,0x0000,0x0000,0x0000,0x0000,0x0000,0x0000,0x0000,0x0000,0x0000,0x0000,
    0x0000,0x0000,0x0000,0x0000,0x0000,0x0000,0x0000,0x0000,0x0000,0x0000,0x0000,0x0000,0x0000,0x0000,
    0x0000,0x0000,0x0000,0x0000,0x0000,0x0000,0x0000,0x0000,0x0000,0x0000,0x0000,0x0000,0x0000,0x0000,
    0x0000,0x0000,0x0000,0x0000,0x0000,0x0000,0x0000,0x0000,0x0000,0x0000,0x0000,0x0000,0x0000,0x0000,
    0x0000,0x0000,0x0000,0x0000,0x0000,0x0000,0x0000,0x0000,0x0000,0x0000,0x0000,0x0000,0x0000,0x0000,
    0xFE66,0xFE66,0xFE66,0x0000,0x0000,0x0000,0x0000,0x0000,0x0000,0x0000,0x0000,0x0000,0x0000,0x0000,
    0x0000,0x0000,0x0000,0x0000,0x0000,0x0000,0x0000,0x0000,0x0000,0x0000,0x0000,0x0000,0x0000,0xFE66,
    0xFE66,0xFE66,0xFE66,0xFE66,0xFE66,0xFE66,0xFE66,0x0000,0x0000,0x0000,0x0000,0x0000,0x0000,0x0000,
    0x0000,0x0000,0x0000,0x0000,0x0000,0x0000,0x0000,0x0000,0x0000,0x0000,0x0000,0x0000,0x0000,0xFE66,
    0xFE66,0xFE66,0xFE66,0xFE66,0xFE66,0xFE66,0xFE66,0xFE66,0x0000,0x0000,0x0000,0x0000,0x0000,0x0000,
    0x0000,0x0000,0x0000,0x0000,0x0000,0x0000,0x0000,0x0000,0x0000,0x0000,0x0000,0x0000,0x0000,0xFE66,
    0xFE66,0xFE66,0xFE66,0xFE66,0xFE66,0xFE66,0xFE66,0xFE66,0xFE66,0xFE66,0xFE66,0x0000,0x0000,0x0000,
    0x0000,0x0000,0x0000,0x0000,0x0000,0x0000,0x0000,0x0000,0x0000,0x0000,0x0000,0x0000,0x0000,0xFE66,
    0xFE66,0xFE66,0xFE66,0xFE66,0xFE66,0xFE66,0xFE66,0xFE66,0xFE66,0xFE66,0xFE66,0xFE66,0x0000,0x0000,
    0x0000,0x0000,0x0000,0x0000,0x0000,0x0000,0x0000,0x0000,0x0000,0x0000,0x0000,0x0000,0x0000,0xFE66,
    0xFE66,0xFE66,0xFE66,0xFE66,0xFE66,0xFE66,0xFE66,0xFE66,0xFE66,0xFE66,0xFE66,0xFE66,0x0000,0x0000,
    0x0000,0x0000,0x0000,0x0000,0x0000,0x0000,0x0000,0xFE66,0xFE66,0xFE66,0xFE66,0xFE66,0x0000,0xFE66,
    0xFE66,0xFE66,0xFE66,0xFE66,0xFE66,0xFE66,0xFE66,0xFE66,0xFE66,0xFE66,0xFE66,0xFE66,0x0000,0x0000,
    0x0000,0x0000,0x0000,0x0000,0x0000,0x0000,0xFE66,0xFE66,0xFE66,0xFE66,0xFE66,0xFE66,0xFE66,0xFE66,
    0xFE66,0xFE66,0xFE66,0xFE66,0xFE66,0xFE66,0xFE66,0xFE66,0xFE66,0xFE66,0xFE66,0xFE66,0x0000,0x0000,
    0x0000,0x0000,0x0000,0x0000,0x0000,0xFE66,0xFE66,0xFE66,0xFE66,0xFE66,0xFE66,0xFE66,0xFE66,0xFE66,
    0xFE66,0xFE66,0xFE66,0xFE66,0xFE66,0xFE66,0xFE66,0xFE66,0xFE66,0xFE66,0xFE66,0xFE66,0x0000,0x0000,
    0x0000,0x0000,0x0000,0x0000,0xFE66,0xFE66,0xFE66,0xFE66,0xFE66,0xFE66,0xFE66,0xFE66,0xFE66,0xFE66,
    0xFE66,0xFE66,0xFE66,0xFE66,0xFE66,0xFE66,0xFE66,0xFE66,0xFE66,0xFE66,0xFE66,0xFE66,0x0000,0x0000,
    0x0000,0x0000,0x0000,0xFE66,0xFE66,0xFE66,0xFE66,0xFE66,0x0000,0x0000,0x0000,0xFE66,0xFE66,0xFE66,
    0xFE66,0xFE66,0xFE66,0xFE66,0xFE66,0xFE66,0xFE66,0xFE66,0xFE66,0xFE66,0xFE66,0xFE66,0x0000,0x0000,
    0x0000,0x0000,0x0000,0xFE66,0xFE66,0xFE66,0xFE66,0x0000,0x0000,0x0000,0x0000,0x0000,0xFE66,0xFE66,
    0xFE66,0xFE66,0xFE66,0xFE66,0xFE66,0xFE66,0xFE66,0xFE66,0xFE66,0xFE66,0xFE66,0xFE66,0x0000,0x0000,
    0x0000,0x0000,0x0000,0xFE66,0xFE66,0xFE66,0xFE66,0x0000,0x0000,0x0000,0x0000,0x0000,0xFE66,0xFE66,
    0xFE66,0xFE66,0xFE66,0x0000,0xFE66,0xFE66,0xFE66,0x0000,0xFE66,0xFE66,0xFE66,0x0000,0x0000,0x0000,
    0x0000,0x0000,0x0000,0xFE66,0xFE66,0xFE66,0xFE66,0x0000,0x0000,0x0000,0x0000,0x0000,0xFE66,0xFE66,
    0xFE66,0xFE66,0x0000,0x0000,0x0000,0x0000,0x0000,0x0000,0x0000,0x0000,0x0000,0x0000,0x0000,0x0000,
    0x0000,0x0000,0x0000,0xFE66,0xFE66,0xFE66,0xFE66,0xFE66,0x0000,0x0000,0x0000,0xFE66,0xFE66,0xFE66,
    0xFE66,0xFE66,0x0000,0x0000,0x0000,0x0000,0x0000,0x0000,0x0000,0x0000,0x0000,0x0000,0x0000,0x0000,
    0x0000,0x0000,0x0000,0x0000,0xFE66,0xFE66,0xFE66,0xFE66,0xFE66,0xFE66,0xFE66,0xFE66,0xFE66,0xFE66,
    0xFE66,0x0000,0x0000,0x0000,0x0000,0x0000,0x0000,0x0000,0x0000,0x0000,0x0000,0x0000,0x0000,0x0000,
    0x0000,0x0000,0x0000,0x0000,0x0000,0xFE66,0xFE66,0xFE66,0xFE66,0xFE66,0xFE66,0xFE66,0xFE66,0xFE66,
    0x0000,0x0000,0x0000,0x0000,0x0000,0x0000,0x0000,0x0000,0x0000,0x0000,0x0000,0x0000,0x0000,0x0000,
    0x0000,0x0000,0x0000,0x0000,0x0000,0x0000,0xFE66,0xFE66,0xFE66,0xFE66,0xFE66,0xFE66,0xFE66,0x0000,
    0x0000,0x0000,0x0000,0x0000,0x0000,0x0000,0x0000,0x0000,0x0000,0x0000,0x0000,0x0000,0x0000,0x0000,
    0x0000,0x0000,0x0000,0x0000,0x0000,0x0000,0x0000,0xFE66,0xFE66,0xFE66,0xFE66,0xFE66,0x0000,0x0000,
    0x0000,0x0000,0x0000,0x0000,0x0000,0x0000,0x0000,0x0000,0x0000,0x0000,0x0000,0x0000,0x0000,0x0000,
    0x0000,0x0000,0x0000,0x0000,0x0000,0x0000,0x0000,0x0000,0x0000,0x0000,0x0000,0x0000,0x0000,0x0000,
    0x0000,0x0000,0x0000,0x0000,0x0000,0x0000,0x0000,0x0000,0x0000,0x0000,0x0000,0x0000,0x0000,0x0000,
    0x0000,0x0000,0x0000,0x0000,0x0000,0x0000,0x0000,0x0000,0x0000,0x0000,0x0000,0x0000,0x0000,0x0000,
    0x0000,0x0000,0x0000,0x0000,0x0000,0x0000,0x0000,0x0000,0x0000,0x0000,0x0000,0x0000,0x0000,0x0000,
    0x0000,0x0000,0x0000,0x0000,0x0000,0x0000,0x0000,0x0000,0x0000,0x0000,0x0000,0x0000,0x0000,0x0000,
    0x0000,0x0000,0x0000,0x0000,0x0000,0x0000,0x0000,0x0000,0x0000,0x0000,0x0000,0x0000,0x0000,0x0000,
    0x0000,0x0000,0x0000,0x0000,0x0000,0x0000,0x0000,0x0000,0x0000,0x0000,0x0000,0x0000,0x0000,0x0000,
    0x0000,0x0000,0x0000,0x0000,0x0000,0x0000,0x0000,0x0000,0x0000,0x0000,0x0000,0x0000,0x0000,0x0000,
    0x0000,0x0000,0x0000,0x0000,0x0000,0x0000,0x0000,0x0000,0x0000,0x0000,0x0000,0x0000,0x0000,0x0000,
    0x0000,0x0000,0x0000,0x0000,0x0000,0x0000,0x0000,0x0000,0x0000,0x0000,0x0000,0x0000,0x0000,0x0000,
};
static const uint8_t kMask_1F44C[] = {
    0x00,0x00,0x00,0x00,0x00,0x00,0x00,0x00,0x00,0x00,0x00,0x00,0x00,0x00,0x00,0x03,
    0x80,0x00,0x00,0x7F,0x80,0x00,0x07,0xFC,0x00,0x00,0x7F,0xF8,0x00,0x07,0xFF,0xC0,
    0x00,0x7F,0xFC,0x01,0xF7,0xFF,0xC0,0x3F,0xFF,0xFC,0x07,0xFF,0xFF,0xC0,0xFF,0xFF,
    0xFC,0x1F,0x1F,0xFF,0xC1,0xE0,0xFF,0xFC,0x1E,0x0F,0xBB,0x81,0xE0,0xF0,0x00,0x1F,
    0x1F,0x00,0x00,0xFF,0xE0,0x00,0x07,0xFC,0x00,0x00,0x3F,0x80,0x00,0x01,0xF0,0x00,
    0x00,0x00,0x00,0x00,0x00,0x00,0x00,0x00,0x00,0x00,0x00,0x00,0x00,0x00,0x00,0x00,
    0x00,0x00,
};

static const uint16_t kPix_1F44F[] = {
    0x0000,0x0000,0x0000,0x0000,0x0000,0x0000,0x0000,0x0000,0x0000,0x0000,0x0000,0x0000,0x0000,0x0000,
    0x0000,0x0000,0x0000,0x0000,0x0000,0x0000,0x0000,0x0000,0x0000,0x0000,0x0000,0x0000,0x0000,0x0000,
    0x0000,0x0000,0x0000,0x0000,0x0000,0x0000,0x0000,0x0000,0x0000,0x0000,0x0000,0x0000,0x0000,0x0000,
    0x0000,0x0000,0x0000,0x0000,0x0000,0x0000,0x0000,0x0000,0x0000,0x0000,0x0000,0x0000,0x0000,0x0000,
    0x0000,0x0000,0x0000,0x0000,0x0000,0x0000,0x0000,0x0000,0x0000,0x0000,0x0000,0x0000,0x0000,0x0000,
    0x0000,0x0000,0x0000,0x0000,0x0000,0x0000,0x0000,0x0000,0x0000,0x0000,0x0000,0x0000,0x0000,0x0000,
    0x0000,0x0000,0x0000,0x0000,0x0000,0x0000,0x0000,0x0000,0x0000,0x0000,0x0000,0x0000,0x0000,0x0000,
    0x0000,0x0000,0x0000,0x0000,0x0000,0x0000,0x0000,0x0000,0x0000,0x0000,0x0000,0x0000,0x0000,0x0000,
    0x0000,0x0000,0x0000,0x0000,0x0000,0x0000,0x0000,0x0000,0x0000,0x0000,0x0000,0x0000,0x0000,0x0000,
    0x0000,0x0000,0x0000,0x0000,0x0000,0x0000,0x0000,0x0000,0x0000,0x0000,0x0000,0x0000,0x0000,0x0000,
    0x0000,0x0000,0x0000,0x0000,0x0000,0x0000,0x0000,0x0000,0x0000,0x0000,0x0000,0x0000,0x0000,0x0000,
    0x0000,0x0000,0x0000,0x0000,0x0000,0x0000,0x0000,0x0000,0x0000,0x0000,0x0000,0x0000,0x0000,0x0000,
    0x0000,0x0000,0x0000,0x0000,0x0000,0xCCA2,0xCCA2,0xCCA2,0x0000,0x0000,0x0000,0x0000,0x0000,0x0000,
    0x0000,0x0000,0x0000,0x0000,0x0000,0x0000,0x0000,0x0000,0x0000,0x0000,0x0000,0x0000,0x0000,0x0000,
    0x0000,0x0000,0x0000,0x0000,0xCCA2,0xFE66,0xFE66,0xFE66,0xCCA2,0x0000,0xCCA2,0xCCA2,0xCCA2,0x0000,
    0x0000,0x0000,0x0000,0x0000,0x0000,0x0000,0x0000,0x0000,0x0000,0x0000,0x0000,0x0000,0x0000,0x0000,
    0x0000,0x0000,0x0000,0x0000,0xCCA2,0xFE66,0xFE66,0xFE66,0xCCA2,0xCCA2,0xFE66,0xFE66,0xFE66,0xCCA2,
    0x0000,0xCCA2,0xCCA2,0xCCA2,0x0000,0x0000,0x0000,0x0000,0x0000,0x0000,0x0000,0x0000,0x0000,0x0000,
    0x0000,0x0000,0x0000,0x0000,0xCCA2,0xFE66,0xFE66,0xFE66,0xCCA2,0xCCA2,0xFE66,0xFE66,0xFE66,0xCCA2,
    0xCCA2,0xFE66,0xFE66,0xFE66,0xCCA2,0x0000,0x0000,0x0000,0x0000,0x0000,0x0000,0x0000,0x0000,0x0000,
    0x0000,0x0000,0x0000,0x0000,0xCCA2,0xFE66,0xFE66,0xFE66,0xCCA2,0xCCA2,0xFE66,0xFE66,0xFE66,0xCCA2,
    0xCCA2,0xFE66,0xFE66,0xFE66,0xCCA2,0x0000,0xCCA2,0xCCA2,0xCCA2,0x0000,0x0000,0x0000,0x0000,0x0000,
    0x0000,0x0000,0x0000,0x0000,0xCCA2,0xFE66,0xFE66,0xFE66,0xCCA2,0xCCA2,0xFE66,0xFE66,0xFE66,0xCCA2,
    0xCCA2,0xFE66,0xFE66,0xFE66,0xCCA2,0xCCA2,0xEDA5,0xEDA5,0xEDA5,0xCCA2,0x0000,0x0000,0x0000,0x0000,
    0x0000,0x0000,0x0000,0x0000,0xCCA2,0xFE66,0xFE66,0xFE66,0xCCA2,0xCCA2,0xFE66,0xFE66,0xFE66,0xCCA2,
    0xCCA2,0xFE66,0xFE66,0xFE66,0xCCA2,0xEDA5,0xEDA5,0xEDA5,0xEDA5,0xEDA5,0xCCA2,0x0000,0x0000,0x0000,
    0x0000,0x0000,0x0000,0x0000,0xCCA2,0xFE66,0xFE66,0xFE66,0xCCA2,0xCCA2,0xFE66,0xFE66,0xFE66,0xCCA2,
    0xCCA2,0xFE66,0xFE66,0xFE66,0xCCA2,0xEDA5,0xEDA5,0xEDA5,0xEDA5,0xEDA5,0xCCA2,0x0000,0x0000,0x0000,
    0x0000,0x0000,0x0000,0x0000,0xCCA2,0xFE66,0xFE66,0xFE66,0xCCA2,0xCCA2,0xFE66,0xFE66,0xFE66,0xCCA2,
    0xCCA2,0xFE66,0xFE66,0xFE66,0xCCA2,0xEDA5,0xEDA5,0xEDA5,0xEDA5,0xEDA5,0xCCA2,0x0000,0x0000,0x0000,
    0x0000,0x0000,0x0000,0x0000,0xCCA2,0xFE66,0xFE66,0xFE66,0xCCA2,0xCCA2,0xFE66,0xFE66,0xFE66,0xCCA2,
    0xCCA2,0xFE66,0xFE66,0xFE66,0xCCA2,0xEDA5,0xEDA5,0xEDA5,0xEDA5,0xEDA5,0xCCA2,0x0000,0x0000,0x0000,
    0x0000,0x0000,0x0000,0x0000,0xCCA2,0xFE66,0xFE66,0xFE66,0xCCA2,0xCCA2,0xFE66,0xFE66,0xFE66,0xCCA2,
    0xCCA2,0xFE66,0xFE66,0xFE66,0xCCA2,0xEDA5,0xEDA5,0xEDA5,0xEDA5,0xEDA5,0xCCA2,0x0000,0x0000,0x0000,
    0x0000,0x0000,0x0000,0x0000,0xCCA2,0xFE66,0xFE66,0xFE66,0xCCA2,0xCCA2,0xFE66,0xFE66,0xFE66,0xCCA2,
    0xCCA2,0xFE66,0xFE66,0xFE66,0xCCA2,0xEDA5,0xEDA5,0xEDA5,0xEDA5,0xEDA5,0xCCA2,0x0000,0x0000,0x0000,
    0x0000,0x0000,0x0000,0x0000,0xCCA2,0xFE66,0xFE66,0xFE66,0xCCA2,0xCCA2,0xFE66,0xFE66,0xFE66,0xCCA2,
    0xCCA2,0xFE66,0xFE66,0xFE66,0xCCA2,0xEDA5,0xEDA5,0xEDA5,0xEDA5,0xEDA5,0xCCA2,0x0000,0x0000,0x0000,
    0x0000,0x0000,0x0000,0x0000,0xCCA2,0xFE66,0xFE66,0xFE66,0xCCA2,0xCCA2,0xFE66,0xFE66,0xFE66,0xCCA2,
    0xCCA2,0xFE66,0xFE66,0xFE66,0xCCA2,0xEDA5,0xEDA5,0xEDA5,0xEDA5,0xEDA5,0xCCA2,0x0000,0x0000,0x0000,
    0x0000,0x0000,0x0000,0x0000,0x0000,0xCCA2,0xCCA2,0xCCA2,0x0000,0x0000,0xCCA2,0xCCA2,0xCCA2,0x0000,
    0x0000,0xCCA2,0xCCA2,0xCCA2,0xCCA2,0xEDA5,0xEDA5,0xEDA5,0xEDA5,0xEDA5,0xCCA2,0x0000,0x0000,0x0000,
    0x0000,0x0000,0x0000,0x0000,0x0000,0x0000,0x0000,0x0000,0x0000,0x0000,0x0000,0x0000,0x0000,0x0000,
    0x0000,0x0000,0x0000,0x0000,0x0000,0xCCA2,0xEDA5,0xEDA5,0xEDA5,0xCCA2,0x0000,0x0000,0x0000,0x0000,
    0x0000,0x0000,0x0000,0x0000,0x0000,0x0000,0x0000,0x0000,0x0000,0x0000,0x0000,0x0000,0x0000,0x0000,
    0x0000,0x0000,0x0000,0x0000,0x0000,0x0000,0xCCA2,0xCCA2,0xCCA2,0x0000,0x0000,0x0000,0x0000,0x0000,
    0x0000,0x0000,0x0000,0x0000,0x0000,0x0000,0x0000,0x0000,0x0000,0x0000,0x0000,0x0000,0x0000,0x0000,
    0x0000,0x0000,0x0000,0x0000,0x0000,0x0000,0x0000,0x0000,0x0000,0x0000,0x0000,0x0000,0x0000,0x0000,
    0x0000,0x0000,0x0000,0x0000,0x0000,0x0000,0x0000,0x0000,0x0000,0x0000,0x0000,0x0000,0x0000,0x0000,
    0x0000,0x0000,0x0000,0x0000,0x0000,0x0000,0x0000,0x0000,0x0000,0x0000,0x0000,0x0000,0x0000,0x0000,
    0x0000,0x0000,0x0000,0x0000,0x0000,0x0000,0x0000,0x0000,0x0000,0x0000,0x0000,0x0000,0x0000,0x0000,
    0x0000,0x0000,0x0000,0x0000,0x0000,0x0000,0x0000,0x0000,0x0000,0x0000,0x0000,0x0000,0x0000,0x0000,
    0x0000,0x0000,0x0000,0x0000,0x0000,0x0000,0x0000,0x0000,0x0000,0x0000,0x0000,0x0000,0x0000,0x0000,
    0x0000,0x0000,0x0000,0x0000,0x0000,0x0000,0x0000,0x0000,0x0000,0x0000,0x0000,0x0000,0x0000,0x0000,
    0x0000,0x0000,0x0000,0x0000,0x0000,0x0000,0x0000,0x0000,0x0000,0x0000,0x0000,0x0000,0x0000,0x0000,
    0x0000,0x0000,0x0000,0x0000,0x0000,0x0000,0x0000,0x0000,0x0000,0x0000,0x0000,0x0000,0x0000,0x0000,
};
static const uint8_t kMask_1F44F[] = {
    0x00,0x00,0x00,0x00,0x00,0x00,0x00,0x00,0x00,0x00,0x00,0x00,0x00,0x00,0x00,0x00,
    0x00,0x00,0x00,0x00,0x00,0x07,0x00,0x00,0x00,0xFB,0x80,0x00,0x0F,0xFD,0xC0,0x00,
    0xFF,0xFE,0x00,0x0F,0xFF,0xEE,0x00,0xFF,0xFF,0xF0,0x0F,0xFF,0xFF,0x80,0xFF,0xFF,
    0xF8,0x0F,0xFF,0xFF,0x80,0xFF,0xFF,0xF8,0x0F,0xFF,0xFF,0x80,0xFF,0xFF,0xF8,0x0F,
    0xFF,0xFF,0x80,0xFF,0xFF,0xF8,0x07,0x39,0xFF,0x80,0x00,0x01,0xF0,0x00,0x00,0x0E,
    0x00,0x00,0x00,0x00,0x00,0x00,0x00,0x00,0x00,0x00,0x00,0x00,0x00,0x00,0x00,0x00,
    0x00,0x00,
};

static const uint16_t kPix_1F525[] = {
    0x0000,0x0000,0x0000,0x0000,0x0000,0x0000,0x0000,0x0000,0x0000,0x0000,0x0000,0x0000,0x0000,0x0000,
    0x0000,0x0000,0x0000,0x0000,0x0000,0x0000,0x0000,0x0000,0x0000,0x0000,0x0000,0x0000,0x0000,0x0000,
    0x0000,0x0000,0x0000,0x0000,0x0000,0x0000,0x0000,0x0000,0x0000,0x0000,0x0000,0x0000,0x0000,0x0000,
    0xFBC5,0x0000,0x0000,0x0000,0x0000,0x0000,0x0000,0x0000,0x0000,0x0000,0x0000,0x0000,0x0000,0x0000,
    0x0000,0x0000,0x0000,0x0000,0x0000,0x0000,0x0000,0x0000,0x0000,0x0000,0x0000,0x0000,0x0000,0xFBC5,
    0xFBC5,0xFBC5,0x0000,0x0000,0x0000,0x0000,0x0000,0x0000,0x0000,0x0000,0x0000,0x0000,0x0000,0x0000,
    0x0000,0x0000,0x0000,0x0000,0x0000,0x0000,0x0000,0x0000,0x0000,0x0000,0x0000,0x0000,0x0000,0xFBC5,
    0xFBC5,0xFBC5,0x0000,0x0000,0x0000,0x0000,0x0000,0x0000,0x0000,0x0000,0x0000,0x0000,0x0000,0x0000,
    0x0000,0x0000,0x0000,0x0000,0x0000,0x0000,0x0000,0x0000,0x0000,0x0000,0x0000,0x0000,0xFBC5,0xFBC5,
    0xFBC5,0xFBC5,0xFBC5,0x0000,0x0000,0x0000,0x0000,0x0000,0x0000,0x0000,0x0000,0x0000,0x0000,0x0000,
    0x0000,0x0000,0x0000,0x0000,0x0000,0x0000,0x0000,0x0000,0x0000,0x0000,0x0000,0xFBC5,0xFBC5,0xFBC5,
    0xFBC5,0xFBC5,0xFBC5,0xFBC5,0x0000,0x0000,0x0000,0x0000,0x0000,0x0000,0x0000,0x0000,0x0000,0x0000,
    0x0000,0x0000,0x0000,0x0000,0x0000,0x0000,0x0000,0x0000,0x0000,0x0000,0xFBC5,0xFBC5,0xFBC5,0xFBC5,
    0xFBC5,0xFBC5,0xFBC5,0xFBC5,0xFBC5,0x0000,0x0000,0x0000,0x0000,0x0000,0x0000,0x0000,0x0000,0x0000,
    0x0000,0x0000,0x0000,0x0000,0x0000,0x0000,0x0000,0x0000,0x0000,0x0000,0xFBC5,0xFBC5,0xFBC5,0xFBC5,
    0xFBC5,0xFBC5,0xFBC5,0xFBC5,0xFBC5,0x0000,0x0000,0x0000,0x0000,0x0000,0x0000,0x0000,0x0000,0x0000,
    0x0000,0x0000,0x0000,0x0000,0x0000,0x0000,0x0000,0x0000,0x0000,0xFBC5,0xFBC5,0xFBC5,0xFBC5,0xFBC5,
    0xFE66,0xFBC5,0xFBC5,0xFBC5,0xFBC5,0xFBC5,0x0000,0x0000,0x0000,0x0000,0x0000,0x0000,0x0000,0x0000,
    0x0000,0x0000,0x0000,0x0000,0x0000,0x0000,0x0000,0x0000,0xFBC5,0xFBC5,0xFBC5,0xFBC5,0xFBC5,0xFE66,
    0xFE66,0xFE66,0xFBC5,0xFBC5,0xFBC5,0xFBC5,0xFBC5,0x0000,0x0000,0x0000,0x0000,0x0000,0x0000,0x0000,
    0x0000,0x0000,0x0000,0x0000,0x0000,0x0000,0x0000,0x0000,0xFBC5,0xFBC5,0xFBC5,0xFBC5,0xFBC5,0xFE66,
    0xFE66,0xFE66,0xFBC5,0xFBC5,0xFBC5,0xFBC5,0xFBC5,0x0000,0x0000,0x0000,0x0000,0x0000,0x0000,0x0000,
    0x0000,0x0000,0x0000,0x0000,0x0000,0x0000,0x0000,0xFBC5,0xFBC5,0xFBC5,0xFBC5,0xFBC5,0xFE66,0xFE66,
    0xFE66,0xFE66,0xFE66,0xFBC5,0xFBC5,0xFBC5,0xFBC5,0xFBC5,0x0000,0x0000,0x0000,0x0000,0x0000,0x0000,
    0x0000,0x0000,0x0000,0x0000,0x0000,0x0000,0xFBC5,0xFBC5,0xFBC5,0xFBC5,0xFBC5,0xFBC5,0xFE66,0xFE66,
    0xFE66,0xFE66,0xFE66,0xFBC5,0xFBC5,0xFBC5,0xFBC5,0xFBC5,0xFBC5,0x0000,0x0000,0x0000,0x0000,0x0000,
    0x0000,0x0000,0x0000,0x0000,0x0000,0xFBC5,0xFBC5,0xFBC5,0xFBC5,0xFBC5,0xFBC5,0xFE66,0xFE66,0xFE66,
    0xFE66,0xFE66,0xFE66,0xFE66,0xFBC5,0xFBC5,0xFBC5,0xFBC5,0xFBC5,0xFBC5,0x0000,0x0000,0x0000,0x0000,
    0x0000,0x0000,0x0000,0x0000,0x0000,0xFBC5,0xFBC5,0xFBC5,0xFBC5,0xFBC5,0xFE66,0xFE66,0xFE66,0xFE66,
    0xFE66,0xFE66,0xFE66,0xFE66,0xFE66,0xFBC5,0xFBC5,0xFBC5,0xFBC5,0xFBC5,0x0000,0x0000,0x0000,0x0000,
    0x0000,0x0000,0x0000,0x0000,0xFBC5,0xFBC5,0xFBC5,0xFBC5,0xFBC5,0xFBC5,0xFE66,0xFE66,0xFE66,0xFE66,
    0xFFB9,0xFE66,0xFE66,0xFE66,0xFE66,0xFBC5,0xFBC5,0xFBC5,0xFBC5,0xFBC5,0xFBC5,0x0000,0x0000,0x0000,
    0x0000,0x0000,0x0000,0x0000,0xFBC5,0xFBC5,0xFBC5,0xFBC5,0xFBC5,0xFE66,0xFE66,0xFE66,0xFE66,0xFE66,
    0xFFB9,0xFE66,0xFE66,0xFE66,0xFE66,0xFE66,0xFBC5,0xFBC5,0xFBC5,0xFBC5,0xFBC5,0x0000,0x0000,0x0000,
    0x0000,0x0000,0x0000,0x0000,0x0000,0xFBC5,0xFBC5,0xFBC5,0xFBC5,0xFE66,0xFE66,0xFE66,0xFE66,0xFFB9,
    0xFFB9,0xFFB9,0xFE66,0xFE66,0xFE66,0xFE66,0xFBC5,0xFBC5,0xFBC5,0xFBC5,0x0000,0x0000,0x0000,0x0000,
    0x0000,0x0000,0x0000,0x0000,0x0000,0xFBC5,0xFBC5,0xFBC5,0xFE66,0xFE66,0xFE66,0xFE66,0xFE66,0xFFB9,
    0xFFB9,0xFFB9,0xFE66,0xFE66,0xFE66,0xFE66,0xFE66,0xFBC5,0xFBC5,0xFBC5,0x0000,0x0000,0x0000,0x0000,
    0x0000,0x0000,0x0000,0x0000,0x0000,0xFBC5,0xFBC5,0xFBC5,0xFE66,0xFE66,0xFE66,0xFE66,0xFFB9,0xFFB9,
    0xFFB9,0xFFB9,0xFFB9,0xFE66,0xFE66,0xFE66,0xFE66,0xFBC5,0xFBC5,0xFBC5,0x0000,0x0000,0x0000,0x0000,
    0x0000,0x0000,0x0000,0x0000,0x0000,0x0000,0xFBC5,0xFBC5,0xFBC5,0xFE66,0xFE66,0xFE66,0xFFB9,0xFFB9,
    0xFFB9,0xFFB9,0xFFB9,0xFE66,0xFE66,0xFE66,0xFBC5,0xFBC5,0xFBC5,0x0000,0x0000,0x0000,0x0000,0x0000,
    0x0000,0x0000,0x0000,0x0000,0x0000,0x0000,0xFBC5,0xFBC5,0xFBC5,0xFE66,0xFE66,0xFFB9,0xFFB9,0xFFB9,
    0xFFB9,0xFFB9,0xFFB9,0xFFB9,0xFE66,0xFE66,0xFBC5,0xFBC5,0xFBC5,0x0000,0x0000,0x0000,0x0000,0x0000,
    0x0000,0x0000,0x0000,0x0000,0x0000,0x0000,0xFBC5,0xFBC5,0xFBC5,0xFE66,0xFE66,0xFE66,0xFE66,0xFE66,
    0xFE66,0xFE66,0xFE66,0xFE66,0xFE66,0xFE66,0xFBC5,0xFBC5,0xFBC5,0x0000,0x0000,0x0000,0x0000,0x0000,
    0x0000,0x0000,0x0000,0x0000,0x0000,0x0000,0xFBC5,0xFBC5,0xFBC5,0xFE66,0xFE66,0xFE66,0xFE66,0xFE66,
    0xFE66,0xFE66,0xFE66,0xFE66,0xFE66,0xFE66,0xFBC5,0xFBC5,0xFBC5,0x0000,0x0000,0x0000,0x0000,0x0000,
    0x0000,0x0000,0x0000,0x0000,0x0000,0x0000,0x0000,0xFBC5,0xFBC5,0xFBC5,0xFE66,0xFE66,0xFE66,0xFE66,
    0xFE66,0xFE66,0xFE66,0xFE66,0xFE66,0xFBC5,0xFBC5,0xFBC5,0x0000,0x0000,0x0000,0x0000,0x0000,0x0000,
    0x0000,0x0000,0x0000,0x0000,0x0000,0x0000,0x0000,0xFBC5,0xFBC5,0xFBC5,0xFE66,0xFE66,0xFE66,0xFE66,
    0xFE66,0xFE66,0xFE66,0xFE66,0xFE66,0xFBC5,0xFBC5,0xFBC5,0x0000,0x0000,0x0000,0x0000,0x0000,0x0000,
    0x0000,0x0000,0x0000,0x0000,0x0000,0x0000,0x0000,0x0000,0x0000,0x0000,0x0000,0x0000,0x0000,0x0000,
    0x0000,0x0000,0x0000,0x0000,0x0000,0x0000,0x0000,0x0000,0x0000,0x0000,0x0000,0x0000,0x0000,0x0000,
    0x0000,0x0000,0x0000,0x0000,0x0000,0x0000,0x0000,0x0000,0x0000,0x0000,0x0000,0x0000,0x0000,0x0000,
    0x0000,0x0000,0x0000,0x0000,0x0000,0x0000,0x0000,0x0000,0x0000,0x0000,0x0000,0x0000,0x0000,0x0000,
};
static const uint8_t kMask_1F525[] = {
    0x00,0x00,0x00,0x00,0x00,0x20,0x00,0x00,0x07,0x00,0x00,0x00,0x70,0x00,0x00,0x0F,
    0x80,0x00,0x01,0xFC,0x00,0x00,0x3F,0xE0,0x00,0x03,0xFE,0x00,0x00,0x7F,0xF0,0x00,
    0x0F,0xFF,0x80,0x00,0xFF,0xF8,0x00,0x1F,0xFF,0xC0,0x03,0xFF,0xFE,0x00,0x7F,0xFF,
    0xF0,0x07,0xFF,0xFF,0x00,0xFF,0xFF,0xF8,0x0F,0xFF,0xFF,0x80,0x7F,0xFF,0xF0,0x07,
    0xFF,0xFF,0x00,0x7F,0xFF,0xF0,0x03,0xFF,0xFE,0x00,0x3F,0xFF,0xE0,0x03,0xFF,0xFE,
    0x00,0x3F,0xFF,0xE0,0x01,0xFF,0xFC,0x00,0x1F,0xFF,0xC0,0x00,0x00,0x00,0x00,0x00,
    0x00,0x00,
};

static const uint16_t kPix_1F4A9[] = {
    0x0000,0x0000,0x0000,0x0000,0x0000,0x0000,0x0000,0x0000,0x0000,0x0000,0x0000,0x0000,0x0000,0x0000,
    0x0000,0x0000,0x0000,0x0000,0x0000,0x0000,0x0000,0x0000,0x0000,0x0000,0x0000,0x0000,0x0000,0x0000,
    0x0000,0x0000,0x0000,0x0000,0x0000,0x0000,0x0000,0x0000,0x0000,0x0000,0x0000,0x0000,0x0000,0x0000,
    0x0000,0x0000,0x0000,0x0000,0x0000,0x0000,0x0000,0x0000,0x0000,0x0000,0x0000,0x0000,0x0000,0x0000,
    0x0000,0x0000,0x0000,0x0000,0x0000,0x0000,0x0000,0x0000,0x0000,0x0000,0x0000,0x0000,0x0000,0x0000,
    0x0000,0x0000,0x0000,0x0000,0x0000,0x0000,0x0000,0x0000,0x0000,0x0000,0x0000,0x0000,0x0000,0x0000,
    0x0000,0x0000,0x0000,0x0000,0x0000,0x0000,0x0000,0x0000,0x0000,0x0000,0x0000,0x0000,0x0000,0x0000,
    0x0000,0x0000,0x0000,0x0000,0x0000,0x0000,0x0000,0x0000,0x0000,0x0000,0x0000,0x0000,0x0000,0x0000,
    0x0000,0x0000,0x0000,0x0000,0x0000,0x0000,0x0000,0x0000,0x0000,0x0000,0x0000,0x0000,0x7244,0x7244,
    0x7244,0x7244,0x7244,0x0000,0x0000,0x0000,0x0000,0x0000,0x0000,0x0000,0x0000,0x0000,0x0000,0x0000,
    0x0000,0x0000,0x0000,0x0000,0x0000,0x0000,0x0000,0x0000,0x0000,0x0000,0x0000,0x7244,0x8AC5,0x8AC5,
    0x8AC5,0x8AC5,0x8AC5,0x7244,0x0000,0x0000,0x0000,0x0000,0x0000,0x0000,0x0000,0x0000,0x0000,0x0000,
    0x0000,0x0000,0x0000,0x0000,0x0000,0x0000,0x0000,0x0000,0x0000,0x0000,0x7244,0x8AC5,0x8AC5,0x8AC5,
    0x8AC5,0x8AC5,0x8AC5,0x8AC5,0x7244,0x0000,0x0000,0x0000,0x0000,0x0000,0x0000,0x0000,0x0000,0x0000,
    0x0000,0x0000,0x0000,0x0000,0x0000,0x0000,0x0000,0x0000,0x0000,0x8AC5,0x8AC5,0x8AC5,0x8AC5,0x8AC5,
    0x8AC5,0x8AC5,0x8AC5,0x8AC5,0x8AC5,0x8AC5,0x0000,0x0000,0x0000,0x0000,0x0000,0x0000,0x0000,0x0000,
    0x0000,0x0000,0x0000,0x0000,0x0000,0x0000,0x0000,0x0000,0x0000,0x8AC5,0x8AC5,0x8AC5,0x8AC5,0x8AC5,
    0x8AC5,0x8AC5,0x8AC5,0x8AC5,0x8AC5,0x8AC5,0x0000,0x0000,0x0000,0x0000,0x0000,0x0000,0x0000,0x0000,
    0x0000,0x0000,0x0000,0x0000,0x0000,0x0000,0x0000,0x0000,0x0000,0x8AC5,0x8AC5,0xFFFF,0xFFFF,0x8AC5,
    0x8AC5,0x8AC5,0x8AC5,0xFFFF,0xFFFF,0x8AC5,0x0000,0x0000,0x0000,0x0000,0x0000,0x0000,0x0000,0x0000,
    0x0000,0x0000,0x0000,0x0000,0x0000,0x0000,0x0000,0x0000,0x0000,0x8AC5,0xFFFF,0x0000,0x0000,0xFFFF,
    0x8AC5,0x8AC5,0xFFFF,0x0000,0x0000,0xFFFF,0x0000,0x0000,0x0000,0x0000,0x0000,0x0000,0x0000,0x0000,
    0x0000,0x0000,0x0000,0x0000,0x0000,0x0000,0x0000,0x0000,0x0000,0x8AC5,0xFFFF,0x0000,0x0000,0xFFFF,
    0x8AC5,0x8AC5,0xFFFF,0x0000,0x0000,0xFFFF,0x0000,0x0000,0x0000,0x0000,0x0000,0x0000,0x0000,0x0000,
    0x0000,0x0000,0x0000,0x0000,0x0000,0x0000,0x0000,0x0000,0x8AC5,0x8AC5,0x8AC5,0xFFFF,0xFFFF,0x8AC5,
    0x8AC5,0x8AC5,0x8AC5,0xFFFF,0xFFFF,0x8AC5,0x8AC5,0x0000,0x0000,0x0000,0x0000,0x0000,0x0000,0x0000,
    0x0000,0x0000,0x0000,0x0000,0x0000,0x0000,0x0000,0x8AC5,0x8AC5,0x8AC5,0x8AC5,0x8AC5,0x8AC5,0x8AC5,
    0x8AC5,0x8AC5,0x8AC5,0x8AC5,0x8AC5,0x8AC5,0x8AC5,0x8AC5,0x0000,0x0000,0x0000,0x0000,0x0000,0x0000,
    0x0000,0x0000,0x0000,0x0000,0x0000,0x0000,0x8AC5,0x8AC5,0x8AC5,0x8AC5,0x8AC5,0x8AC5,0x8AC5,0x8AC5,
    0x8AC5,0x8AC5,0x8AC5,0x8AC5,0x8AC5,0x8AC5,0x8AC5,0x8AC5,0x8AC5,0x0000,0x0000,0x0000,0x0000,0x0000,
    0x0000,0x0000,0x0000,0x0000,0x0000,0x0000,0x8AC5,0x8AC5,0x8AC5,0x8AC5,0x8AC5,0x8AC5,0x8AC5,0x8AC5,
    0x8AC5,0x8AC5,0x8AC5,0x8AC5,0x8AC5,0x8AC5,0x8AC5,0x8AC5,0x8AC5,0x0000,0x0000,0x0000,0x0000,0x0000,
    0x0000,0x0000,0x0000,0x0000,0x0000,0x0000,0x8AC5,0x8AC5,0x8AC5,0x8AC5,0x8AC5,0x8AC5,0x8AC5,0x8AC5,
    0x8AC5,0x8AC5,0x8AC5,0x8AC5,0x8AC5,0x8AC5,0x8AC5,0x8AC5,0x8AC5,0x0000,0x0000,0x0000,0x0000,0x0000,
    0x0000,0x0000,0x0000,0x0000,0x0000,0x0000,0x0000,0x8AC5,0x8AC5,0x8AC5,0x8AC5,0x8AC5,0x0000,0x8AC5,
    0x8AC5,0x8AC5,0x8AC5,0x0000,0x8AC5,0x8AC5,0x8AC5,0x8AC5,0x0000,0x0000,0x0000,0x0000,0x0000,0x0000,
    0x0000,0x0000,0x0000,0x0000,0x0000,0x0000,0x0000,0x8AC5,0x8AC5,0x8AC5,0x8AC5,0x8AC5,0x8AC5,0x0000,
    0x0000,0x0000,0x0000,0x8AC5,0x8AC5,0x8AC5,0x8AC5,0x8AC5,0x0000,0x0000,0x0000,0x0000,0x0000,0x0000,
    0x0000,0x0000,0x0000,0x0000,0x0000,0x8AC5,0x8AC5,0x8AC5,0x8AC5,0x8AC5,0x8AC5,0x8AC5,0x8AC5,0x8AC5,
    0x8AC5,0x8AC5,0x8AC5,0x8AC5,0x8AC5,0x8AC5,0x8AC5,0x8AC5,0x8AC5,0x8AC5,0x0000,0x0000,0x0000,0x0000,
    0x0000,0x0000,0x0000,0x0000,0x8AC5,0x8AC5,0x8AC5,0x8AC5,0x8AC5,0x8AC5,0x8AC5,0x8AC5,0x8AC5,0x8AC5,
    0x8AC5,0x8AC5,0x8AC5,0x8AC5,0x8AC5,0x8AC5,0x8AC5,0x8AC5,0x8AC5,0x8AC5,0x8AC5,0x0000,0x0000,0x0000,
    0x0000,0x0000,0x0000,0x8AC5,0x8AC5,0x8AC5,0x8AC5,0x8AC5,0x8AC5,0x8AC5,0x8AC5,0x8AC5,0x8AC5,0x8AC5,
    0x8AC5,0x8AC5,0x8AC5,0x8AC5,0x8AC5,0x8AC5,0x8AC5,0x8AC5,0x8AC5,0x8AC5,0x8AC5,0x8AC5,0x0000,0x0000,
    0x0000,0x0000,0x0000,0x8AC5,0x8AC5,0x8AC5,0x8AC5,0x8AC5,0x8AC5,0x8AC5,0x8AC5,0x8AC5,0x8AC5,0x8AC5,
    0x8AC5,0x8AC5,0x8AC5,0x8AC5,0x8AC5,0x8AC5,0x8AC5,0x8AC5,0x8AC5,0x8AC5,0x8AC5,0x8AC5,0x0000,0x0000,
    0x0000,0x0000,0x0000,0x8AC5,0x8AC5,0x8AC5,0x8AC5,0x8AC5,0x8AC5,0x8AC5,0x8AC5,0x8AC5,0x8AC5,0x8AC5,
    0x8AC5,0x8AC5,0x8AC5,0x8AC5,0x8AC5,0x8AC5,0x8AC5,0x8AC5,0x8AC5,0x8AC5,0x8AC5,0x8AC5,0x0000,0x0000,
    0x0000,0x0000,0x0000,0x0000,0x8AC5,0x8AC5,0x8AC5,0x8AC5,0x8AC5,0x8AC5,0x8AC5,0x8AC5,0x8AC5,0x8AC5,
    0x8AC5,0x8AC5,0x8AC5,0x8AC5,0x8AC5,0x8AC5,0x8AC5,0x8AC5,0x8AC5,0x8AC5,0x8AC5,0x0000,0x0000,0x0000,
    0x0000,0x0000,0x0000,0x0000,0x0000,0x8AC5,0x8AC5,0x8AC5,0x8AC5,0x8AC5,0x8AC5,0x8AC5,0x8AC5,0x8AC5,
    0x8AC5,0x8AC5,0x8AC5,0x8AC5,0x8AC5,0x8AC5,0x8AC5,0x8AC5,0x8AC5,0x8AC5,0x0000,0x0000,0x0000,0x0000,
    0x0000,0x0000,0x0000,0x0000,0x0000,0x0000,0x0000,0x8AC5,0x8AC5,0x8AC5,0x8AC5,0x8AC5,0x8AC5,0x8AC5,
    0x8AC5,0x8AC5,0x8AC5,0x8AC5,0x8AC5,0x8AC5,0x8AC5,0x8AC5,0x0000,0x0000,0x0000,0x0000,0x0000,0x0000,
    0x0000,0x0000,0x0000,0x0000,0x0000,0x0000,0x0000,0x0000,0x0000,0x0000,0x8AC5,0x8AC5,0x8AC5,0x8AC5,
    0x8AC5,0x8AC5,0x8AC5,0x8AC5,0x8AC5,0x0000,0x0000,0x0000,0x0000,0x0000,0x0000,0x0000,0x0000,0x0000,
};
static const uint8_t kMask_1F4A9[] = {
    0x00,0x00,0x00,0x00,0x00,0x00,0x00,0x00,0x00,0x00,0x00,0x00,0x00,0x00,0x00,0x0F,
    0x80,0x00,0x01,0xFC,0x00,0x00,0x3F,0xE0,0x00,0x07,0xFF,0x00,0x00,0x7F,0xF0,0x00,
    0x07,0xFF,0x00,0x00,0x7F,0xF0,0x00,0x07,0xFF,0x00,0x00,0xFF,0xF8,0x00,0x1F,0xFF,
    0xC0,0x03,0xFF,0xFE,0x00,0x3F,0xFF,0xE0,0x03,0xFF,0xFE,0x00,0x1F,0xFF,0xC0,0x01,
    0xFF,0xFC,0x00,0x7F,0xFF,0xF0,0x0F,0xFF,0xFF,0x81,0xFF,0xFF,0xFC,0x1F,0xFF,0xFF,
    0xC1,0xFF,0xFF,0xFC,0x0F,0xFF,0xFF,0x80,0x7F,0xFF,0xF0,0x01,0xFF,0xFC,0x00,0x03,
    0xFE,0x00,
};

static const uint16_t kPix_2B50[] = {
    0x0000,0x0000,0x0000,0x0000,0x0000,0x0000,0x0000,0x0000,0x0000,0x0000,0x0000,0x0000,0x0000,0x0000,
    0x0000,0x0000,0x0000,0x0000,0x0000,0x0000,0x0000,0x0000,0x0000,0x0000,0x0000,0x0000,0x0000,0x0000,
    0x0000,0x0000,0x0000,0x0000,0x0000,0x0000,0x0000,0x0000,0x0000,0x0000,0x0000,0x0000,0x0000,0x0000,
    0xFE66,0x0000,0x0000,0x0000,0x0000,0x0000,0x0000,0x0000,0x0000,0x0000,0x0000,0x0000,0x0000,0x0000,
    0x0000,0x0000,0x0000,0x0000,0x0000,0x0000,0x0000,0x0000,0x0000,0x0000,0x0000,0x0000,0x0000,0x0000,
    0xFE66,0x0000,0x0000,0x0000,0x0000,0x0000,0x0000,0x0000,0x0000,0x0000,0x0000,0x0000,0x0000,0x0000,
    0x0000,0x0000,0x0000,0x0000,0x0000,0x0000,0x0000,0x0000,0x0000,0x0000,0x0000,0x0000,0x0000,0xFE66,
    0xFE66,0xFE66,0x0000,0x0000,0x0000,0x0000,0x0000,0x0000,0x0000,0x0000,0x0000,0x0000,0x0000,0x0000,
    0x0000,0x0000,0x0000,0x0000,0x0000,0x0000,0x0000,0x0000,0x0000,0x0000,0x0000,0x0000,0x0000,0xFE66,
    0xFE66,0xFE66,0x0000,0x0000,0x0000,0x0000,0x0000,0x0000,0x0000,0x0000,0x0000,0x0000,0x0000,0x0000,
    0x0000,0x0000,0x0000,0x0000,0x0000,0x0000,0x0000,0x0000,0x0000,0x0000,0x0000,0x0000,0xFE66,0xFE66,
    0xFE66,0xFE66,0x0000,0x0000,0x0000,0x0000,0x0000,0x0000,0x0000,0x0000,0x0000,0x0000,0x0000,0x0000,
    0x0000,0x0000,0x0000,0x0000,0x0000,0x0000,0x0000,0x0000,0x0000,0x0000,0x0000,0x0000,0xFE66,0xFE66,
    0xFE66,0xFE66,0xFE66,0x0000,0x0000,0x0000,0x0000,0x0000,0x0000,0x0000,0x0000,0x0000,0x0000,0x0000,
    0x0000,0x0000,0x0000,0x0000,0x0000,0x0000,0x0000,0x0000,0x0000,0x0000,0x0000,0xFE66,0xFE66,0xFE66,
    0xFE66,0xFE66,0xFE66,0x0000,0x0000,0x0000,0x0000,0x0000,0x0000,0x0000,0x0000,0x0000,0x0000,0x0000,
    0x0000,0x0000,0x0000,0x0000,0x0000,0x0000,0x0000,0x0000,0x0000,0x0000,0x0000,0xFE66,0xFE66,0xFE66,
    0xFE66,0xFE66,0xFE66,0xFE66,0x0000,0x0000,0x0000,0x0000,0x0000,0x0000,0x0000,0x0000,0x0000,0x0000,
    0x0000,0xFE66,0xFE66,0xFE66,0xFE66,0xFE66,0xFE66,0xFE66,0xFE66,0xFE66,0xFE66,0xFE66,0xFE66,0xFE66,
    0xFE66,0xFE66,0xFE66,0xFE66,0xFE66,0xFE66,0xFE66,0xFE66,0xFE66,0xFE66,0xFE66,0xFE66,0xFE66,0x0000,
    0x0000,0x0000,0xFE66,0xFE66,0xFE66,0xFE66,0xFE66,0xFE66,0xFE66,0xFE66,0xFE66,0xFE66,0xFE66,0xFE66,
    0xFE66,0xFE66,0xFE66,0xFE66,0xFE66,0xFE66,0xFE66,0xFE66,0xFE66,0xFE66,0xFE66,0xFE66,0x0000,0x0000,
    0x0000,0x0000,0x0000,0xFE66,0xFE66,0xFE66,0xFE66,0xFE66,0xFE66,0xFE66,0xFE66,0xFE66,0xFE66,0xFE66,
    0xFE66,0xFE66,0xFE66,0xFE66,0xFE66,0xFE66,0xFE66,0xFE66,0xFE66,0xFE66,0xFE66,0x0000,0x0000,0x0000,
    0x0000,0x0000,0x0000,0x0000,0x0000,0xFE66,0xFE66,0xFE66,0xFE66,0xFE66,0xFE66,0xFE66,0xFE66,0xFE66,
    0xFE66,0xFE66,0xFE66,0xFE66,0xFE66,0xFE66,0xFE66,0xFE66,0xFE66,0x0000,0x0000,0x0000,0x0000,0x0000,
    0x0000,0x0000,0x0000,0x0000,0x0000,0x0000,0xFE66,0xFE66,0xFE66,0xFE66,0xFE66,0xFE66,0xFE66,0xFE66,
    0xFE66,0xFE66,0xFE66,0xFE66,0xFE66,0xFE66,0xFE66,0xFE66,0x0000,0x0000,0x0000,0x0000,0x0000,0x0000,
    0x0000,0x0000,0x0000,0x0000,0x0000,0x0000,0x0000,0xFE66,0xFE66,0xFE66,0xFE66,0xFE66,0xFE66,0xFE66,
    0xFE66,0xFE66,0xFE66,0xFE66,0xFE66,0xFE66,0xFE66,0x0000,0x0000,0x0000,0x0000,0x0000,0x0000,0x0000,
    0x0000,0x0000,0x0000,0x0000,0x0000,0x0000,0x0000,0x0000,0xFE66,0xFE66,0xFE66,0xFE66,0xFE66,0xFE66,
    0xFE66,0xFE66,0xFE66,0xFE66,0xFE66,0xFE66,0x0000,0x0000,0x0000,0x0000,0x0000,0x0000,0x0000,0x0000,
    0x0000,0x0000,0x0000,0x0000,0x0000,0x0000,0x0000,0x0000,0xFE66,0xFE66,0xFE66,0xFE66,0xFE66,0xFE66,
    0xFE66,0xFE66,0xFE66,0xFE66,0xFE66,0xFE66,0x0000,0x0000,0x0000,0x0000,0x0000,0x0000,0x0000,0x0000,
    0x0000,0x0000,0x0000,0x0000,0x0000,0x0000,0x0000,0x0000,0xFE66,0xFE66,0xFE66,0xFE66,0xFE66,0xFE66,
    0xFE66,0xFE66,0xFE66,0xFE66,0xFE66,0xFE66,0x0000,0x0000,0x0000,0x0000,0x0000,0x0000,0x0000,0x0000,
    0x0000,0x0000,0x0000,0x0000,0x0000,0x0000,0x0000,0xFE66,0xFE66,0xFE66,0xFE66,0xFE66,0xFE66,0xFE66,
    0xFE66,0xFE66,0xFE66,0xFE66,0xFE66,0xFE66,0xFE66,0x0000,0x0000,0x0000,0x0000,0x0000,0x0000,0x0000,
    0x0000,0x0000,0x0000,0x0000,0x0000,0x0000,0x0000,0xFE66,0xFE66,0xFE66,0xFE66,0xFE66,0xFE66,0xFE66,
    0xFE66,0xFE66,0xFE66,0xFE66,0xFE66,0xFE66,0xFE66,0x0000,0x0000,0x0000,0x0000,0x0000,0x0000,0x0000,
    0x0000,0x0000,0x0000,0x0000,0x0000,0x0000,0x0000,0xFE66,0xFE66,0xFE66,0xFE66,0xFE66,0xFE66,0x0000,
    0x0000,0xFE66,0xFE66,0xFE66,0xFE66,0xFE66,0xFE66,0x0000,0x0000,0x0000,0x0000,0x0000,0x0000,0x0000,
    0x0000,0x0000,0x0000,0x0000,0x0000,0x0000,0x0000,0xFE66,0xFE66,0xFE66,0xFE66,0x0000,0x0000,0x0000,
    0x0000,0x0000,0xFE66,0xFE66,0xFE66,0xFE66,0xFE66,0x0000,0x0000,0x0000,0x0000,0x0000,0x0000,0x0000,
    0x0000,0x0000,0x0000,0x0000,0x0000,0x0000,0xFE66,0xFE66,0xFE66,0xFE66,0x0000,0x0000,0x0000,0x0000,
    0x0000,0x0000,0x0000,0x0000,0xFE66,0xFE66,0xFE66,0xFE66,0x0000,0x0000,0x0000,0x0000,0x0000,0x0000,
    0x0000,0x0000,0x0000,0x0000,0x0000,0x0000,0xFE66,0xFE66,0x0000,0x0000,0x0000,0x0000,0x0000,0x0000,
    0x0000,0x0000,0x0000,0x0000,0x0000,0xFE66,0xFE66,0xFE66,0x0000,0x0000,0x0000,0x0000,0x0000,0x0000,
    0x0000,0x0000,0x0000,0x0000,0x0000,0x0000,0xFE66,0x0000,0x0000,0x0000,0x0000,0x0000,0x0000,0x0000,
    0x0000,0x0000,0x0000,0x0000,0x0000,0x0000,0x0000,0xFE66,0x0000,0x0000,0x0000,0x0000,0x0000,0x0000,
    0x0000,0x0000,0x0000,0x0000,0x0000,0x0000,0x0000,0x0000,0x0000,0x0000,0x0000,0x0000,0x0000,0x0000,
    0x0000,0x0000,0x0000,0x0000,0x0000,0x0000,0x0000,0x0000,0x0000,0x0000,0x0000,0x0000,0x0000,0x0000,
    0x0000,0x0000,0x0000,0x0000,0x0000,0x0000,0x0000,0x0000,0x0000,0x0000,0x0000,0x0000,0x0000,0x0000,
    0x0000,0x0000,0x0000,0x0000,0x0000,0x0000,0x0000,0x0000,0x0000,0x0000,0x0000,0x0000,0x0000,0x0000,
    0x0000,0x0000,0x0000,0x0000,0x0000,0x0000,0x0000,0x0000,0x0000,0x0000,0x0000,0x0000,0x0000,0x0000,
    0x0000,0x0000,0x0000,0x0000,0x0000,0x0000,0x0000,0x0000,0x0000,0x0000,0x0000,0x0000,0x0000,0x0000,
};
static const uint8_t kMask_2B50[] = {
    0x00,0x00,0x00,0x00,0x00,0x20,0x00,0x00,0x02,0x00,0x00,0x00,0x70,0x00,0x00,0x07,
    0x00,0x00,0x00,0xF0,0x00,0x00,0x0F,0x80,0x00,0x01,0xF8,0x00,0x00,0x1F,0xC0,0x07,
    0xFF,0xFF,0xFE,0x3F,0xFF,0xFF,0xC1,0xFF,0xFF,0xF8,0x07,0xFF,0xFE,0x00,0x3F,0xFF,
    0xC0,0x01,0xFF,0xF8,0x00,0x0F,0xFF,0x00,0x00,0xFF,0xF0,0x00,0x0F,0xFF,0x00,0x01,
    0xFF,0xF8,0x00,0x1F,0xFF,0x80,0x01,0xF9,0xF8,0x00,0x1E,0x0F,0x80,0x03,0xC0,0x3C,
    0x00,0x30,0x01,0xC0,0x02,0x00,0x04,0x00,0x00,0x00,0x00,0x00,0x00,0x00,0x00,0x00,
    0x00,0x00,
};

const Item kSet[] = {
    {"\xF0\x9F\x99\x82", "улыбка", kPix_1F642, kMask_1F642},
    {"\xF0\x9F\x98\x82", "смех", kPix_1F602, kMask_1F602},
    {"\xF0\x9F\x98\x8A", "подмигивание", kPix_1F60A, kMask_1F60A},
    {"\xF0\x9F\x98\x8D", "влюблён", kPix_1F60D, kMask_1F60D},
    {"\xF0\x9F\x98\x8E", "в очках", kPix_1F60E, kMask_1F60E},
    {"\xF0\x9F\xA4\x94", "думает", kPix_1F914, kMask_1F914},
    {"\xF0\x9F\x98\x94", "грусть", kPix_1F614, kMask_1F614},
    {"\xF0\x9F\x98\xA2", "слёзы", kPix_1F622, kMask_1F622},
    {"\xF0\x9F\x98\xA1", "злость", kPix_1F621, kMask_1F621},
    {"\xF0\x9F\x98\x98", "поцелуй", kPix_1F618, kMask_1F618},
    {"\xE2\x9D\xA4", "сердце", kPix_2764, kMask_2764},
    {"\xF0\x9F\x91\x8D", "палец вверх", kPix_1F44D, kMask_1F44D},
    {"\xF0\x9F\x91\x8C", "хорошо", kPix_1F44C, kMask_1F44C},
    {"\xF0\x9F\x91\x8F", "аплодисменты", kPix_1F44F, kMask_1F44F},
    {"\xF0\x9F\x94\xA5", "огонь", kPix_1F525, kMask_1F525},
    {"\xF0\x9F\x92\xA9", "какашка", kPix_1F4A9, kMask_1F4A9},
    {"\xE2\xAD\x90", "звезда", kPix_2B50, kMask_2B50},
};
const size_t kCount = sizeof(kSet) / sizeof(kSet[0]);

}  // namespace emoji
