// СГЕНЕРИРОВАНО tools/make_emoji.py — править сценарий, не файл.
#include "emoji_rom.h"

namespace emoji {

static const uint16_t kP_1F642[1024] = {
  0x0000,0x0000,0x0000,0x0000,0x0000,0x0000,0x0000,0x0000,0x0000,0x0000,0x0000,0x0000,0x0000,0x0000,
  0x0000,0x0000,0x0000,0x0000,0x0000,0x0000,0x0000,0x0000,0x0000,0x0000,0x0000,0x0000,0x0000,0x0000,
  0x0000,0x0000,0x0000,0x0000,0x0000,0x0000,0x0000,0x0000,0x0000,0x0000,0x0000,0x0000,0x0000,0x0000,
  0x0000,0x0000,0x0000,0x1060,0x3961,0x4181,0x4161,0x4181,0x18A0,0x0820,0x0000,0x0000,0x0000,0x0000,
  0x0000,0x0000,0x0000,0x0000,0x0000,0x0000,0x0000,0x0000,0x0000,0x0000,0x0000,0x0000,0x0000,0x0000,
  0x0000,0x0000,0x0000,0x0000,0x20C0,0x7AA1,0xBC23,0xDCE3,0xF564,0xF584,0xF564,0xF584,0xE503,0xCC83,
  0x8B22,0x3961,0x0000,0x0000,0x0000,0x0000,0x0000,0x0000,0x0000,0x0000,0x0000,0x0000,0x0000,0x0000,
  0x0000,0x0000,0x0000,0x0000,0x0000,0x0000,0x18A0,0x9322,0xE503,0xFDA4,0xFDC4,0xFDE4,0xF5E5,0xF605,
  0xFE05,0xF605,0xF5E4,0xFDC4,0xFDA4,0xF544,0xABC2,0x3940,0x0000,0x0000,0x0000,0x0000,0x0000,0x0000,
  0x0000,0x0000,0x0000,0x0000,0x0000,0x0000,0x0000,0x0000,0x0000,0x51E1,0xDCE3,0xFDA4,0xF5C4,0xFE25,
  0xFE45,0xFE45,0xFE65,0xFE45,0xFE45,0xFE45,0xFE45,0xFE45,0xFE25,0xF5E4,0xFDA4,0xF543,0x82E2,0x0000,
  0x0000,0x0000,0x0000,0x0000,0x0000,0x0000,0x0000,0x0000,0x0000,0x0000,0x0000,0x0000,0x8B02,0xF564,
  0xF5A4,0xFE25,0xFE45,0xFE45,0xFE45,0xFE45,0xFE45,0xFE45,0xFE45,0xFE45,0xFE45,0xFE45,0xFE45,0xFE65,
  0xFE45,0xF5C4,0xFD84,0xB402,0x1080,0x0000,0x0000,0x0000,0x0000,0x0000,0x0000,0x0000,0x0000,0x0000,
  0x0000,0x8302,0xFDA4,0xF5C4,0xFE45,0xFE45,0xFE45,0xFE45,0xFE45,0xFE45,0xFE45,0xFE45,0xFE45,0xFE45,
  0xFE45,0xFE45,0xFE45,0xFE45,0xFE45,0xFE65,0xF5E5,0xFDA4,0xC443,0x0020,0x0000,0x0000,0x0000,0x0000,
  0x0000,0x0000,0x0000,0x0000,0x51C1,0xF564,0xF5C4,0xFE65,0xFE45,0xFE45,0xFE45,0xFE45,0xFE45,0xFE45,
  0xFE45,0xFE45,0xFE45,0xFE45,0xFE45,0xFE45,0xFE45,0xFE45,0xFE45,0xFE45,0xFE65,0xF605,0xFD84,0x8B22,
  0x0000,0x0000,0x0000,0x0000,0x0000,0x0000,0x0000,0x18A0,0xDCE3,0xF5A4,0xFE45,0xFE45,0xFE45,0xFE45,
  0xFE45,0xFE45,0xFE45,0xFE45,0xFE45,0xFE45,0xFE45,0xFE45,0xFE45,0xFE45,0xFE45,0xFE45,0xFE45,0xFE45,
  0xFE45,0xFE65,0xF5C4,0xFD84,0x49A1,0x0000,0x0000,0x0000,0x0000,0x0000,0x0000,0x8B02,0xFDA4,0xFE25,
  0xFE45,0xFE45,0xFE45,0xFE45,0xFE45,0xFE45,0xFE45,0xFE45,0xFE45,0xFE45,0xFE45,0xFE45,0xFE45,0xFE45,
  0xFE45,0xFE25,0xFE45,0xFE45,0xFE45,0xFE45,0xFE45,0xF5A4,0xCC63,0x0020,0x0000,0x0000,0x0000,0x0000,
  0x20C0,0xE503,0xF5C4,0xFE65,0xFE45,0xFE45,0xFE45,0xFE45,0xFEA5,0xFEA5,0xFE45,0xFE45,0xFE45,0xFE45,
  0xFE45,0xFE45,0xFE45,0xFE45,0xFE85,0xFEA5,0xFE45,0xFE45,0xFE45,0xFE45,0xFE65,0xF5E5,0xF584,0x5A01,
  0x0000,0x0000,0x0000,0x0000,0x7281,0xFDA4,0xFE25,0xFE45,0xFE45,0xFE45,0xFE45,0xFE65,0xB444,0xB444,
  0xFE65,0xFE45,0xFE45,0xFE45,0xFE45,0xFE45,0xFE45,0xFE85,0xD504,0x9BA4,0xF625,0xFE65,0xFE45,0xFE45,
  0xFE45,0xFE45,0xFDA4,0xB402,0x0000,0x0000,0x0000,0x0020,0xBC22,0xF5A4,0xFE45,0xFE45,0xFE45,0xFE45,
  0xFE85,0xCD04,0x3103,0x3103,0xCD04,0xFE85,0xFE45,0xFE45,0xFE45,0xFE45,0xFE65,0xF605,0x51C3,0x20A2,
  0x9BA4,0xFEA5,0xFE45,0xFE45,0xFE45,0xFE65,0xF5C4,0xE503,0x20C0,0x0000,0x0000,0x1060,0xDCC3,0xFDE4,
  0xFE45,0xFE45,0xFE45,0xFE25,0xFEA5,0x8B44,0x3943,0x3943,0x8B44,0xFEA5,0xFE25,0xFE45,0xFE45,0xFE45,
  0xFEA5,0xC4C4,0x3123,0x4183,0x5A03,0xFE45,0xFE45,0xFE45,0xFE45,0xFE45,0xF605,0xF584,0x49A1,0x0000,
  0x0000,0x3961,0xF563,0xF5E4,0xFE45,0xFE45,0xFE45,0xFE45,0xFE85,0xC4A4,0x30E3,0x30E3,0xC4A4,0xFE85,
  0xFE45,0xFE45,0xFE45,0xFE45,0xFE65,0xEDC5,0x49A3,0x20A2,0x8B44,0xFE85,0xFE45,0xFE45,0xFE45,0xFE45,
  0xFE25,0xFDA4,0x7AC1,0x0000,0x0000,0x4161,0xF564,0xF605,0xFE45,0xFE45,0xFE45,0xFE45,0xFE45,0xFE65,
  0x93A4,0x93A4,0xFE65,0xFE45,0xFE45,0xFE45,0xFE45,0xFE45,0xFE45,0xFE85,0xBC84,0x7AE4,0xEDE5,0xFE65,
  0xFE45,0xFE45,0xFE45,0xFE45,0xFE25,0xFDC4,0x82E2,0x0000,0x0000,0x4161,0xF564,0xF605,0xFE45,0xFE45,
  0xFE45,0xFE45,0xFE45,0xFE45,0xFE85,0xFE85,0xFE45,0xFE45,0xFE45,0xFE45,0xFE45,0xFE45,0xFE45,0xFE45,
  0xFE85,0xFEA5,0xFE65,0xFE45,0xFE45,0xFE45,0xFE45,0xFE45,0xFE25,0xFDC4,0x82C2,0x0000,0x0000,0x4181,
  0xF584,0xF605,0xFE45,0xFE45,0xFE45,0xFE45,0xFE45,0xFE45,0xFE45,0xFE45,0xFE45,0xFE45,0xFE45,0xFE45,
  0xFE45,0xFE45,0xFE45,0xFE45,0xFE45,0xFE45,0xFE45,0xFE45,0xFE45,0xFE45,0xFE45,0xFE45,0xFE25,0xFDC4,
  0x82E2,0x0000,0x0000,0x18A0,0xE4E3,0xF5E4,0xFE45,0xFE45,0xFE45,0xFE45,0xFE45,0xFE45,0xFE45,0xFE45,
  0xFE45,0xFE45,0xFE45,0xFE45,0xFE45,0xFE45,0xFE45,0xFE45,0xFE45,0xFE45,0xFE45,0xFE45,0xFE45,0xFE45,
  0xFE45,0xFE45,0xF605,0xFD84,0x51E1,0x0000,0x0000,0x0820,0xCC63,0xFDC4,0xFE45,0xFE45,0xFE45,0xFE45,
  0xFE45,0xFE45,0xFE45,0xFE45,0xFE45,0xFE45,0xFE45,0xFE45,0xFE45,0xFE45,0xFE45,0xFE45,0xFE45,0xFE45,
  0xFE45,0xFE45,0xFE45,0xFE45,0xFE45,0xFE65,0xF5E4,0xED43,0x3100,0x0000,0x0000,0x0000,0x8B02,0xFDA4,
  0xFE25,0xFE45,0xFE45,0xFE45,0xFE45,0xFE45,0xFE45,0xFE45,0xFE45,0xFE45,0xFE45,0xFE45,0xFE45,0xFE45,
  0xFE45,0xFE45,0xFE45,0xFE45,0xFE45,0xFE45,0xFE45,0xFE45,0xFE45,0xFE45,0xF5A4,0xC443,0x0020,0x0000,
  0x0000,0x0000,0x3940,0xF544,0xF5E4,0xFE65,0xFE45,0xFE45,0xFE85,0xFEA5,0xFE45,0xFE45,0xFE45,0xFE45,
  0xFE45,0xFE45,0xFE45,0xFE45,0xFE45,0xFE45,0xFE45,0xFE45,0xFEA5,0xFE85,0xFE45,0xFE45,0xFE45,0xFE05,
  0xFDA4,0x7AA1,0x0000,0x0000,0x0000,0x0000,0x0000,0xABC2,0xFDA4,0xFE45,0xFE45,0xFE65,0xD545,0x9364,
  0xFE45,0xFE85,0xFE45,0xFE25,0xFE45,0xFE45,0xFE45,0xFE45,0xFE25,0xFE45,0xFE65,0xFEA5,0xAC24,0xC4C4,
  0xFE65,0xFE45,0xFE45,0xF5C4,0xDCE3,0x1080,0x0000,0x0000,0x0000,0x0000,0x0000,0x3940,0xF543,0xF5C4,
  0xFE45,0xFE85,0xA404,0x2082,0x6A63,0xDD85,0xFE85,0xFEA5,0xFE85,0xFE85,0xFE85,0xFE85,0xFEA5,0xFE85,
  0xF605,0x8B64,0x20A2,0x7AC3,0xFE65,0xFE45,0xF605,0xFDA4,0x7281,0x0000,0x0000,0x0000,0x0000,0x0000,
  0x0000,0x0000,0x82C2,0xFD84,0xF5E5,0xFE45,0xFE85,0xA404,0x3123,0x3103,0x6A83,0xA404,0xD545,0xE5A5,
  0xE585,0xE585,0xB464,0x7B04,0x4163,0x28C3,0x7B04,0xFE45,0xFE65,0xFE25,0xF584,0xBC22,0x0020,0x0000,
  0x0000,0x0000,0x0000,0x0000,0x0000,0x0000,0x0000,0xB402,0xFDA4,0xF5E5,0xFE65,0xFE85,0xE5A5,0x8B44,
  0x4163,0x28C3,0x30E3,0x3103,0x3103,0x3103,0x28C3,0x3123,0x6AA3,0xCD24,0xFE85,0xFE65,0xFE25,0xF584,
  0xE503,0x20A0,0x0000,0x0000,0x0000,0x0000,0x0000,0x0000,0x0000,0x0000,0x0000,0x1080,0xC443,0xFD84,
  0xF5C4,0xFE45,0xFE85,0xFEA5,0xEDE5,0xCD04,0xA3E4,0x9364,0x9384,0x93A4,0xC4C4,0xE585,0xFE85,0xFE85,
  0xFE45,0xF5E5,0xF584,0xE503,0x3960,0x0000,0x0000,0x0000,0x0000,0x0000,0x0000,0x0000,0x0000,0x0000,
  0x0000,0x0000,0x0840,0x9342,0xF584,0xF5A4,0xF5E5,0xFE25,0xFE65,0xFEA5,0xFEA5,0xFEA5,0xFEA5,0xFEA5,
  0xFEA5,0xFE85,0xFE45,0xF605,0xF5C4,0xFDA4,0xBC23,0x20C0,0x0000,0x0000,0x0000,0x0000,0x0000,0x0000,
  0x0000,0x0000,0x0000,0x0000,0x0000,0x0000,0x0000,0x0000,0x51C1,0xCC63,0xF584,0xFDA4,0xF5C4,0xF5E5,
  0xF605,0xF625,0xF625,0xF605,0xF605,0xF5E4,0xF5C4,0xFDA4,0xDCC3,0x7AC1,0x0020,0x0000,0x0000,0x0000,
  0x0000,0x0000,0x0000,0x0000,0x0000,0x0000,0x0000,0x0000,0x0000,0x0000,0x0000,0x0000,0x0000,0x0020,
  0x5A21,0xB402,0xE503,0xF584,0xFDA4,0xFDC4,0xFDC4,0xFDC4,0xFD84,0xED43,0xC463,0x7AC2,0x1880,0x0000,
  0x0000,0x0000,0x0000,0x0000,0x0000,0x0000,0x0000,0x0000,0x0000,0x0000,0x0000,0x0000,0x0000,0x0000,
  0x0000,0x0000,0x0000,0x0000,0x0000,0x0000,0x20C0,0x49A1,0x7AC1,0x82E2,0x82C2,0x82E2,0x51E1,0x3120,
  0x0000,0x0000,0x0000,0x0000,0x0000,0x0000,0x0000,0x0000,0x0000,0x0000,0x0000,0x0000,0x0000,0x0000,
  0x0000,0x0000,0x0000,0x0000,0x0000,0x0000,0x0000,0x0000,0x0000,0x0000,0x0000,0x0000,0x0000,0x0000,
  0x0000,0x0000,0x0000,0x0000,0x0000,0x0000,0x0000,0x0000,0x0000,0x0000,0x0000,0x0000,0x0000,0x0000,
  0x0000,0x0000,
};
static const uint16_t kP_1F602[1024] = {
  0x0000,0x0000,0x0000,0x0000,0x0000,0x0000,0x0000,0x0000,0x0000,0x0000,0x0000,0x0000,0x0000,0x0000,
  0x0000,0x0000,0x0000,0x0000,0x0000,0x0000,0x0000,0x0000,0x0000,0x0000,0x0000,0x0000,0x0000,0x0000,
  0x0000,0x0000,0x0000,0x0000,0x0000,0x0000,0x0000,0x0000,0x0000,0x0000,0x0000,0x0000,0x0000,0x0000,
  0x0000,0x0000,0x0000,0x1060,0x3961,0x4181,0x4161,0x4181,0x18A0,0x0820,0x0000,0x0000,0x0000,0x0000,
  0x0000,0x0000,0x0000,0x0000,0x0000,0x0000,0x0000,0x0000,0x0000,0x0000,0x0000,0x0000,0x0000,0x0000,
  0x0000,0x0000,0x0000,0x0000,0x20C0,0x7AA1,0xBC23,0xDCE3,0xF564,0xF584,0xF564,0xF584,0xE503,0xCC83,
  0x8B22,0x3961,0x0000,0x0000,0x0000,0x0000,0x0000,0x0000,0x0000,0x0000,0x0000,0x0000,0x0000,0x0000,
  0x0000,0x0000,0x0000,0x0000,0x0000,0x0000,0x18A0,0x9322,0xE503,0xFDA4,0xFDC4,0xFDE4,0xF5E5,0xF605,
  0xFE05,0xF605,0xF5E4,0xFDC4,0xFDA4,0xF544,0xABC2,0x3940,0x0000,0x0000,0x0000,0x0000,0x0000,0x0000,
  0x0000,0x0000,0x0000,0x0000,0x0000,0x0000,0x0000,0x0000,0x0000,0x51E1,0xDCE3,0xFDA4,0xF5C4,0xFE25,
  0xFE45,0xFE45,0xFE65,0xFE45,0xFE45,0xFE45,0xFE45,0xFE45,0xFE25,0xF5E4,0xFDA4,0xF543,0x82E2,0x0000,
  0x0000,0x0000,0x0000,0x0000,0x0000,0x0000,0x0000,0x0000,0x0000,0x0000,0x0000,0x0000,0x8B02,0xF564,
  0xF5A4,0xFE25,0xFE45,0xFE45,0xFE45,0xFE45,0xFE45,0xFE45,0xFE45,0xFE45,0xFE45,0xFE45,0xFE45,0xFE65,
  0xFE45,0xF5C4,0xFD84,0xB402,0x1080,0x0000,0x0000,0x0000,0x0000,0x0000,0x0000,0x0000,0x0000,0x0000,
  0x0000,0x8302,0xFDA4,0xF5C4,0xFE45,0xFE45,0xFE45,0xFE45,0xFE45,0xFE45,0xFE45,0xFE45,0xFE45,0xFE45,
  0xFE45,0xFE45,0xFE45,0xFE45,0xFE45,0xFE65,0xF5E5,0xFDA4,0xC443,0x0020,0x0000,0x0000,0x0000,0x0000,
  0x0000,0x0000,0x0000,0x0000,0x51C1,0xF564,0xF5C4,0xFE65,0xFE45,0xFE45,0xFE45,0xFE45,0xFE45,0xFE45,
  0xFE45,0xFE45,0xFE45,0xFE45,0xFE45,0xFE45,0xFE45,0xFE45,0xFE45,0xFE45,0xFE65,0xF605,0xFD84,0x8B22,
  0x0000,0x0000,0x0000,0x0000,0x0000,0x0000,0x0000,0x18A0,0xDCE3,0xF5A4,0xFE45,0xFE45,0xFE45,0xFE45,
  0xFE45,0xFE45,0xFE45,0xFE45,0xFE45,0xFE45,0xFE45,0xFE45,0xFE45,0xFE45,0xFE45,0xFE45,0xFE45,0xFE45,
  0xFE45,0xFE65,0xF5C4,0xFD84,0x49A1,0x0000,0x0000,0x0000,0x0000,0x0000,0x0000,0x8B02,0xFDA4,0xFE25,
  0xFE45,0xFE45,0xFE45,0xFE45,0xFE85,0xFE85,0xFE45,0xFE45,0xFE45,0xFE45,0xFE45,0xFE45,0xFE45,0xFE45,
  0xFE65,0xFE85,0xFE45,0xFE45,0xFE45,0xFE45,0xFE45,0xF5A4,0xCC63,0x0020,0x0000,0x0000,0x0000,0x0000,
  0x20C0,0xE503,0xF5C4,0xFE65,0xFE45,0xFE45,0xFE85,0xFE65,0xE585,0xE585,0xFE65,0xFE85,0xFE45,0xFE45,
  0xFE45,0xFE45,0xFE65,0xFEA5,0xEDC5,0xDD65,0xFE25,0xFEA5,0xFE45,0xFE45,0xFE65,0xF5E5,0xF584,0x5A01,
  0x0000,0x0000,0x0000,0x0000,0x7281,0xFDA4,0xFE25,0xFE45,0xFE45,0xFE65,0xE5A5,0x72A3,0x3103,0x3103,
  0x72A3,0xE5A5,0xFE65,0xFE45,0xFE45,0xFE65,0xFE25,0x8B64,0x3943,0x30E3,0x51E3,0xC4C4,0xFE85,0xFE45,
  0xFE45,0xFE45,0xFDA4,0xB402,0x0000,0x0000,0x0000,0x0020,0xBC22,0xF5A4,0xFE45,0xFE45,0xFE65,0xF625,
  0x4983,0x28E3,0x8B44,0x8B44,0x28E3,0x4983,0xF625,0xFE65,0xFE25,0xFE85,0x7AE3,0x1882,0x72A3,0x93A4,
  0x49A3,0x20A2,0xCD25,0xFE85,0xFE45,0xFE65,0xF5C4,0xE503,0x20C0,0x0000,0x0000,0x1060,0xDCC3,0xFDE4,
  0xFE45,0xFE45,0xFE65,0xEDE5,0x9BA4,0xB444,0xFEC5,0xFEC5,0xB444,0x9BA4,0xEDE5,0xFE65,0xFE45,0xFE45,
  0xB444,0x9384,0xFE65,0xFEE5,0xD525,0x8B44,0xDD65,0xFE65,0xFE45,0xFE45,0xF605,0xF584,0x49A1,0x0000,
  0x0000,0x3961,0xF563,0xF5E4,0xFE45,0xFE45,0xFE45,0xFE65,0xFEA5,0xFE85,0xFE45,0xFE45,0xFE85,0xFEA5,
  0xFE65,0xFE45,0xFE45,0xFE45,0xFEA5,0xFEA5,0xFE45,0xFE25,0xFE65,0xFEA5,0xFE65,0xFE45,0xFE45,0xFE45,
  0xFE25,0xFDA4,0x7AC1,0x0000,0x0000,0x4161,0xF564,0xF605,0xFE45,0xFE45,0xFE45,0xFE45,0xFE25,0xFE45,
  0xFE45,0xFE45,0xFE45,0xFE25,0xFE45,0xFE45,0xFE45,0xFE45,0xFE45,0xFE45,0xFE45,0xFE45,0xFE45,0xFE25,
  0xFE45,0xFE45,0xFE45,0xFE45,0xFE25,0xFDC4,0x82E2,0x0000,0x0000,0x4161,0xF564,0xFE03,0xFE45,0xFE64,
  0xFE45,0xFE45,0xFE45,0xFE45,0xFE45,0xFE45,0xFE45,0xFE45,0xFE45,0xFE45,0xFE45,0xFE45,0xFE45,0xFE45,
  0xFE45,0xFE45,0xFE45,0xFE45,0xFE45,0xFE45,0xFE64,0xFE45,0xFE44,0xFDC4,0x7AC2,0x0000,0x0000,0x4181,
  0xFD82,0xAD8F,0x5D5B,0x7D96,0xEE27,0xFE44,0xFE45,0xFE45,0xFE45,0xFE45,0xFE45,0xFE45,0xFE45,0xFE45,
  0xFE45,0xFE45,0xFE45,0xFE45,0xFE45,0xFE45,0xFE45,0xFE45,0xFE45,0xFE44,0x9DB2,0x5D5B,0x8D94,0xFDC4,
  0x8AE1,0x0000,0x0000,0x1880,0x950F,0x353F,0x3D1F,0x351F,0x655A,0xF646,0xFE45,0xFE45,0xFE45,0xFE45,
  0xFE45,0xFE45,0xFE45,0xFE45,0xFE45,0xFE45,0xFE45,0xFE45,0xFE45,0xFE45,0xFE45,0xFE45,0xFE64,0x8DB4,
  0x2D1F,0x3D3F,0x2CFF,0x7D97,0x51C0,0x0000,0x0000,0x0042,0x3CDC,0x455F,0x451E,0x4D3D,0x351F,0xB5D0,
  0xFE63,0xFE45,0xFE45,0xFE45,0xFE45,0xFE45,0xFE45,0xFE45,0xFE45,0xFE45,0xFE45,0xFE45,0xFE45,0xFE45,
  0xFE45,0xFE44,0xE629,0x3D3F,0x453E,0x453E,0x451D,0x457F,0x1168,0x0000,0x0000,0x1168,0x457F,0x451E,
  0x453E,0x453E,0x3D1F,0x7D97,0xFE64,0xFE65,0xFE65,0xFE65,0xFE65,0xFE65,0xFE65,0xFE65,0xFE65,0xFE65,
  0xFE65,0xFE65,0xFE65,0xFE65,0xFE65,0xFE63,0xB5CF,0x351F,0x453E,0x453E,0x451E,0x4D9F,0x22D0,0x0000,
  0x0000,0x1189,0x459F,0x451E,0x453E,0x453E,0x3D1F,0x7597,0xFE44,0xF605,0xF605,0xF605,0xF605,0xF605,
  0xF605,0xF605,0xF605,0xF605,0xF605,0xF605,0xF605,0xF605,0xEDE5,0xFE23,0xADD0,0x351F,0x453E,0x453E,
  0x451E,0x459F,0x22F1,0x0000,0x0000,0x08E5,0x455E,0x451E,0x453E,0x453E,0x351F,0x9DF5,0xBC42,0x3963,
  0x51C3,0x49C3,0x51C3,0x51C3,0x51C3,0x51C3,0x51C3,0x51C3,0x51C3,0x51C3,0x49C3,0x51C3,0x4163,0x8B02,
  0xCE2D,0x351F,0x453E,0x453E,0x451D,0x459F,0x1A4D,0x0000,0x0000,0x0000,0x3438,0x459F,0x44FD,0x451E,
  0x351F,0xDE4B,0xD4E3,0x3103,0x4163,0x3943,0x3143,0x3943,0x3143,0x3143,0x3143,0x3143,0x3943,0x3143,
  0x3943,0x4163,0x30E3,0x9363,0xFE86,0x4D3C,0x3D1F,0x451D,0x453E,0x453E,0x08A4,0x0000,0x0000,0x0000,
  0x08E5,0x3CDB,0x4DBF,0x3D3F,0x9D91,0xFE64,0xFE45,0x6A63,0x2922,0x81C5,0xA9C6,0xA1C6,0xA1C6,0xA1C6,
  0xA1C6,0xA1C6,0xA1C6,0xA1C6,0x91C5,0x3963,0x4183,0xE585,0xFE84,0xCDEB,0x453E,0x459F,0x457F,0x19EB,
  0x0000,0x0000,0x0000,0x0000,0x0000,0x0062,0x122D,0x944A,0xFDA2,0xF5E5,0xFE85,0xE5A5,0x41A3,0x6164,
  0xDA08,0xD1E7,0xC9E7,0xC9E7,0xC9E7,0xC9E7,0xC9E7,0xE208,0x89A5,0x3122,0xBC84,0xFEA5,0xF625,0xFDA3,
  0xC4E7,0x228D,0x0906,0x0000,0x0000,0x0000,0x0000,0x0000,0x0000,0x0000,0x0000,0x1880,0xBC43,0xFD84,
  0xF5C4,0xFE85,0xE5A5,0x41C3,0x6124,0xC1A7,0xD1E7,0xD1E7,0xD1E7,0xD1E7,0xC9C7,0x8165,0x3123,0xBC84,
  0xFEC5,0xF5E5,0xF584,0xE503,0x4160,0x0000,0x0000,0x0000,0x0000,0x0000,0x0000,0x0000,0x0000,0x0000,
  0x0000,0x0000,0x0840,0x9342,0xF584,0xF5A4,0xFE25,0xEDE5,0x93A4,0x7244,0x81A5,0x9166,0x9966,0x8985,
  0x7A04,0x8324,0xD565,0xFE45,0xF5A4,0xFDA4,0xBC23,0x20C0,0x0000,0x0000,0x0000,0x0000,0x0000,0x0000,
  0x0000,0x0000,0x0000,0x0000,0x0000,0x0000,0x0000,0x0000,0x51C1,0xCC63,0xF564,0xFDC4,0xFE45,0xEE04,
  0xD544,0xBCA4,0xBCA4,0xC504,0xE5E4,0xFE25,0xFDE4,0xFD84,0xDCC3,0x7AC1,0x0020,0x0000,0x0000,0x0000,
  0x0000,0x0000,0x0000,0x0000,0x0000,0x0000,0x0000,0x0000,0x0000,0x0000,0x0000,0x0000,0x0000,0x0020,
  0x5A21,0xB402,0xE503,0xFD84,0xFDE4,0xFE04,0xFE04,0xFE04,0xFD84,0xED43,0xC443,0x7AC2,0x1880,0x0000,
  0x0000,0x0000,0x0000,0x0000,0x0000,0x0000,0x0000,0x0000,0x0000,0x0000,0x0000,0x0000,0x0000,0x0000,
  0x0000,0x0000,0x0000,0x0000,0x0000,0x0000,0x20C0,0x4981,0x7AA1,0x7AC2,0x7AC1,0x82E2,0x51E1,0x3120,
  0x0000,0x0000,0x0000,0x0000,0x0000,0x0000,0x0000,0x0000,0x0000,0x0000,0x0000,0x0000,0x0000,0x0000,
  0x0000,0x0000,0x0000,0x0000,0x0000,0x0000,0x0000,0x0000,0x0000,0x0000,0x0000,0x0000,0x0000,0x0000,
  0x0000,0x0000,0x0000,0x0000,0x0000,0x0000,0x0000,0x0000,0x0000,0x0000,0x0000,0x0000,0x0000,0x0000,
  0x0000,0x0000,
};
static const uint16_t kP_1F60A[1024] = {
  0x0000,0x0000,0x0000,0x0000,0x0000,0x0000,0x0000,0x0000,0x0000,0x0000,0x0000,0x0000,0x0000,0x0000,
  0x0000,0x0000,0x0000,0x0000,0x0000,0x0000,0x0000,0x0000,0x0000,0x0000,0x0000,0x0000,0x0000,0x0000,
  0x0000,0x0000,0x0000,0x0000,0x0000,0x0000,0x0000,0x0000,0x0000,0x0000,0x0000,0x0000,0x0000,0x0000,
  0x0000,0x0000,0x0000,0x1060,0x3961,0x4181,0x4161,0x4181,0x18A0,0x0820,0x0000,0x0000,0x0000,0x0000,
  0x0000,0x0000,0x0000,0x0000,0x0000,0x0000,0x0000,0x0000,0x0000,0x0000,0x0000,0x0000,0x0000,0x0000,
  0x0000,0x0000,0x0000,0x0000,0x20C0,0x7AA1,0xBC23,0xDCE3,0xF564,0xF584,0xF564,0xF584,0xE503,0xCC83,
  0x8B22,0x3961,0x0000,0x0000,0x0000,0x0000,0x0000,0x0000,0x0000,0x0000,0x0000,0x0000,0x0000,0x0000,
  0x0000,0x0000,0x0000,0x0000,0x0000,0x0000,0x18A0,0x9322,0xE503,0xFDA4,0xFDC4,0xFDE4,0xF5E5,0xF605,
  0xFE05,0xF605,0xF5E4,0xFDC4,0xFDA4,0xF544,0xABC2,0x3940,0x0000,0x0000,0x0000,0x0000,0x0000,0x0000,
  0x0000,0x0000,0x0000,0x0000,0x0000,0x0000,0x0000,0x0000,0x0000,0x51E1,0xDCE3,0xFDA4,0xF5C4,0xFE25,
  0xFE45,0xFE45,0xFE65,0xFE45,0xFE45,0xFE45,0xFE45,0xFE45,0xFE25,0xF5E4,0xFDA4,0xF543,0x82E2,0x0000,
  0x0000,0x0000,0x0000,0x0000,0x0000,0x0000,0x0000,0x0000,0x0000,0x0000,0x0000,0x0000,0x8B02,0xF564,
  0xF5A4,0xFE25,0xFE45,0xFE45,0xFE45,0xFE45,0xFE45,0xFE45,0xFE45,0xFE45,0xFE45,0xFE45,0xFE45,0xFE65,
  0xFE45,0xF5C4,0xFD84,0xB402,0x1080,0x0000,0x0000,0x0000,0x0000,0x0000,0x0000,0x0000,0x0000,0x0000,
  0x0000,0x8302,0xFDA4,0xF5C4,0xFE45,0xFE45,0xFE45,0xFE45,0xFE45,0xFE45,0xFE45,0xFE45,0xFE45,0xFE45,
  0xFE45,0xFE45,0xFE45,0xFE45,0xFE45,0xFE65,0xF5E5,0xFDA4,0xC443,0x0020,0x0000,0x0000,0x0000,0x0000,
  0x0000,0x0000,0x0000,0x0000,0x51C1,0xF564,0xF5C4,0xFE65,0xFE45,0xFE45,0xFE45,0xFE45,0xFE45,0xFE45,
  0xFE45,0xFE45,0xFE45,0xFE45,0xFE45,0xFE45,0xFE45,0xFE45,0xFE45,0xFE45,0xFE65,0xF605,0xFD84,0x8B22,
  0x0000,0x0000,0x0000,0x0000,0x0000,0x0000,0x0000,0x18A0,0xDCE3,0xF5A4,0xFE45,0xFE45,0xFE45,0xFE45,
  0xFE45,0xFE45,0xFE45,0xFE45,0xFE45,0xFE45,0xFE45,0xFE45,0xFE45,0xFE45,0xFE45,0xFE45,0xFE45,0xFE45,
  0xFE45,0xFE65,0xF5C4,0xFD84,0x49A1,0x0000,0x0000,0x0000,0x0000,0x0000,0x0000,0x8B02,0xFDA4,0xFE25,
  0xFE45,0xFE45,0xFE45,0xFE45,0xFE85,0xFE85,0xFE45,0xFE45,0xFE45,0xFE45,0xFE45,0xFE45,0xFE45,0xFE45,
  0xFE65,0xFE85,0xFE45,0xFE45,0xFE45,0xFE45,0xFE45,0xF5A4,0xCC63,0x0020,0x0000,0x0000,0x0000,0x0000,
  0x20C0,0xE503,0xF5C4,0xFE65,0xFE45,0xFE45,0xFE85,0xFE65,0xE585,0xE585,0xFE65,0xFE85,0xFE45,0xFE45,
  0xFE45,0xFE45,0xFE65,0xFEA5,0xEDC5,0xDD65,0xFE25,0xFEA5,0xFE45,0xFE45,0xFE65,0xF5E5,0xF584,0x5A01,
  0x0000,0x0000,0x0000,0x0000,0x7281,0xFDA4,0xFE25,0xFE45,0xFE45,0xFE65,0xE5A5,0x72A3,0x3103,0x3103,
  0x72A3,0xE5A5,0xFE65,0xFE45,0xFE45,0xFE65,0xFE25,0x8B64,0x3943,0x30E3,0x51E3,0xC4C4,0xFE85,0xFE45,
  0xFE45,0xFE45,0xFDA4,0xB402,0x0000,0x0000,0x0000,0x0020,0xBC22,0xF5A4,0xFE45,0xFE45,0xFE65,0xF625,
  0x4983,0x28E3,0x8B44,0x8B44,0x28E3,0x4983,0xF625,0xFE65,0xFE25,0xFE85,0x7AE3,0x1882,0x72A3,0x93A4,
  0x49A3,0x20A2,0xCD25,0xFE85,0xFE45,0xFE65,0xF5C4,0xE503,0x20C0,0x0000,0x0000,0x1060,0xDCC3,0xFDE4,
  0xFE45,0xFE45,0xFE65,0xEDE5,0x9BA4,0xB444,0xFEC5,0xFEC5,0xB444,0x9BA4,0xEDE5,0xFE65,0xFE45,0xFE45,
  0xB444,0x9384,0xFE65,0xFEE5,0xD525,0x8B44,0xDD65,0xFE65,0xFE45,0xFE45,0xF605,0xF584,0x49A1,0x0000,
  0x0000,0x3961,0xF563,0xF5E4,0xFE45,0xFE45,0xFE45,0xFE65,0xFEA5,0xFE85,0xFE45,0xFE45,0xFE85,0xFEA5,
  0xFE65,0xFE45,0xFE45,0xFE45,0xFEA5,0xFEA5,0xFE45,0xFE25,0xFE65,0xFEA5,0xFE65,0xFE45,0xFE45,0xFE45,
  0xFE25,0xFDA4,0x7AC1,0x0000,0x0000,0x4161,0xF564,0xF605,0xFE45,0xFE45,0xFE45,0xFE45,0xFE25,0xFE45,
  0xFE45,0xFE45,0xFE45,0xFE25,0xFE45,0xFE45,0xFE45,0xFE45,0xFE45,0xFE45,0xFE45,0xFE45,0xFE45,0xFE25,
  0xFE45,0xFE45,0xFE45,0xFE45,0xFE25,0xFDC4,0x82E2,0x0000,0x0000,0x4161,0xF564,0xF605,0xFE45,0xFE45,
  0xFE45,0xFE64,0xFE64,0xFE45,0xFE45,0xFE45,0xFE45,0xFE45,0xFE45,0xFE45,0xFE45,0xFE45,0xFE45,0xFE45,
  0xFE45,0xFE45,0xFE45,0xFE64,0xFE64,0xFE45,0xFE45,0xFE45,0xFE25,0xFDC4,0x82C2,0x0000,0x0000,0x4181,
  0xF564,0xF605,0xFE45,0xFE65,0xFE45,0xFDA8,0xFDA8,0xFE26,0xFE65,0xFE45,0xFE45,0xFE45,0xFE45,0xFE45,
  0xFE45,0xFE45,0xFE45,0xFE45,0xFE45,0xFE65,0xFE45,0xFDA8,0xFDA8,0xFE26,0xFE65,0xFE45,0xFE25,0xFDC4,
  0x82E2,0x0000,0x0000,0x18A0,0xE4E3,0xF5C4,0xFE65,0xFDE7,0xF44F,0xF3F0,0xF3F0,0xF410,0xFD69,0xFE65,
  0xFE45,0xFE45,0xFE45,0xFE45,0xFE45,0xFE45,0xFE45,0xFE45,0xFE65,0xFDE7,0xF44F,0xF3F0,0xF3F0,0xF410,
  0xFD69,0xFE65,0xF605,0xFD84,0x51E1,0x0000,0x0000,0x0820,0xCC63,0xFDC4,0xFE65,0xF46E,0xF3F0,0xF430,
  0xF410,0xF410,0xF3F0,0xFDE7,0xFE65,0xFE45,0xFE45,0xFE45,0xFE45,0xFE45,0xFE45,0xFE45,0xFE65,0xF46E,
  0xF3F0,0xF430,0xF410,0xF410,0xF3F0,0xFE07,0xF5E4,0xED43,0x3100,0x0000,0x0000,0x0000,0x8B02,0xFDA4,
  0xFE44,0xFCCC,0xF3D1,0xF410,0xF410,0xF3D1,0xF44F,0xFE26,0xFE65,0xFE45,0xFE45,0xFE45,0xFE45,0xFE45,
  0xFE45,0xFE45,0xFE65,0xFCCC,0xF3D1,0xF410,0xF410,0xF3F1,0xF42F,0xFE26,0xF5C4,0xC443,0x0020,0x0000,
  0x0000,0x0000,0x3940,0xF544,0xF5E4,0xFE45,0xFCEC,0xF44F,0xFC4F,0xFCED,0xFDE7,0xFE65,0xFE45,0xFE45,
  0xFE45,0xFE45,0xFE45,0xFE45,0xFE45,0xFE45,0xFE45,0xFE25,0xFD2C,0xFC6F,0xF42F,0xF48D,0xFDE7,0xFE24,
  0xFD84,0x7AA1,0x0000,0x0000,0x0000,0x0000,0x0000,0xABC2,0xFDA4,0xFE45,0xFE64,0xFE46,0xF5E6,0xCD04,
  0xFEA5,0xFE65,0xFE45,0xFE25,0xFE45,0xFE45,0xFE45,0xFE45,0xFE25,0xFE45,0xFE45,0xFEC5,0xD544,0xE585,
  0xFE46,0xFE45,0xFE65,0xF5A4,0xDCE3,0x1080,0x0000,0x0000,0x0000,0x0000,0x0000,0x3940,0xF543,0xF5C4,
  0xFE45,0xFE85,0x9BC4,0x20A3,0x8B64,0xF605,0xFE85,0xFEA5,0xFE85,0xFE85,0xFE85,0xFE85,0xFEA5,0xFEA5,
  0xFE45,0xB464,0x30E3,0x6A83,0xFE85,0xFE45,0xF5E5,0xFDA4,0x7281,0x0000,0x0000,0x0000,0x0000,0x0000,
  0x0000,0x0000,0x82C2,0xFD84,0xF5E5,0xFE65,0xF605,0x7B04,0x28E3,0x4163,0x7B04,0xAC44,0xD525,0xE5A5,
  0xE585,0xDD65,0xB464,0x8B64,0x51C3,0x28C2,0x5A03,0xDD65,0xFE65,0xFE25,0xF584,0xBC22,0x0020,0x0000,
  0x0000,0x0000,0x0000,0x0000,0x0000,0x0000,0x0000,0xB402,0xFDA4,0xF5E5,0xFE85,0xFE85,0xCD24,0x6A83,
  0x3943,0x28C3,0x30E3,0x3103,0x3103,0x3103,0x28C3,0x3103,0x5A03,0xB464,0xFE45,0xFE85,0xFE25,0xF584,
  0xE503,0x20A0,0x0000,0x0000,0x0000,0x0000,0x0000,0x0000,0x0000,0x0000,0x0000,0x1080,0xC443,0xFD84,
  0xF5C4,0xFE45,0xFEA5,0xFE85,0xEDC5,0xCD04,0xA3E4,0x9364,0x9384,0x93A4,0xC4C4,0xE585,0xFE45,0xFEA5,
  0xFE65,0xF5E5,0xF584,0xE503,0x3960,0x0000,0x0000,0x0000,0x0000,0x0000,0x0000,0x0000,0x0000,0x0000,
  0x0000,0x0000,0x0840,0x9342,0xF584,0xF5A4,0xF5E5,0xFE45,0xFE65,0xFEA5,0xFEA5,0xFEA5,0xFEA5,0xFEA5,
  0xFEA5,0xFE85,0xFE45,0xF605,0xF5C4,0xFDA4,0xBC23,0x20C0,0x0000,0x0000,0x0000,0x0000,0x0000,0x0000,
  0x0000,0x0000,0x0000,0x0000,0x0000,0x0000,0x0000,0x0000,0x51C1,0xCC63,0xF584,0xFDA4,0xF5C4,0xF5E5,
  0xF605,0xF625,0xF625,0xF605,0xF605,0xF5E4,0xF5C4,0xFDA4,0xDCC3,0x7AC1,0x0020,0x0000,0x0000,0x0000,
  0x0000,0x0000,0x0000,0x0000,0x0000,0x0000,0x0000,0x0000,0x0000,0x0000,0x0000,0x0000,0x0000,0x0020,
  0x5A21,0xB402,0xE503,0xF584,0xFDA4,0xFDC4,0xFDC4,0xFDC4,0xFD84,0xED43,0xC463,0x7AC2,0x1880,0x0000,
  0x0000,0x0000,0x0000,0x0000,0x0000,0x0000,0x0000,0x0000,0x0000,0x0000,0x0000,0x0000,0x0000,0x0000,
  0x0000,0x0000,0x0000,0x0000,0x0000,0x0000,0x20C0,0x49A1,0x7AC1,0x82E2,0x82C2,0x82E2,0x51E1,0x3120,
  0x0000,0x0000,0x0000,0x0000,0x0000,0x0000,0x0000,0x0000,0x0000,0x0000,0x0000,0x0000,0x0000,0x0000,
  0x0000,0x0000,0x0000,0x0000,0x0000,0x0000,0x0000,0x0000,0x0000,0x0000,0x0000,0x0000,0x0000,0x0000,
  0x0000,0x0000,0x0000,0x0000,0x0000,0x0000,0x0000,0x0000,0x0000,0x0000,0x0000,0x0000,0x0000,0x0000,
  0x0000,0x0000,
};
static const uint16_t kP_1F60D[1024] = {
  0x0000,0x0000,0x0000,0x0000,0x0000,0x0000,0x0000,0x0000,0x0000,0x0000,0x0000,0x0000,0x0000,0x0000,
  0x0000,0x0000,0x0000,0x0000,0x0000,0x0000,0x0000,0x0000,0x0000,0x0000,0x0000,0x0000,0x0000,0x0000,
  0x0000,0x0000,0x0000,0x0000,0x0000,0x0000,0x0000,0x0000,0x0000,0x0000,0x0000,0x0000,0x0000,0x0000,
  0x0000,0x0000,0x0000,0x1060,0x3961,0x4181,0x4161,0x4181,0x18A0,0x0820,0x0000,0x0000,0x0000,0x0000,
  0x0000,0x0000,0x0000,0x0000,0x0000,0x0000,0x0000,0x0000,0x0000,0x0000,0x0000,0x0000,0x0000,0x0000,
  0x0000,0x0000,0x0000,0x0000,0x20C0,0x7AA1,0xBC23,0xDCE3,0xF564,0xF584,0xF564,0xF584,0xE503,0xCC83,
  0x8B22,0x3961,0x0000,0x0000,0x0000,0x0000,0x0000,0x0000,0x0000,0x0000,0x0000,0x0000,0x0000,0x0000,
  0x0000,0x0000,0x0000,0x0000,0x0000,0x0000,0x18A0,0x9322,0xE503,0xFDA4,0xFDC4,0xFDE4,0xF5E5,0xF605,
  0xFE05,0xF605,0xF5E4,0xFDC4,0xFDA4,0xF544,0xABC2,0x3940,0x0000,0x0000,0x0000,0x0000,0x0000,0x0000,
  0x0000,0x0000,0x0000,0x0000,0x0000,0x0000,0x0000,0x0000,0x0000,0x51E1,0xDCE3,0xFDA4,0xF5C4,0xFE25,
  0xFE45,0xFE45,0xFE65,0xFE45,0xFE45,0xFE45,0xFE45,0xFE45,0xFE25,0xF5E4,0xFDA4,0xF543,0x82E2,0x0000,
  0x0000,0x0000,0x0000,0x0000,0x0000,0x0000,0x0000,0x0000,0x0000,0x0000,0x0000,0x0000,0x8B02,0xF564,
  0xF5A4,0xFE25,0xFE45,0xFE45,0xFE45,0xFE45,0xFE45,0xFE45,0xFE45,0xFE45,0xFE45,0xFE45,0xFE45,0xFE65,
  0xFE45,0xF5C4,0xFD84,0xB402,0x1080,0x0000,0x0000,0x0000,0x0000,0x0000,0x0000,0x0000,0x0000,0x0000,
  0x0000,0x8302,0xFDA4,0xF5C4,0xFE45,0xFE45,0xFE45,0xFE45,0xFE45,0xFE45,0xFE45,0xFE45,0xFE45,0xFE45,
  0xFE45,0xFE45,0xFE45,0xFE45,0xFE45,0xFE45,0xF5E5,0xFDA4,0xC443,0x0020,0x0000,0x0000,0x0000,0x0000,
  0x0000,0x0000,0x0000,0x0000,0x51C1,0xF564,0xF5C4,0xFE45,0xFE65,0xFE65,0xFE45,0xFE45,0xFE65,0xFE65,
  0xFE45,0xFE45,0xFE45,0xFE45,0xFE45,0xFE65,0xFE45,0xFE45,0xFE65,0xFE65,0xFE45,0xF605,0xFD84,0x8B22,
  0x0000,0x0000,0x0000,0x0000,0x0000,0x0000,0x0000,0x18A0,0xDCE3,0xF5A4,0xFE45,0xFE85,0xFE05,0xFDC5,
  0xFE85,0xFE85,0xFDC5,0xFE05,0xFE85,0xFE45,0xFE45,0xFE65,0xFE45,0xFD85,0xFE65,0xFE85,0xFE05,0xFDC5,
  0xFE85,0xFE65,0xF5C4,0xFD84,0x49A1,0x0000,0x0000,0x0000,0x0000,0x0000,0x0000,0x8B02,0xFDA4,0xFE05,
  0xFE85,0xFD45,0xEA45,0xE9C5,0xF465,0xF465,0xE9C5,0xEA45,0xFD45,0xFE85,0xFE45,0xFE05,0xEAE5,0xE9A5,
  0xF385,0xFD25,0xEA45,0xE9C5,0xF445,0xFE85,0xFE45,0xF5A4,0xCC63,0x0020,0x0000,0x0000,0x0000,0x0000,
  0x20C0,0xE503,0xF5C4,0xFE65,0xFE65,0xEAC5,0xE9A5,0xE9E5,0xE9E5,0xE9E5,0xE9E5,0xE9A5,0xEAC5,0xFE65,
  0xFEA5,0xF3E5,0xE165,0xE9E5,0xE9C5,0xEA05,0xE9C5,0xE9E5,0xE9E5,0xFDC5,0xFE85,0xF5E5,0xF584,0x5A01,
  0x0000,0x0000,0x0000,0x0000,0x7281,0xFDA4,0xFE25,0xFE45,0xFE85,0xF345,0xE1A5,0xEA05,0xE9E5,0xE9E5,
  0xEA05,0xE1A5,0xF345,0xFE65,0xFE85,0xF485,0xE185,0xEA05,0xE9E5,0xE9E5,0xEA05,0xE9C5,0xEA45,0xFE05,
  0xFE65,0xFE45,0xFDA4,0xB402,0x0000,0x0000,0x0000,0x0020,0xBC22,0xF5A4,0xFE45,0xFE45,0xFE65,0xFE05,
  0xEA45,0xE9C5,0xEA05,0xEA05,0xE9C5,0xEA45,0xFE05,0xFE65,0xFE45,0xFE85,0xF345,0xE1A5,0xEA05,0xE9E5,
  0xE9E5,0xE9C5,0xFD05,0xFE85,0xFE45,0xFE65,0xF5C4,0xE503,0x20C0,0x0000,0x0000,0x1060,0xDCC3,0xFDE4,
  0xFE45,0xFE45,0xFE45,0xFE85,0xFD25,0xE9C5,0xE9E5,0xE9E5,0xE9C5,0xFD25,0xFE85,0xFE45,0xFE45,0xFE65,
  0xFE05,0xEA65,0xE9C5,0xEA05,0xE9A5,0xF405,0xFEA5,0xFE45,0xFE45,0xFE45,0xF605,0xF584,0x49A1,0x0000,
  0x0000,0x3961,0xF563,0xF5E4,0xFE45,0xFE45,0xFE45,0xFE25,0xFEA5,0xF405,0xE1A5,0xE1A5,0xF405,0xFEA5,
  0xFE25,0xFE45,0xFE45,0xFE25,0xFE85,0xFD45,0xE9C5,0xE9A5,0xEAC5,0xFE65,0xFE45,0xFE45,0xFE45,0xFE45,
  0xFE25,0xFDA4,0x7AC1,0x0000,0x0000,0x4161,0xF564,0xF605,0xFE45,0xFE45,0xFE45,0xFE45,0xFE45,0xFE65,
  0xEAC5,0xEAC5,0xFE65,0xFE45,0xFE45,0xFE45,0xFE45,0xFE45,0xFE45,0xFEA5,0xF405,0xE9C5,0xFDC5,0xFE65,
  0xFE45,0xFE45,0xFE45,0xFE45,0xFE25,0xFDC4,0x82E2,0x0000,0x0000,0x4161,0xF564,0xF605,0xFE45,0xFE45,
  0xFE45,0xFE45,0xFE45,0xFE85,0xFD85,0xFD85,0xFE85,0xFE45,0xFE45,0xFE45,0xFE45,0xFE45,0xFE45,0xFE65,
  0xFE25,0xFD25,0xFE85,0xFE45,0xFE45,0xFE45,0xFE45,0xFE45,0xFE25,0xFDC4,0x82C2,0x0000,0x0000,0x4181,
  0xF584,0xF605,0xFE45,0xFE45,0xFE45,0xFE45,0xFE45,0xFE45,0xFE65,0xFE65,0xFE45,0xFE45,0xFE45,0xFE45,
  0xFE45,0xFE45,0xFE45,0xFE45,0xFE45,0xFE85,0xFE45,0xFE45,0xFE45,0xFE45,0xFE45,0xFE45,0xFE25,0xFDC4,
  0x82E2,0x0000,0x0000,0x18A0,0xE4E3,0xF5E4,0xFE45,0xFE45,0xFE45,0xFE45,0xFE45,0xFE45,0xFE45,0xFE45,
  0xFE45,0xFE45,0xFE45,0xFE45,0xFE45,0xFE45,0xFE45,0xFE45,0xFE45,0xFE45,0xFE45,0xFE45,0xFE45,0xFE45,
  0xFE45,0xFE45,0xF605,0xFD84,0x51E1,0x0000,0x0000,0x0820,0xCC63,0xFDC4,0xFE45,0xFE45,0xFE45,0xFE45,
  0xFE45,0xFE45,0xFE45,0xFE45,0xFE45,0xFE45,0xFE45,0xFE45,0xFE45,0xFE45,0xFE45,0xFE45,0xFE45,0xFE45,
  0xFE45,0xFE45,0xFE45,0xFE45,0xFE45,0xFE65,0xF5E4,0xED43,0x3100,0x0000,0x0000,0x0000,0x8B02,0xFDA4,
  0xFE25,0xFE45,0xFE45,0xFE45,0xFE45,0xFE45,0xFE25,0xFE25,0xFE25,0xFE25,0xFE25,0xFE25,0xFE25,0xFE25,
  0xFE25,0xFE25,0xFE25,0xFE25,0xFE45,0xFE45,0xFE45,0xFE45,0xFE45,0xFE45,0xF5A4,0xC443,0x0020,0x0000,
  0x0000,0x0000,0x3940,0xF544,0xF5E4,0xFE65,0xFE45,0xFE45,0xFE45,0xFE65,0xFEA5,0xFEA5,0xFEA5,0xFEA5,
  0xFEA5,0xFEA5,0xFEA5,0xFEA5,0xFEA5,0xFEA5,0xFEA5,0xFEA5,0xFE85,0xFE45,0xFE45,0xFE45,0xFE45,0xFE05,
  0xFDA4,0x7AA1,0x0000,0x0000,0x0000,0x0000,0x0000,0xABC2,0xFDA4,0xFE45,0xFE45,0xFE45,0xFE65,0xE5A5,
  0xAC04,0xAC44,0xAC24,0xAC24,0xAC24,0xAC24,0xAC24,0xAC24,0xAC24,0xAC24,0xAC44,0xAC04,0xCD05,0xFE65,
  0xFE45,0xFE45,0xFE45,0xF5C4,0xDCE3,0x1080,0x0000,0x0000,0x0000,0x0000,0x0000,0x3940,0xF543,0xF5C4,
  0xFE65,0xFE25,0xFE85,0xCD05,0x28C3,0x3123,0x3103,0x3103,0x3103,0x3103,0x3103,0x3103,0x3103,0x3103,
  0x3923,0x20A2,0x93A4,0xFEA5,0xFE25,0xFE65,0xF605,0xFDA4,0x7281,0x0000,0x0000,0x0000,0x0000,0x0000,
  0x0000,0x0000,0x82C2,0xFD84,0xF5E5,0xFE65,0xFE45,0xFE65,0x6A63,0x3943,0x49A3,0x4183,0x4183,0x4183,
  0x4183,0x4183,0x4183,0x4183,0x4183,0x4183,0xE585,0xFE65,0xFE45,0xFE25,0xF584,0xBC22,0x0020,0x0000,
  0x0000,0x0000,0x0000,0x0000,0x0000,0x0000,0x0000,0xB402,0xFDA4,0xF605,0xFE45,0xFE85,0xD545,0x4163,
  0x3923,0x4183,0x4183,0x4183,0x4183,0x4183,0x4183,0x3943,0x3103,0xAC24,0xFEA5,0xFE45,0xFE25,0xF584,
  0xE503,0x20A0,0x0000,0x0000,0x0000,0x0000,0x0000,0x0000,0x0000,0x0000,0x0000,0x1080,0xC443,0xFD84,
  0xF5C4,0xFE45,0xFE85,0xDD85,0x6A63,0x3103,0x3103,0x3123,0x3123,0x3123,0x3103,0x51C3,0xBCA4,0xFE85,
  0xFE45,0xF605,0xF584,0xE503,0x3960,0x0000,0x0000,0x0000,0x0000,0x0000,0x0000,0x0000,0x0000,0x0000,
  0x0000,0x0000,0x0840,0x9342,0xF584,0xF5A4,0xF5E5,0xFE85,0xFE65,0xC4E4,0x9384,0x72C3,0x72C3,0x8324,
  0xB484,0xF605,0xFEA5,0xF605,0xF5C4,0xFDA4,0xBC23,0x20C0,0x0000,0x0000,0x0000,0x0000,0x0000,0x0000,
  0x0000,0x0000,0x0000,0x0000,0x0000,0x0000,0x0000,0x0000,0x51C1,0xCC63,0xF584,0xF5A4,0xF5E4,0xFE45,
  0xFE85,0xFE65,0xFE65,0xFE65,0xFE65,0xFDE4,0xF5A4,0xFDA4,0xDCC3,0x7AC1,0x0020,0x0000,0x0000,0x0000,
  0x0000,0x0000,0x0000,0x0000,0x0000,0x0000,0x0000,0x0000,0x0000,0x0000,0x0000,0x0000,0x0000,0x0020,
  0x5A21,0xB402,0xE503,0xF564,0xFDA4,0xFDA4,0xFDA4,0xFDA4,0xF564,0xED43,0xC463,0x7AC2,0x1880,0x0000,
  0x0000,0x0000,0x0000,0x0000,0x0000,0x0000,0x0000,0x0000,0x0000,0x0000,0x0000,0x0000,0x0000,0x0000,
  0x0000,0x0000,0x0000,0x0000,0x0000,0x0000,0x20C0,0x49A1,0x7AC1,0x82E2,0x82C2,0x82E2,0x51E1,0x3120,
  0x0000,0x0000,0x0000,0x0000,0x0000,0x0000,0x0000,0x0000,0x0000,0x0000,0x0000,0x0000,0x0000,0x0000,
  0x0000,0x0000,0x0000,0x0000,0x0000,0x0000,0x0000,0x0000,0x0000,0x0000,0x0000,0x0000,0x0000,0x0000,
  0x0000,0x0000,0x0000,0x0000,0x0000,0x0000,0x0000,0x0000,0x0000,0x0000,0x0000,0x0000,0x0000,0x0000,
  0x0000,0x0000,
};
static const uint16_t kP_1F60E[1024] = {
  0x0000,0x0000,0x0000,0x0000,0x0000,0x0000,0x0000,0x0000,0x0000,0x0000,0x0000,0x0000,0x0000,0x0000,
  0x0000,0x0000,0x0000,0x0000,0x0000,0x0000,0x0000,0x0000,0x0000,0x0000,0x0000,0x0000,0x0000,0x0000,
  0x0000,0x0000,0x0000,0x0000,0x0000,0x0000,0x0000,0x0000,0x0000,0x0000,0x0000,0x0000,0x0000,0x0000,
  0x0000,0x0000,0x0000,0x1060,0x3961,0x4181,0x4161,0x4181,0x18A0,0x0820,0x0000,0x0000,0x0000,0x0000,
  0x0000,0x0000,0x0000,0x0000,0x0000,0x0000,0x0000,0x0000,0x0000,0x0000,0x0000,0x0000,0x0000,0x0000,
  0x0000,0x0000,0x0000,0x0000,0x20C0,0x7AA1,0xBC23,0xDCE3,0xF564,0xF584,0xF564,0xF584,0xE503,0xCC83,
  0x8B22,0x3961,0x0000,0x0000,0x0000,0x0000,0x0000,0x0000,0x0000,0x0000,0x0000,0x0000,0x0000,0x0000,
  0x0000,0x0000,0x0000,0x0000,0x0000,0x0000,0x18A0,0x9322,0xE503,0xFDA4,0xFDC4,0xFDE4,0xF5E5,0xF605,
  0xFE05,0xF605,0xF5E4,0xFDC4,0xFDA4,0xF544,0xABC2,0x3940,0x0000,0x0000,0x0000,0x0000,0x0000,0x0000,
  0x0000,0x0000,0x0000,0x0000,0x0000,0x0000,0x0000,0x0000,0x0000,0x51E1,0xDCE3,0xFDA4,0xF5C4,0xFE25,
  0xFE45,0xFE45,0xFE65,0xFE45,0xFE45,0xFE45,0xFE45,0xFE45,0xFE25,0xF5E4,0xFDA4,0xF543,0x82E2,0x0000,
  0x0000,0x0000,0x0000,0x0000,0x0000,0x0000,0x0000,0x0000,0x0000,0x0000,0x0000,0x0000,0x8B02,0xF564,
  0xF5A4,0xFE25,0xFE45,0xFE45,0xFE45,0xFE45,0xFE45,0xFE45,0xFE45,0xFE45,0xFE45,0xFE45,0xFE45,0xFE65,
  0xFE45,0xF5C4,0xFD84,0xB402,0x1080,0x0000,0x0000,0x0000,0x0000,0x0000,0x0000,0x0000,0x0000,0x0000,
  0x0000,0x8302,0xFDA4,0xF5C4,0xFE45,0xFE45,0xFE45,0xFE45,0xFE45,0xFE45,0xFE45,0xFE45,0xFE45,0xFE45,
  0xFE45,0xFE45,0xFE45,0xFE45,0xFE45,0xFE65,0xF5E5,0xFDA4,0xC443,0x0020,0x0000,0x0000,0x0000,0x0000,
  0x0000,0x0000,0x0000,0x0000,0x51C1,0xF564,0xF5C4,0xFE65,0xFE45,0xFE45,0xFE45,0xFE45,0xFE45,0xFE45,
  0xFE45,0xFE45,0xFE45,0xFE45,0xFE45,0xFE45,0xFE45,0xFE45,0xFE45,0xFE45,0xFE65,0xF605,0xFD84,0x8B22,
  0x0000,0x0000,0x0000,0x0000,0x0000,0x0000,0x0000,0x18A0,0xDCE3,0xF5A4,0xFE45,0xFE45,0xFE45,0xFE45,
  0xFE45,0xFE45,0xFE45,0xFE45,0xFE45,0xFE45,0xFE45,0xFE45,0xFE45,0xFE45,0xFE45,0xFE45,0xFE45,0xFE45,
  0xFE25,0xFE45,0xF5C4,0xF564,0x49A1,0x0000,0x0000,0x0000,0x0000,0x0000,0x0000,0x8B22,0xFDC4,0xFE65,
  0xFEA5,0xFE85,0xFE85,0xFE85,0xFE85,0xFE85,0xFE85,0xFEA5,0xFE45,0xFE25,0xFE25,0xFE45,0xFE85,0xFE85,
  0xFE85,0xFE85,0xFE85,0xFE85,0xFE85,0xFE85,0xFE85,0xFDE4,0xCC63,0x0020,0x0000,0x0000,0x0000,0x0000,
  0x20C0,0xE503,0xDD24,0xD545,0x8324,0x72C3,0x7AE3,0x7AC3,0x7AC3,0x7AE3,0x72A3,0x9BA4,0xFE45,0xFEC5,
  0xFEA5,0xFEA5,0xB464,0x72C3,0x7AE3,0x7AC3,0x7AC3,0x7AC3,0x7AC3,0x7AC3,0xC4A4,0xDD44,0xED44,0x5A01,
  0x0000,0x0000,0x0000,0x0000,0x7AA1,0xED44,0x4163,0x3943,0x3123,0x3123,0x3123,0x3123,0x3123,0x3123,
  0x3923,0x3103,0x6A83,0x8B84,0x8B64,0x8304,0x3923,0x3123,0x3123,0x3123,0x3123,0x3123,0x3123,0x3123,
  0x3943,0x3103,0xBC23,0xC442,0x0000,0x0000,0x0000,0x0020,0xBC23,0xFDE4,0x9384,0x3923,0x4183,0x4183,
  0x4183,0x4183,0x4183,0x4183,0x4183,0x4183,0x3943,0x49C3,0x51E3,0x3943,0x4163,0x4183,0x4183,0x4183,
  0x4183,0x4183,0x4183,0x4183,0x3943,0x6A63,0xEDA4,0xE523,0x20C0,0x0000,0x0000,0x1060,0xDCC3,0xFE45,
  0xB444,0x3103,0x4183,0x4163,0x4163,0x4163,0x4163,0x4163,0x4163,0x4163,0x4163,0xE585,0xFEA5,0x5A23,
  0x3943,0x4163,0x4163,0x4163,0x4163,0x4163,0x4163,0x4183,0x3923,0x7AE4,0xFE65,0xF564,0x49A1,0x0000,
  0x0000,0x3961,0xED43,0xFE45,0xC4C4,0x30E3,0x4183,0x4183,0x4183,0x4183,0x4183,0x4183,0x4183,0x3943,
  0x4183,0xEDC5,0xFE85,0x72A3,0x3103,0x4183,0x4183,0x4183,0x4183,0x4183,0x4183,0x4183,0x28E3,0x8B44,
  0xFE65,0xFDA4,0x7AC1,0x0000,0x0000,0x4161,0xF564,0xF605,0xFE85,0x8B64,0x3123,0x3923,0x3923,0x3923,
  0x3923,0x3923,0x3123,0x3943,0xBC84,0xFE85,0xFE65,0xDD85,0x51E3,0x3123,0x3923,0x3923,0x3923,0x3923,
  0x3923,0x3103,0x6243,0xEDE5,0xFE45,0xFDC4,0x82E2,0x0000,0x0000,0x4161,0xF564,0xF605,0xFE65,0xFE65,
  0xD525,0xC4C4,0xCCE4,0xCCE4,0xCCE4,0xCCE4,0xC4C4,0xE585,0xFE85,0xFE45,0xFE45,0xFE85,0xF605,0xC4C4,
  0xCCE4,0xCCE4,0xCCE4,0xCCE4,0xCCE4,0xCCE4,0xFE25,0xFE65,0xFE25,0xFDC4,0x82C2,0x0000,0x0000,0x4181,
  0xF564,0xF605,0xFE45,0xFE45,0xFE85,0xFEA5,0xFE85,0xFE85,0xFE85,0xFE85,0xFEA5,0xFE65,0xFE45,0xFE45,
  0xFE45,0xFE45,0xFE65,0xFEA5,0xFE85,0xFE85,0xFE85,0xFE85,0xFE85,0xFE85,0xFE45,0xFE45,0xFE25,0xFDC4,
  0x82E2,0x0000,0x0000,0x18A0,0xE4E3,0xF5E4,0xFE45,0xFE45,0xFE45,0xFE45,0xFE45,0xFE45,0xFE45,0xFE45,
  0xFE45,0xFE45,0xFE45,0xFE45,0xFE45,0xFE45,0xFE45,0xFE45,0xFE45,0xFE45,0xFE45,0xFE45,0xFE45,0xFE45,
  0xFE45,0xFE45,0xF605,0xFD84,0x51E1,0x0000,0x0000,0x0820,0xCC63,0xFDC4,0xFE45,0xFE45,0xFE45,0xFE45,
  0xFE45,0xFE45,0xFE45,0xFE45,0xFE45,0xFE45,0xFE45,0xFE45,0xFE45,0xFE45,0xFE45,0xFE45,0xFE45,0xFE45,
  0xFE45,0xFE45,0xFE45,0xFE45,0xFE45,0xFE65,0xF5E4,0xED43,0x3100,0x0000,0x0000,0x0000,0x8B02,0xFDA4,
  0xFE25,0xFE45,0xFE45,0xFE45,0xFE45,0xFE45,0xFE45,0xFE45,0xFE45,0xFE45,0xFE45,0xFE45,0xFE45,0xFE45,
  0xFE45,0xFE45,0xFE45,0xFE45,0xFE45,0xFE45,0xFE45,0xFE45,0xFE45,0xFE45,0xF5A4,0xC443,0x0020,0x0000,
  0x0000,0x0000,0x3940,0xF544,0xF5E4,0xFE65,0xFE45,0xFE45,0xFE65,0xFE85,0xFE45,0xFE45,0xFE45,0xFE45,
  0xFE45,0xFE45,0xFE45,0xFE45,0xFE45,0xFE45,0xFE45,0xFE25,0xFE85,0xFE65,0xFE45,0xFE45,0xFE45,0xFE05,
  0xFDA4,0x7AA1,0x0000,0x0000,0x0000,0x0000,0x0000,0xABC2,0xFDA4,0xFE45,0xFE45,0xFE45,0xF605,0xCCE4,
  0xFE85,0xFE65,0xFE45,0xFE25,0xFE45,0xFE45,0xFE45,0xFE45,0xFE25,0xFE45,0xFE45,0xFEC5,0xD525,0xE5A5,
  0xFE65,0xFE45,0xFE45,0xF5C4,0xDCE3,0x1080,0x0000,0x0000,0x0000,0x0000,0x0000,0x3940,0xF543,0xF5C4,
  0xFE45,0xFE85,0x9BA4,0x20A2,0x8B64,0xF605,0xFE85,0xFEA5,0xFE85,0xFE85,0xFE85,0xFE85,0xFEA5,0xFEA5,
  0xFE45,0xB464,0x3103,0x6A83,0xFE65,0xFE45,0xF605,0xFDA4,0x7281,0x0000,0x0000,0x0000,0x0000,0x0000,
  0x0000,0x0000,0x82C2,0xFD84,0xF5E5,0xFE65,0xF605,0x7B04,0x28E3,0x4163,0x7B04,0xAC44,0xD525,0xE5A5,
  0xE585,0xDD65,0xB464,0x8B64,0x51C3,0x28C2,0x5A03,0xDD65,0xFE65,0xFE25,0xF584,0xBC22,0x0020,0x0000,
  0x0000,0x0000,0x0000,0x0000,0x0000,0x0000,0x0000,0xB402,0xFDA4,0xF5E5,0xFE85,0xFE85,0xCD24,0x6A83,
  0x3943,0x28C3,0x30E3,0x3103,0x3103,0x3103,0x28C3,0x3103,0x5A03,0xB464,0xFE45,0xFE85,0xFE25,0xF584,
  0xE503,0x20A0,0x0000,0x0000,0x0000,0x0000,0x0000,0x0000,0x0000,0x0000,0x0000,0x1080,0xC443,0xFD84,
  0xF5C4,0xFE45,0xFEA5,0xFE85,0xEDC5,0xCD04,0xA3E4,0x9364,0x9384,0x93A4,0xC4C4,0xE585,0xFE45,0xFEA5,
  0xFE65,0xF5E5,0xF584,0xE503,0x3960,0x0000,0x0000,0x0000,0x0000,0x0000,0x0000,0x0000,0x0000,0x0000,
  0x0000,0x0000,0x0840,0x9342,0xF584,0xF5A4,0xF5E5,0xFE45,0xFE65,0xFEA5,0xFEA5,0xFEA5,0xFEA5,0xFEA5,
  0xFEA5,0xFE85,0xFE45,0xF605,0xF5C4,0xFDA4,0xBC23,0x20C0,0x0000,0x0000,0x0000,0x0000,0x0000,0x0000,
  0x0000,0x0000,0x0000,0x0000,0x0000,0x0000,0x0000,0x0000,0x51C1,0xCC63,0xF584,0xFDA4,0xF5C4,0xF5E5,
  0xF605,0xF625,0xF625,0xF605,0xF605,0xF5E4,0xF5C4,0xFDA4,0xDCC3,0x7AC1,0x0020,0x0000,0x0000,0x0000,
  0x0000,0x0000,0x0000,0x0000,0x0000,0x0000,0x0000,0x0000,0x0000,0x0000,0x0000,0x0000,0x0000,0x0020,
  0x5A21,0xB402,0xE503,0xF584,0xFDA4,0xFDC4,0xFDC4,0xFDC4,0xFD84,0xED43,0xC463,0x7AC2,0x1880,0x0000,
  0x0000,0x0000,0x0000,0x0000,0x0000,0x0000,0x0000,0x0000,0x0000,0x0000,0x0000,0x0000,0x0000,0x0000,
  0x0000,0x0000,0x0000,0x0000,0x0000,0x0000,0x20C0,0x49A1,0x7AC1,0x82E2,0x82C2,0x82E2,0x51E1,0x3120,
  0x0000,0x0000,0x0000,0x0000,0x0000,0x0000,0x0000,0x0000,0x0000,0x0000,0x0000,0x0000,0x0000,0x0000,
  0x0000,0x0000,0x0000,0x0000,0x0000,0x0000,0x0000,0x0000,0x0000,0x0000,0x0000,0x0000,0x0000,0x0000,
  0x0000,0x0000,0x0000,0x0000,0x0000,0x0000,0x0000,0x0000,0x0000,0x0000,0x0000,0x0000,0x0000,0x0000,
  0x0000,0x0000,
};
static const uint16_t kP_1F914[1024] = {
  0x0000,0x0000,0x0000,0x0000,0x0000,0x0000,0x0000,0x0000,0x0000,0x0000,0x0000,0x0000,0x0000,0x0000,
  0x0000,0x0000,0x0000,0x0000,0x0000,0x0000,0x0000,0x0000,0x0000,0x0000,0x0000,0x0000,0x0000,0x0000,
  0x0000,0x0000,0x0000,0x0000,0x0000,0x0000,0x0000,0x0000,0x0000,0x0000,0x0000,0x0000,0x0000,0x0000,
  0x0000,0x0000,0x0000,0x1060,0x3961,0x4181,0x4161,0x4181,0x18A0,0x0820,0x0000,0x0000,0x0000,0x0000,
  0x0000,0x0000,0x0000,0x0000,0x0000,0x0000,0x0000,0x0000,0x0000,0x0000,0x0000,0x0000,0x0000,0x0000,
  0x0000,0x0000,0x0000,0x0000,0x20C0,0x7AA1,0xBC23,0xDCE3,0xF564,0xF584,0xF564,0xF584,0xE503,0xCC83,
  0x8B22,0x3961,0x0000,0x0000,0x0000,0x0000,0x0000,0x0000,0x0000,0x0000,0x0000,0x0000,0x0000,0x0000,
  0x0000,0x0000,0x0000,0x0000,0x0000,0x0000,0x18A0,0x9322,0xE503,0xFDA4,0xFDC4,0xFDE4,0xF5E5,0xF605,
  0xFE05,0xF605,0xF5E4,0xFDC4,0xFDA4,0xF544,0xABC2,0x3940,0x0000,0x0000,0x0000,0x0000,0x0000,0x0000,
  0x0000,0x0000,0x0000,0x0000,0x0000,0x0000,0x0000,0x0000,0x0000,0x51E1,0xDCE3,0xFDA4,0xF5C4,0xFE25,
  0xFE45,0xFE45,0xFE65,0xFE45,0xFE45,0xFE45,0xFE45,0xFE45,0xF605,0xF5C4,0xF5A4,0xED43,0x82C2,0x0000,
  0x0000,0x0000,0x0000,0x0000,0x0000,0x0000,0x0000,0x0000,0x0000,0x0000,0x0000,0x0000,0x8B02,0xF564,
  0xF5A4,0xFE25,0xFE45,0xFE45,0xFE45,0xFE45,0xFE45,0xFE45,0xFE45,0xFE45,0xFE45,0xFE65,0xFEA5,0xFEA5,
  0xFE85,0xFE24,0xFDC4,0xB402,0x1080,0x0000,0x0000,0x0000,0x0000,0x0000,0x0000,0x0000,0x0000,0x0000,
  0x0000,0x8302,0xFDA4,0xF5C4,0xFE45,0xFE45,0xFE25,0xFE25,0xFE45,0xFE45,0xFE45,0xFE45,0xFE45,0xFE45,
  0xFE85,0xF605,0xA3E4,0x6A83,0x6A63,0x8B64,0xD524,0xFDE4,0xBC43,0x0020,0x0000,0x0000,0x0000,0x0000,
  0x0000,0x0000,0x0000,0x0000,0x51C1,0xF564,0xF5C4,0xFE65,0xFE45,0xFE65,0xFEA5,0xFEA5,0xFEA5,0xFE45,
  0xFE45,0xFE45,0xFE45,0xFE65,0xE5A5,0x4163,0x3943,0x6A83,0x6AA3,0x51C3,0x28E3,0xAC24,0xFDE4,0x8B02,
  0x0000,0x0000,0x0000,0x0000,0x0000,0x0000,0x0000,0x18A0,0xDCE3,0xF5A4,0xFE45,0xFE45,0xFEA5,0xEDE5,
  0xAC24,0xA404,0xC4C4,0xFE85,0xFE65,0xFE45,0xFE45,0xFE65,0xEDC5,0xA3E4,0xEDE5,0xFEA5,0xFEA5,0xFE45,
  0xB464,0xDD65,0xF5E4,0xF584,0x49A1,0x0000,0x0000,0x0000,0x0000,0x0000,0x0000,0x8B02,0xFDA4,0xFE25,
  0xFE45,0xFE85,0xB464,0x3123,0x3923,0x4163,0x30E3,0x5A23,0xEDE5,0xFE65,0xFE45,0xFE45,0xFE65,0xFEA5,
  0xFE65,0xFE25,0xFE25,0xFE45,0xFEA5,0xFE65,0xFE45,0xF5A4,0xCC63,0x0020,0x0000,0x0000,0x0000,0x0000,
  0x20C0,0xE503,0xF5C4,0xFE65,0xFE45,0xFE65,0xC4C4,0x9BA4,0xEDC5,0xF625,0xCCE4,0x9BA4,0xF625,0xFE45,
  0xFE45,0xFE45,0xFE45,0xFE25,0xFE65,0xFEA5,0xFE65,0xFE45,0xFE45,0xFE45,0xFE65,0xF5E5,0xF584,0x5A01,
  0x0000,0x0000,0x0000,0x0000,0x7281,0xFDA4,0xFE25,0xFE45,0xFE45,0xFE45,0xFE85,0xFEA5,0xFEA5,0xFEA5,
  0xFE85,0xFEA5,0xFE65,0xFE45,0xFE45,0xFE45,0xFE45,0xFE85,0xD504,0x9BA4,0xF625,0xFE65,0xFE45,0xFE45,
  0xFE45,0xFE45,0xFDA4,0xB402,0x0000,0x0000,0x0000,0x0020,0xBC22,0xF5A4,0xFE45,0xFE45,0xFE45,0xFE45,
  0xFE45,0xFE65,0xCCE4,0xCCE4,0xFE65,0xFE25,0xFE45,0xFE45,0xFE45,0xFE45,0xFE65,0xF605,0x51C3,0x20A2,
  0x9BA4,0xFEA5,0xFE45,0xFE45,0xFE45,0xFE65,0xF5C4,0xE503,0x20C0,0x0000,0x0000,0x1060,0xDCC3,0xFDE4,
  0xFE45,0xFE45,0xFE45,0xFE45,0xFE85,0xDD45,0x3923,0x3923,0xDD45,0xFE85,0xFE45,0xFE45,0xFE45,0xFE45,
  0xFEA5,0xC4C4,0x3123,0x4183,0x5A03,0xFE45,0xFE45,0xFE45,0xFE45,0xFE45,0xF605,0xF584,0x49A1,0x0000,
  0x0000,0x3961,0xF563,0xF5E4,0xFE45,0xFE45,0xFE45,0xFE25,0xFEA5,0x8B64,0x3923,0x3923,0x8B64,0xFEA5,
  0xFE25,0xFE45,0xFE45,0xFE45,0xFE65,0xEDC5,0x49A3,0x20A2,0x8B44,0xFE85,0xFE45,0xFE45,0xFE45,0xFE45,
  0xFE25,0xFDA4,0x7AC1,0x0000,0x0000,0x4161,0xF564,0xF605,0xFE45,0xFE45,0xFE45,0xFE45,0xFEA5,0xB444,
  0x30E3,0x30E3,0xB444,0xFEA5,0xFE45,0xFE45,0xFE45,0xFE45,0xFE45,0xFE85,0xBC84,0x7AE4,0xEDE5,0xFE65,
  0xFE45,0xFE45,0xFE45,0xFE45,0xFE25,0xFDC4,0x82E2,0x0000,0x0000,0x4161,0xF564,0xF605,0xFE45,0xFE45,
  0xFE45,0xFE45,0xFE45,0xFE45,0x7AE4,0x7AE4,0xFE45,0xFE45,0xFE45,0xFE45,0xFE45,0xFE45,0xFE45,0xFE45,
  0xFE85,0xFEA5,0xFE65,0xFE45,0xFE45,0xFE45,0xFE45,0xFE45,0xFE25,0xFDC4,0x82C2,0x0000,0x0000,0x4181,
  0xF584,0xF605,0xFE45,0xFE45,0xFE45,0xFE45,0xFE45,0xFE45,0xFE85,0xFE85,0xFE45,0xFE45,0xFE45,0xFE45,
  0xFE45,0xFE45,0xFE45,0xFE45,0xFE45,0xFE45,0xFE45,0xFE45,0xFE45,0xFE45,0xFE45,0xFE45,0xFE25,0xFDC4,
  0x82E2,0x0000,0x0000,0x18A0,0xE4E3,0xF5E4,0xFE45,0xFE45,0xFE45,0xFE45,0xFE45,0xFE45,0xFE45,0xFE45,
  0xFE45,0xFE45,0xFE45,0xFE45,0xFE45,0xFE45,0xFE45,0xFE45,0xFE45,0xFE45,0xFE45,0xFE45,0xFE45,0xFE45,
  0xFE45,0xFE45,0xF605,0xFD84,0x51E1,0x0000,0x0000,0x0820,0xCC63,0xFDC4,0xFE45,0xFE45,0xFE45,0xFE45,
  0xFE45,0xFE45,0xFE45,0xFE45,0xFE45,0xFE45,0xFE45,0xFE45,0xFE45,0xFE45,0xFE45,0xFE45,0xFE45,0xFE45,
  0xFE45,0xFE45,0xFE45,0xFE45,0xFE45,0xFE65,0xF5E4,0xED43,0x3100,0x0000,0x0000,0x0000,0x8B02,0xFDA4,
  0xFE25,0xFE45,0xFE45,0xFE45,0xFE45,0xFE45,0xFE45,0xFE45,0xFE25,0xFE45,0xFE45,0xFE45,0xFE65,0xFEA5,
  0xFE65,0xFE45,0xFE45,0xFE45,0xFE45,0xFE45,0xFE45,0xFE45,0xFE45,0xFE45,0xF5A4,0xC443,0x0020,0x0000,
  0x0000,0x0000,0x3940,0xF544,0xF5E4,0xFE65,0xFE45,0xFE45,0xFE45,0xFE45,0xFE65,0xFE85,0xFEA5,0xFEA5,
  0xFEA5,0xFE45,0xE5A5,0xBCA4,0xE5A5,0xFE65,0xFE45,0xFE45,0xFE45,0xFE45,0xFE45,0xFE45,0xFE45,0xFE05,
  0xFDA4,0x7AA1,0x0000,0x0000,0x0000,0x0000,0x0000,0xABC2,0xFDA4,0xFE45,0xFE45,0xFE45,0xFE45,0xFE65,
  0xEDE5,0xDD65,0xB464,0x8B44,0x6A83,0x49A3,0x3923,0x20A2,0x9BC4,0xFEA5,0xFE25,0xFE45,0xFE45,0xFE45,
  0xFE45,0xFE45,0xFE45,0xF5C4,0xDCE3,0x1080,0x0000,0x0000,0x0000,0x0000,0x0000,0x3940,0xF543,0xF5C4,
  0xFE65,0xFE45,0xFE45,0xFEA5,0xBC84,0x28C3,0x3123,0x4183,0x6A63,0x8324,0xAC44,0xDD45,0xEDE5,0xFE25,
  0xFE45,0xFE45,0xFE45,0xFE45,0xFE45,0xFE65,0xF605,0xFDA4,0x7281,0x0000,0x0000,0x0000,0x0000,0x0000,
  0x0000,0x0000,0x82C2,0xFD84,0xF5E5,0xFE65,0xFE45,0xFE65,0xF5E5,0xBC84,0xDD85,0xF625,0xFE85,0xFEA5,
  0xFEA5,0xFE85,0xF609,0xEDAF,0xEDCA,0xFE45,0xFE45,0xFE45,0xFE45,0xFE25,0xF584,0xBC22,0x0020,0x0000,
  0x0000,0x0000,0x0000,0x0000,0x0000,0x0000,0x0000,0xB402,0xFDA4,0xF605,0xFE65,0xFE45,0xFE45,0xFEA5,
  0xFE85,0xFE65,0xFE45,0xFE45,0xFE45,0xF5E7,0xEDD0,0xFE72,0xEDF1,0xF5E8,0xFE64,0xFE65,0xFE44,0xF5A4,
  0xE503,0x20C0,0x0000,0x0000,0x0000,0x0000,0x0000,0x0000,0x0000,0x0000,0x0000,0x1080,0xC443,0xFD84,
  0xF5C4,0xFE45,0xFE45,0xFE25,0xFE45,0xFE45,0xFE45,0xFE45,0xFE65,0xF5E7,0xEDF0,0xFE51,0xF610,0xE56B,
  0xE58A,0xE58A,0xED67,0xDCE4,0x3120,0x0000,0x0000,0x0000,0x0000,0x0000,0x0000,0x0000,0x0000,0x0000,
  0x0000,0x0000,0x0840,0x9342,0xF584,0xF5A4,0xF5E5,0xFE45,0xFE45,0xFE45,0xFE45,0xFE45,0xFE64,0xF5C7,
  0xEDAF,0xFE51,0xEDEF,0xEDAF,0xF611,0xEDD0,0xEDAF,0xDD6D,0x6246,0x0000,0x0000,0x0000,0x0000,0x0000,
  0x0000,0x0000,0x0000,0x0000,0x0000,0x0000,0x0000,0x0000,0x51C1,0xCC63,0xF584,0xFDA4,0xF5E4,0xF605,
  0xFE25,0xFE45,0xF5E6,0xE56E,0xEDF0,0xE5AE,0xEDCF,0xF631,0xF631,0xF651,0xF651,0xFE51,0xFE30,0x6245,
  0x0000,0x0000,0x0000,0x0000,0x0000,0x0000,0x0000,0x0000,0x0000,0x0000,0x0000,0x0000,0x0000,0x0020,
  0x5A21,0xB402,0xE503,0xF584,0xFDA4,0xFDC3,0xF5A8,0xF5F0,0xF651,0xF610,0xF631,0xF631,0xF631,0xF631,
  0xF631,0xEE11,0xFE71,0xABE9,0x0000,0x0000,0x0000,0x0000,0x0000,0x0000,0x0000,0x0000,0x0000,0x0000,
  0x0000,0x0000,0x0000,0x0000,0x0000,0x0000,0x20C0,0x49A1,0x7AC2,0x82E2,0x82C2,0xAC09,0xFE50,0xF631,
  0xF631,0xF651,0xF651,0xF631,0xF631,0xFE51,0xCCEC,0x20C2,0x0000,0x0000,0x0000,0x0000,0x0000,0x0000,
  0x0000,0x0000,0x0000,0x0000,0x0000,0x0000,0x0000,0x0000,0x0000,0x0000,0x0000,0x0000,0x0000,0x0000,
  0x0000,0x0020,0x7AE7,0xCCEC,0xE58E,0xE5AE,0xEDAF,0xE58E,0xDD2D,0x9BA8,0x20C1,0x0000,0x0000,0x0000,
  0x0000,0x0000,
};
static const uint16_t kP_1F614[1024] = {
  0x0000,0x0000,0x0000,0x0000,0x0000,0x0000,0x0000,0x0000,0x0000,0x0000,0x0000,0x0000,0x0000,0x0000,
  0x0000,0x0000,0x0000,0x0000,0x0000,0x0000,0x0000,0x0000,0x0000,0x0000,0x0000,0x0000,0x0000,0x0000,
  0x0000,0x0000,0x0000,0x0000,0x0000,0x0000,0x0000,0x0000,0x0000,0x0000,0x0000,0x0000,0x0000,0x0000,
  0x0000,0x0000,0x0000,0x1060,0x3961,0x4181,0x4161,0x4181,0x18A0,0x0820,0x0000,0x0000,0x0000,0x0000,
  0x0000,0x0000,0x0000,0x0000,0x0000,0x0000,0x0000,0x0000,0x0000,0x0000,0x0000,0x0000,0x0000,0x0000,
  0x0000,0x0000,0x0000,0x0000,0x20C0,0x7AA1,0xBC23,0xDCE3,0xF564,0xF584,0xF564,0xF584,0xE503,0xCC83,
  0x8B22,0x3961,0x0000,0x0000,0x0000,0x0000,0x0000,0x0000,0x0000,0x0000,0x0000,0x0000,0x0000,0x0000,
  0x0000,0x0000,0x0000,0x0000,0x0000,0x0000,0x18A0,0x9322,0xE503,0xFDA4,0xFDC4,0xFDE4,0xF5E5,0xF605,
  0xFE05,0xF605,0xF5E4,0xFDC4,0xFDA4,0xF544,0xABC2,0x3940,0x0000,0x0000,0x0000,0x0000,0x0000,0x0000,
  0x0000,0x0000,0x0000,0x0000,0x0000,0x0000,0x0000,0x0000,0x0000,0x51E1,0xDCE3,0xFDA4,0xF5C4,0xFE25,
  0xFE45,0xFE45,0xFE65,0xFE45,0xFE45,0xFE45,0xFE45,0xFE45,0xFE25,0xF5E4,0xFDA4,0xF543,0x82E2,0x0000,
  0x0000,0x0000,0x0000,0x0000,0x0000,0x0000,0x0000,0x0000,0x0000,0x0000,0x0000,0x0000,0x8B02,0xF564,
  0xF5A4,0xFE25,0xFE45,0xFE45,0xFE45,0xFE45,0xFE45,0xFE45,0xFE45,0xFE45,0xFE45,0xFE45,0xFE45,0xFE65,
  0xFE45,0xF5C4,0xFD84,0xB402,0x1080,0x0000,0x0000,0x0000,0x0000,0x0000,0x0000,0x0000,0x0000,0x0000,
  0x0000,0x8302,0xFDA4,0xF5C4,0xFE45,0xFE45,0xFE45,0xFE45,0xFE45,0xFE45,0xFE45,0xFE45,0xFE45,0xFE45,
  0xFE45,0xFE45,0xFE45,0xFE45,0xFE45,0xFE65,0xF5E5,0xFDA4,0xC443,0x0020,0x0000,0x0000,0x0000,0x0000,
  0x0000,0x0000,0x0000,0x0000,0x51C1,0xF564,0xF5C4,0xFE65,0xFE45,0xFE45,0xFE45,0xFE45,0xFE45,0xFE45,
  0xFE45,0xFE45,0xFE45,0xFE45,0xFE45,0xFE45,0xFE45,0xFE45,0xFE45,0xFE45,0xFE65,0xF605,0xFD84,0x8B22,
  0x0000,0x0000,0x0000,0x0000,0x0000,0x0000,0x0000,0x18A0,0xDCE3,0xF5A4,0xFE45,0xFE45,0xFE45,0xFE45,
  0xFE45,0xFE45,0xFE45,0xFE45,0xFE45,0xFE45,0xFE45,0xFE45,0xFE45,0xFE45,0xFE45,0xFE45,0xFE45,0xFE45,
  0xFE45,0xFE65,0xF5C4,0xFD84,0x49A1,0x0000,0x0000,0x0000,0x0000,0x0000,0x0000,0x8B02,0xFDA4,0xFE25,
  0xFE45,0xFE45,0xFE45,0xFE45,0xFE45,0xFE45,0xFE45,0xFE45,0xFE45,0xFE45,0xFE45,0xFE45,0xFE45,0xFE45,
  0xFE45,0xFE45,0xFE45,0xFE45,0xFE45,0xFE45,0xFE45,0xF5A4,0xCC63,0x0020,0x0000,0x0000,0x0000,0x0000,
  0x20C0,0xE503,0xF5C4,0xFE65,0xFE45,0xFE45,0xFE45,0xFE45,0xFE45,0xFE45,0xFE45,0xFE45,0xFE45,0xFE45,
  0xFE45,0xFE45,0xFE45,0xFE45,0xFE45,0xFE45,0xFE45,0xFE45,0xFE45,0xFE45,0xFE65,0xF5E5,0xF584,0x5A01,
  0x0000,0x0000,0x0000,0x0000,0x7281,0xFDA4,0xFE25,0xFE45,0xFE45,0xFE45,0xFE45,0xFE45,0xFE45,0xFE45,
  0xFE45,0xFE45,0xFE45,0xFE45,0xFE45,0xFE45,0xFE45,0xFE45,0xFE45,0xFE45,0xFE45,0xFE45,0xFE45,0xFE45,
  0xFE45,0xFE45,0xFDA4,0xB402,0x0000,0x0000,0x0000,0x0020,0xBC22,0xF5A4,0xFE45,0xFE45,0xFE45,0xFE45,
  0xFE45,0xFE45,0xFE45,0xFE45,0xFE45,0xFE45,0xFE45,0xFE45,0xFE45,0xFE45,0xFE45,0xFE45,0xFE45,0xFE45,
  0xFE45,0xFE45,0xFE45,0xFE45,0xFE45,0xFE65,0xF5C4,0xE503,0x20C0,0x0000,0x0000,0x1060,0xDCC3,0xFDE4,
  0xFE45,0xFE45,0xFE45,0xFE45,0xFE45,0xFE45,0xFE45,0xFE45,0xFE45,0xFE45,0xFE45,0xFE45,0xFE45,0xFE45,
  0xFE45,0xFE45,0xFE45,0xFE45,0xFE45,0xFE45,0xFE45,0xFE45,0xFE45,0xFE45,0xF605,0xF584,0x49A1,0x0000,
  0x0000,0x3961,0xF563,0xF5E4,0xFE45,0xFE45,0xFE45,0xFE65,0xFE65,0xFE85,0xFEA5,0xFEA5,0xFE85,0xFE65,
  0xFE65,0xFE45,0xFE45,0xFE45,0xFE85,0xFE65,0xFEA5,0xFE85,0xFE85,0xFE65,0xFE65,0xFE45,0xFE45,0xFE45,
  0xFE25,0xFDA4,0x7AC1,0x0000,0x0000,0x4161,0xF564,0xF605,0xFE45,0xFE45,0xFE65,0xEDE5,0x6223,0x7AE4,
  0xCD04,0xCD04,0x7AE4,0x6223,0xEDE5,0xFE65,0xFE45,0xFE65,0x8324,0x5A23,0xBCA4,0xCD25,0x9BC4,0x51C3,
  0xCCE4,0xFE85,0xFE45,0xFE45,0xFE25,0xFDC4,0x82E2,0x0000,0x0000,0x4161,0xF564,0xF605,0xFE45,0xFE45,
  0xFE45,0xFE45,0x9384,0x3123,0x28C3,0x28C3,0x3123,0x9384,0xFE45,0xFE45,0xFE45,0xFE65,0xBC84,0x4183,
  0x28C2,0x28C3,0x28E3,0x72A3,0xE5C5,0xFE65,0xFE45,0xFE45,0xFE25,0xFDC4,0x82C2,0x0000,0x0000,0x4181,
  0xF584,0xF605,0xFE45,0xFE45,0xFE45,0xFE45,0xFEA5,0xE5A5,0xB444,0xB444,0xE5A5,0xFEA5,0xFE45,0xFE45,
  0xFE45,0xFE45,0xFEA5,0xF605,0xBC84,0xAC24,0xD525,0xFE85,0xFE65,0xFE45,0xFE45,0xFE45,0xFE25,0xFDC4,
  0x82E2,0x0000,0x0000,0x18A0,0xE4E3,0xF5E4,0xFE45,0xFE45,0xFE45,0xFE45,0xFE45,0xFE65,0xFEA5,0xFEA5,
  0xFE65,0xFE45,0xFE45,0xFE45,0xFE45,0xFE45,0xFE45,0xFE65,0xFEA5,0xFEA5,0xFE85,0xFE45,0xFE45,0xFE45,
  0xFE45,0xFE45,0xF605,0xFD84,0x51E1,0x0000,0x0000,0x0820,0xCC63,0xFDC4,0xFE45,0xFE45,0xFE45,0xFE45,
  0xFE45,0xFE45,0xFE25,0xFE25,0xFE45,0xFE45,0xFE45,0xFE45,0xFE45,0xFE45,0xFE45,0xFE45,0xFE45,0xFE25,
  0xFE45,0xFE45,0xFE45,0xFE45,0xFE45,0xFE65,0xF5E4,0xED43,0x3100,0x0000,0x0000,0x0000,0x8B02,0xFDA4,
  0xFE25,0xFE45,0xFE45,0xFE45,0xFE45,0xFE45,0xFE45,0xFE45,0xFE45,0xFE25,0xFE45,0xFE45,0xFE45,0xFE45,
  0xFE25,0xFE45,0xFE45,0xFE45,0xFE45,0xFE45,0xFE45,0xFE45,0xFE45,0xFE45,0xF5A4,0xC443,0x0020,0x0000,
  0x0000,0x0000,0x3940,0xF544,0xF5E4,0xFE65,0xFE45,0xFE45,0xFE45,0xFE45,0xFE45,0xFE45,0xFE65,0xFEA5,
  0xFEA5,0xFE85,0xFE85,0xFEA5,0xFEA5,0xFE65,0xFE45,0xFE45,0xFE45,0xFE45,0xFE45,0xFE45,0xFE45,0xFE05,
  0xFDA4,0x7AA1,0x0000,0x0000,0x0000,0x0000,0x0000,0xABC2,0xFDA4,0xFE45,0xFE45,0xFE45,0xFE45,0xFE45,
  0xFE45,0xFEA5,0xF605,0xB484,0x9384,0x72A3,0x72A3,0x8324,0xAC44,0xE585,0xFEA5,0xFE65,0xFE45,0xFE45,
  0xFE45,0xFE45,0xFE45,0xF5C4,0xDCE3,0x1080,0x0000,0x0000,0x0000,0x0000,0x0000,0x3940,0xF543,0xF5C4,
  0xFE65,0xFE45,0xFE45,0xFE45,0xFE45,0xAC44,0x4183,0x20A2,0x3123,0x4183,0x4183,0x3943,0x20A2,0x3923,
  0x8B64,0xEDE5,0xFE45,0xFE45,0xFE45,0xFE65,0xF605,0xFDA4,0x7281,0x0000,0x0000,0x0000,0x0000,0x0000,
  0x0000,0x0000,0x82C2,0xFD84,0xF5E5,0xFE65,0xFE25,0xFE85,0x9BC4,0x20A3,0x6A83,0xB464,0xDD85,0xF605,
  0xF605,0xEDC5,0xC4C4,0x8344,0x28E3,0x72C3,0xFE65,0xFE45,0xFE45,0xFE25,0xF584,0xBC22,0x0020,0x0000,
  0x0000,0x0000,0x0000,0x0000,0x0000,0x0000,0x0000,0xB402,0xFDA4,0xF605,0xFE65,0xFE45,0xF605,0xC4E4,
  0xFE85,0xFEA5,0xFE85,0xFE65,0xFE65,0xFE65,0xFEA5,0xFEC5,0xD525,0xE585,0xFE65,0xFE45,0xFE25,0xF584,
  0xE503,0x20A0,0x0000,0x0000,0x0000,0x0000,0x0000,0x0000,0x0000,0x0000,0x0000,0x1080,0xC443,0xFD84,
  0xF5C4,0xFE45,0xFE65,0xFE85,0xFE45,0xFE25,0xFE45,0xFE45,0xFE45,0xFE45,0xFE45,0xFE25,0xFE85,0xFE65,
  0xFE45,0xF605,0xF584,0xE503,0x3960,0x0000,0x0000,0x0000,0x0000,0x0000,0x0000,0x0000,0x0000,0x0000,
  0x0000,0x0000,0x0840,0x9342,0xF584,0xF5A4,0xF5E5,0xFE25,0xFE45,0xFE65,0xFE45,0xFE45,0xFE45,0xFE45,
  0xFE45,0xFE65,0xFE45,0xF605,0xF5C4,0xFDA4,0xBC23,0x20C0,0x0000,0x0000,0x0000,0x0000,0x0000,0x0000,
  0x0000,0x0000,0x0000,0x0000,0x0000,0x0000,0x0000,0x0000,0x51C1,0xCC63,0xF584,0xFDA4,0xF5E4,0xF605,
  0xFE25,0xFE25,0xFE25,0xFE25,0xF605,0xF5E4,0xF5C4,0xFDA4,0xDCC3,0x7AC1,0x0020,0x0000,0x0000,0x0000,
  0x0000,0x0000,0x0000,0x0000,0x0000,0x0000,0x0000,0x0000,0x0000,0x0000,0x0000,0x0000,0x0000,0x0020,
  0x5A21,0xB402,0xE503,0xF584,0xFDA4,0xFDC4,0xFDC4,0xFDC4,0xFD84,0xED43,0xC463,0x7AC2,0x1880,0x0000,
  0x0000,0x0000,0x0000,0x0000,0x0000,0x0000,0x0000,0x0000,0x0000,0x0000,0x0000,0x0000,0x0000,0x0000,
  0x0000,0x0000,0x0000,0x0000,0x0000,0x0000,0x20C0,0x49A1,0x7AC1,0x82E2,0x82C2,0x82E2,0x51E1,0x3120,
  0x0000,0x0000,0x0000,0x0000,0x0000,0x0000,0x0000,0x0000,0x0000,0x0000,0x0000,0x0000,0x0000,0x0000,
  0x0000,0x0000,0x0000,0x0000,0x0000,0x0000,0x0000,0x0000,0x0000,0x0000,0x0000,0x0000,0x0000,0x0000,
  0x0000,0x0000,0x0000,0x0000,0x0000,0x0000,0x0000,0x0000,0x0000,0x0000,0x0000,0x0000,0x0000,0x0000,
  0x0000,0x0000,
};
static const uint16_t kP_1F622[1024] = {
  0x0000,0x0000,0x0000,0x0000,0x0000,0x0000,0x0000,0x0000,0x0000,0x0000,0x0000,0x0000,0x0000,0x0000,
  0x0000,0x0000,0x0000,0x0000,0x0000,0x0000,0x0000,0x0000,0x0000,0x0000,0x0000,0x0000,0x0000,0x0000,
  0x0000,0x0000,0x0000,0x0000,0x0000,0x0000,0x0000,0x0000,0x0000,0x0000,0x0000,0x0000,0x0000,0x0000,
  0x0000,0x0000,0x0000,0x1060,0x3961,0x4181,0x4161,0x4181,0x18A0,0x0820,0x0000,0x0000,0x0000,0x0000,
  0x0000,0x0000,0x0000,0x0000,0x0000,0x0000,0x0000,0x0000,0x0000,0x0000,0x0000,0x0000,0x0000,0x0000,
  0x0000,0x0000,0x0000,0x0000,0x20C0,0x7AA1,0xBC23,0xDCE3,0xF564,0xF584,0xF564,0xF584,0xE503,0xCC83,
  0x8B22,0x3961,0x0000,0x0000,0x0000,0x0000,0x0000,0x0000,0x0000,0x0000,0x0000,0x0000,0x0000,0x0000,
  0x0000,0x0000,0x0000,0x0000,0x0000,0x0000,0x18A0,0x9322,0xE503,0xFDA4,0xFDC4,0xFDE4,0xF5E5,0xF605,
  0xFE05,0xF605,0xF5E4,0xFDC4,0xFDA4,0xF544,0xABC2,0x3940,0x0000,0x0000,0x0000,0x0000,0x0000,0x0000,
  0x0000,0x0000,0x0000,0x0000,0x0000,0x0000,0x0000,0x0000,0x0000,0x51E1,0xDCE3,0xFDA4,0xF5C4,0xFE25,
  0xFE45,0xFE45,0xFE65,0xFE45,0xFE45,0xFE45,0xFE45,0xFE45,0xFE25,0xF5E4,0xFDA4,0xF543,0x82E2,0x0000,
  0x0000,0x0000,0x0000,0x0000,0x0000,0x0000,0x0000,0x0000,0x0000,0x0000,0x0000,0x0000,0x8B02,0xF564,
  0xF5A4,0xFE25,0xFE45,0xFE45,0xFE45,0xFE45,0xFE45,0xFE45,0xFE45,0xFE45,0xFE45,0xFE45,0xFE45,0xFE65,
  0xFE45,0xF5C4,0xFD84,0xB402,0x1080,0x0000,0x0000,0x0000,0x0000,0x0000,0x0000,0x0000,0x0000,0x0000,
  0x0000,0x8302,0xFDA4,0xF5C4,0xFE45,0xFE45,0xFE45,0xFE45,0xFE45,0xFE45,0xFE45,0xFE45,0xFE45,0xFE45,
  0xFE45,0xFE45,0xFE45,0xFE45,0xFE45,0xFE65,0xF5E5,0xFDA4,0xC443,0x0020,0x0000,0x0000,0x0000,0x0000,
  0x0000,0x0000,0x0000,0x0000,0x51C1,0xF564,0xF5C4,0xFE65,0xFE45,0xFE45,0xFE45,0xFE45,0xFE45,0xFE45,
  0xFE45,0xFE45,0xFE45,0xFE45,0xFE45,0xFE45,0xFE45,0xFE45,0xFE45,0xFE45,0xFE65,0xF605,0xFD84,0x8B22,
  0x0000,0x0000,0x0000,0x0000,0x0000,0x0000,0x0000,0x18A0,0xDCE3,0xF5A4,0xFE45,0xFE45,0xFE45,0xFE45,
  0xFE45,0xFE45,0xFE45,0xFE45,0xFE45,0xFE45,0xFE45,0xFE45,0xFE45,0xFE45,0xFE45,0xFE45,0xFE45,0xFE45,
  0xFE45,0xFE65,0xF5C4,0xFD84,0x49A1,0x0000,0x0000,0x0000,0x0000,0x0000,0x0000,0x8B02,0xFDA4,0xFE25,
  0xFE45,0xFE45,0xFE45,0xFE45,0xFE45,0xFE45,0xFE45,0xFE45,0xFE45,0xFE45,0xFE45,0xFE45,0xFE45,0xFE45,
  0xFE45,0xFE25,0xFE45,0xFE45,0xFE45,0xFE45,0xFE45,0xF5A4,0xCC63,0x0020,0x0000,0x0000,0x0000,0x0000,
  0x20C0,0xE503,0xF5C4,0xFE65,0xFE45,0xFE45,0xFE45,0xFE45,0xFEA5,0xFEA5,0xFE45,0xFE45,0xFE45,0xFE45,
  0xFE45,0xFE45,0xFE45,0xFE45,0xFE85,0xFEA5,0xFE65,0xFE45,0xFE45,0xFE45,0xFE65,0xF5E5,0xF584,0x5A01,
  0x0000,0x0000,0x0000,0x0000,0x7281,0xFDA4,0xFE25,0xFE45,0xFE45,0xFE45,0xFE45,0xFE65,0xAC44,0xAC44,
  0xFE65,0xFE45,0xFE45,0xFE45,0xFE45,0xFE45,0xFE45,0xFE85,0xCD04,0x9BA4,0xF605,0xFE65,0xFE45,0xFE45,
  0xFE45,0xFE45,0xFDA4,0xB402,0x0000,0x0000,0x0000,0x0020,0xBC22,0xF5A4,0xFE45,0xFE45,0xFE45,0xFE45,
  0xFEA5,0xB464,0x28E3,0x28E3,0xB464,0xFEA5,0xFE45,0xFE45,0xFE45,0xFE45,0xFE65,0xE585,0x4163,0x28C3,
  0x7B04,0xFE85,0xFE45,0xFE45,0xFE45,0xFE65,0xF5C4,0xE503,0x20C0,0x0000,0x0000,0x1060,0xDCC3,0xFDE4,
  0xFE45,0xFE45,0xFE45,0xFE25,0xFEA5,0x8B64,0x3103,0x3103,0x8B64,0xFEA5,0xFE25,0xFE45,0xFE45,0xFE45,
  0xFEA5,0xC4C4,0x3103,0x3943,0x5A03,0xFE65,0xFE45,0xFE45,0xFE45,0xFE45,0xF605,0xF584,0x49A1,0x0000,
  0x0000,0x3961,0xF563,0xF5E4,0xFE45,0xFE45,0xFE45,0xFE45,0xFE85,0xDD64,0x51C3,0x51C3,0xDD64,0xFE85,
  0xFE45,0xFE45,0xFE45,0xFE45,0xFE45,0xF625,0x72A3,0x3943,0xB464,0xFE85,0xFE45,0xFE45,0xFE45,0xFE45,
  0xFE25,0xFDA4,0x7AC1,0x0000,0x0000,0x4161,0xF564,0xF605,0xFE45,0xFE45,0xFE45,0xFE45,0xF646,0xF667,
  0xE5E6,0xE5E7,0xF667,0xFE45,0xFE45,0xFE45,0xFE45,0xFE45,0xFE45,0xFE65,0xFE45,0xEDC5,0xFE85,0xFE45,
  0xFE45,0xFE45,0xFE45,0xFE45,0xFE25,0xFDC4,0x82E2,0x0000,0x0000,0x4161,0xF564,0xF605,0xFE45,0xFE45,
  0xFE45,0xFE63,0xBDEE,0x453E,0x555C,0x4D5E,0x7578,0xFE45,0xFE45,0xFE45,0xFE45,0xFE45,0xFE45,0xFE45,
  0xFE45,0xFE65,0xFE45,0xFE45,0xFE45,0xFE45,0xFE45,0xFE45,0xFE25,0xFDC4,0x82C2,0x0000,0x0000,0x4181,
  0xF584,0xF605,0xFE45,0xFE45,0xFE45,0xFE44,0xDE2A,0x3D3F,0x453E,0x351F,0x8DB4,0xFE63,0xFE45,0xFE45,
  0xFE45,0xFE45,0xFE45,0xFE45,0xFE45,0xFE45,0xFE45,0xFE45,0xFE45,0xFE45,0xFE45,0xFE45,0xFE25,0xFDC4,
  0x82E2,0x0000,0x0000,0x18A0,0xE4E3,0xF5E4,0xFE45,0xFE45,0xFE45,0xFE45,0xF646,0x555C,0x453E,0x351F,
  0xB5EF,0xFE63,0xFE45,0xFE45,0xFE45,0xFE45,0xFE45,0xFE45,0xFE45,0xFE45,0xFE45,0xFE45,0xFE45,0xFE45,
  0xFE45,0xFE45,0xF605,0xFD84,0x51E1,0x0000,0x0000,0x0820,0xCC63,0xFDC4,0xFE45,0xFE45,0xFE45,0xFE45,
  0xFE44,0x7578,0x3D1F,0x453E,0xD60A,0xFE64,0xFE45,0xFE45,0xFE45,0xFE45,0xFE45,0xFE45,0xFE45,0xFE45,
  0xFE45,0xFE45,0xFE45,0xFE45,0xFE45,0xFE65,0xF5E4,0xED43,0x3100,0x0000,0x0000,0x0000,0x8B02,0xFDA4,
  0xFE25,0xFE45,0xFE45,0xFE45,0xFE63,0x95B3,0x351F,0x555C,0xF646,0xFE45,0xFE45,0xFE45,0xFE45,0xFE45,
  0xFE45,0xFE45,0xFE45,0xFE45,0xFE45,0xFE45,0xFE45,0xFE45,0xFE45,0xFE45,0xF5A4,0xC443,0x0020,0x0000,
  0x0000,0x0000,0x3940,0xF544,0xF5E4,0xFE65,0xFE45,0xFE45,0xFE63,0xBDEE,0x2D1F,0x7578,0xFE44,0xFE45,
  0xFE65,0xFE85,0xFE85,0xFE65,0xFE45,0xFE45,0xFE45,0xFE45,0xFE45,0xFE45,0xFE45,0xFE45,0xFE45,0xFE05,
  0xFDA4,0x7AA1,0x0000,0x0000,0x0000,0x0000,0x0000,0xABC2,0xFDA4,0xFE45,0xFE45,0xFE45,0xFE44,0xDE0A,
  0x351F,0x8D95,0xFEA4,0xFE86,0xF605,0xE585,0xE585,0xEDC5,0xFE65,0xFEA5,0xFE65,0xFE45,0xFE45,0xFE45,
  0xFE45,0xFE45,0xFE45,0xF5C4,0xDCE3,0x1080,0x0000,0x0000,0x0000,0x0000,0x0000,0x3940,0xF543,0xF5C4,
  0xFE65,0xFE45,0xFE63,0xDE0A,0x3D1F,0x95B4,0xB443,0x5A23,0x4983,0x30E3,0x3103,0x3943,0x5A03,0x9BA4,
  0xEDE5,0xFEA5,0xFE45,0xFE45,0xFE45,0xFE65,0xF605,0xFDA4,0x7281,0x0000,0x0000,0x0000,0x0000,0x0000,
  0x0000,0x0000,0x82C2,0xFD84,0xF5E5,0xFE64,0xCE0B,0x453E,0x453E,0x3D5F,0x3374,0x4982,0x72C4,0x93A4,
  0x9384,0x8324,0x51E3,0x30E3,0x4163,0xAC44,0xFE65,0xFE45,0xFE45,0xFE25,0xF584,0xBC22,0x0020,0x0000,
  0x0000,0x0000,0x0000,0x0000,0x0000,0x0000,0x0000,0xB403,0xFDA4,0xEDE5,0x5D5B,0x3D1F,0x453E,0x453E,
  0x3D5F,0xBDCD,0xFEA4,0xFEA6,0xFEA5,0xFEA5,0xFE45,0xD565,0x6A63,0x9364,0xFE85,0xFE45,0xFE25,0xF584,
  0xE503,0x20A0,0x0000,0x0000,0x0000,0x0000,0x0000,0x0000,0x0000,0x0000,0x0000,0x1080,0xC442,0xED86,
  0x451D,0x3D1E,0x453E,0x453E,0x351F,0xADD1,0xFE63,0xFE25,0xFE25,0xFE45,0xFE45,0xFE85,0xFE65,0xFE85,
  0xFE65,0xF605,0xF584,0xE503,0x3960,0x0000,0x0000,0x0000,0x0000,0x0000,0x0000,0x0000,0x0000,0x0000,
  0x0000,0x0000,0x0840,0x9342,0x7599,0x3D5F,0x451D,0x451E,0x351F,0xCE0C,0xFE64,0xFE45,0xFE45,0xFE45,
  0xFE45,0xFE45,0xFE45,0xF605,0xF5C4,0xFDA4,0xBC23,0x20C0,0x0000,0x0000,0x0000,0x0000,0x0000,0x0000,
  0x0000,0x0000,0x0000,0x0000,0x0000,0x0000,0x0000,0x0000,0x31C5,0x3CDB,0x459F,0x455F,0x9D71,0xFE03,
  0xFE25,0xFE25,0xFE25,0xFE25,0xF605,0xF5E4,0xF5C4,0xFDA4,0xDCC3,0x7AC1,0x0020,0x0000,0x0000,0x0000,
  0x0000,0x0000,0x0000,0x0000,0x0000,0x0000,0x0000,0x0000,0x0000,0x0000,0x0000,0x0000,0x0000,0x0062,
  0x226D,0x8C0A,0xF522,0xF584,0xFDA4,0xFDC4,0xFDC4,0xFDC4,0xFD84,0xED43,0xC463,0x7AC2,0x1880,0x0000,
  0x0000,0x0000,0x0000,0x0000,0x0000,0x0000,0x0000,0x0000,0x0000,0x0000,0x0000,0x0000,0x0000,0x0000,
  0x0000,0x0000,0x0000,0x0000,0x0000,0x0000,0x20C0,0x49A1,0x7AC1,0x82E2,0x82C2,0x82E2,0x51E1,0x3120,
  0x0000,0x0000,0x0000,0x0000,0x0000,0x0000,0x0000,0x0000,0x0000,0x0000,0x0000,0x0000,0x0000,0x0000,
  0x0000,0x0000,0x0000,0x0000,0x0000,0x0000,0x0000,0x0000,0x0000,0x0000,0x0000,0x0000,0x0000,0x0000,
  0x0000,0x0000,0x0000,0x0000,0x0000,0x0000,0x0000,0x0000,0x0000,0x0000,0x0000,0x0000,0x0000,0x0000,
  0x0000,0x0000,
};
static const uint16_t kP_1F621[1024] = {
  0x0000,0x0000,0x0000,0x0000,0x0000,0x0000,0x0000,0x0000,0x0000,0x0000,0x0000,0x0000,0x0000,0x0000,
  0x0000,0x0000,0x0000,0x0000,0x0000,0x0000,0x0000,0x0000,0x0000,0x0000,0x0000,0x0000,0x0000,0x0000,
  0x0000,0x0000,0x0000,0x0000,0x0000,0x0000,0x0000,0x0000,0x0000,0x0000,0x0000,0x0000,0x0000,0x0000,
  0x0000,0x0000,0x0000,0x1020,0x3080,0x3880,0x3080,0x3880,0x1820,0x0000,0x0000,0x0000,0x0000,0x0000,
  0x0000,0x0000,0x0000,0x0000,0x0000,0x0000,0x0000,0x0000,0x0000,0x0000,0x0000,0x0000,0x0000,0x0000,
  0x0000,0x0000,0x0000,0x0000,0x2040,0x60E1,0xA162,0xB9A2,0xC9E3,0xD1E3,0xD1E3,0xD1E3,0xB9C2,0xA982,
  0x7901,0x3080,0x0000,0x0000,0x0000,0x0000,0x0000,0x0000,0x0000,0x0000,0x0000,0x0000,0x0000,0x0000,
  0x0000,0x0000,0x0000,0x0000,0x0000,0x0000,0x1820,0x7921,0xC1C2,0xD203,0xDA44,0xDA64,0xE284,0xE2A5,
  0xE2A5,0xE2A4,0xDA84,0xDA44,0xDA23,0xC9E3,0x9162,0x3060,0x0000,0x0000,0x0000,0x0000,0x0000,0x0000,
  0x0000,0x0000,0x0000,0x0000,0x0000,0x0000,0x0000,0x0000,0x0000,0x48A1,0xB9A2,0xDA03,0xDA64,0xE2C5,
  0xEAE5,0xEAE5,0xEAE5,0xEAE5,0xEAE5,0xEAE5,0xEAE5,0xEAE5,0xE2C5,0xDA84,0xDA23,0xC9E3,0x6901,0x0000,
  0x0000,0x0000,0x0000,0x0000,0x0000,0x0000,0x0000,0x0000,0x0000,0x0000,0x0000,0x0000,0x7101,0xC9E3,
  0xDA44,0xE2C5,0xEAE5,0xEAE5,0xEAE5,0xEAC5,0xEAE5,0xEAE5,0xEAE5,0xEAE5,0xEAC5,0xEAC5,0xEAE5,0xEAE5,
  0xEAC5,0xDA64,0xD203,0x9962,0x1020,0x0000,0x0000,0x0000,0x0000,0x0000,0x0000,0x0000,0x0000,0x0000,
  0x0000,0x7101,0xDA03,0xDA64,0xEAE5,0xEAE5,0xEAC5,0xEAE5,0xEAE5,0xEAE5,0xEAE5,0xEAE5,0xEAE5,0xEAE5,
  0xEAE5,0xEAE5,0xEAE5,0xEAE5,0xEAE5,0xEAE5,0xE2A4,0xD203,0xA182,0x0000,0x0000,0x0000,0x0000,0x0000,
  0x0000,0x0000,0x0000,0x0000,0x40A1,0xC9E3,0xDA64,0xEAE5,0xEAE5,0xEAE5,0xEAE5,0xEAE5,0xEAE5,0xEAE5,
  0xEAE5,0xEAE5,0xEAE5,0xEAE5,0xEAE5,0xEAE5,0xEAE5,0xEAE5,0xEAE5,0xEAC5,0xEAE5,0xE2A5,0xD203,0x7901,
  0x0000,0x0000,0x0000,0x0000,0x0000,0x0000,0x0000,0x1820,0xB9A2,0xD244,0xEAE5,0xEAE5,0xEAC5,0xEAE5,
  0xEAE5,0xEAE5,0xEAE5,0xEAE5,0xEAE5,0xEAE5,0xEAE5,0xEAE5,0xEAE5,0xEAE5,0xEAE5,0xEAE5,0xEAC5,0xEAE5,
  0xF2E5,0xF2E5,0xDA64,0xD1E3,0x4081,0x0000,0x0000,0x0000,0x0000,0x0000,0x0000,0x7101,0xDA03,0xE2C5,
  0xEAE5,0xDAC5,0xF2E5,0xF2E5,0xEAC5,0xEAE5,0xEAE5,0xEAE5,0xEAE5,0xEAE5,0xEAE5,0xEAE5,0xEAE5,0xEAE5,
  0xEAC5,0xEAE5,0xF2E5,0xF2E5,0xBA64,0xDAA5,0xF2E5,0xD224,0xA982,0x0000,0x0000,0x0000,0x0000,0x0000,
  0x1840,0xC1C2,0xDA64,0xF305,0xCA85,0x4163,0x8204,0xD2A5,0xFAE5,0xF2E5,0xEAC5,0xEAE5,0xEAE5,0xEAE5,
  0xEAE5,0xEAE5,0xEAC5,0xEAE5,0xF2E5,0xF2E5,0xC285,0x69C3,0x2122,0x8A04,0xFB05,0xDAA4,0xD203,0x48A1,
  0x0000,0x0000,0x0000,0x0000,0x60E1,0xD203,0xE2A5,0xF2E5,0xCAA5,0x69C3,0x2943,0x3963,0x8204,0xD2A5,
  0xFAE5,0xF2E5,0xEAE5,0xEAE5,0xEAE5,0xEAE5,0xF2E5,0xF2E5,0xC284,0x69C3,0x2943,0x3963,0x8204,0xD2A5,
  0xEAE5,0xEAE5,0xDA23,0x9962,0x0000,0x0000,0x0000,0x0000,0x9962,0xDA44,0xEAE5,0xEAE5,0xF2E5,0xF2E5,
  0xC284,0x69C3,0x2943,0x3943,0x8204,0xD2A5,0xEAE5,0xEAE5,0xEAE5,0xEAE5,0xBA84,0x69C3,0x2943,0x3943,
  0x8204,0xD2A5,0xFAE5,0xF2E5,0xEAC5,0xEAE5,0xDA64,0xC1C3,0x1840,0x0000,0x0000,0x1020,0xB9A2,0xDA64,
  0xEAE5,0xEAC5,0xEAE5,0xEAE5,0xF2E5,0xF2E5,0xCA85,0x79E4,0x3143,0x3963,0xD2A5,0xF2E5,0xEAC5,0xEAE5,
  0x59A3,0x3143,0x9224,0xDAC5,0xF2E5,0xF2E5,0xEAC5,0xEAE5,0xEAE5,0xEAE5,0xE2A5,0xD1E3,0x3880,0x0000,
  0x0000,0x3080,0xC9E3,0xE2A4,0xEAE5,0xEAE5,0xEAE5,0xEAE5,0xEAC5,0xF2E5,0xCA85,0x71C3,0x81E4,0x9224,
  0xEAC5,0xEAE5,0xEAE5,0xF2E5,0xD2A5,0xB264,0x79E4,0xA244,0xF2E5,0xEAC5,0xEAE5,0xEAE5,0xEAE5,0xEAE5,
  0xE2C5,0xDA23,0x68E1,0x0000,0x0000,0x3880,0xD1E3,0xE2A5,0xEAE5,0xEAE5,0xEAE5,0xEAE5,0xF2E5,0xDAA5,
  0x4163,0x3143,0x4163,0xD2A5,0xF2E5,0xEAE5,0xEAE5,0xEAE5,0xEAE5,0x61A3,0x3143,0x3143,0xB264,0xF2E5,
  0xEAC5,0xEAE5,0xEAE5,0xEAE5,0xEAC5,0xDA23,0x6901,0x0000,0x0000,0x3080,0xD1E3,0xE2A5,0xEAE5,0xEAE5,
  0xEAE5,0xEAC5,0xF2E5,0xB264,0x3143,0x4983,0x3143,0x9A24,0xFAE5,0xEAC5,0xEAE5,0xF2E5,0xCA85,0x3963,
  0x4983,0x3143,0x8204,0xFAE5,0xEAC5,0xEAE5,0xEAE5,0xEAE5,0xEAC5,0xDA23,0x6901,0x0000,0x0000,0x3880,
  0xD1E3,0xE2A5,0xEAE5,0xEAE5,0xEAE5,0xEAE5,0xEAE5,0xE2C5,0x5183,0x2943,0x4163,0xD2A5,0xF2E5,0xEAE5,
  0xEAE5,0xEAE5,0xEAE5,0x61C3,0x2943,0x3963,0xC285,0xF2E5,0xEAC5,0xEAE5,0xEAE5,0xEAE5,0xE2C5,0xDA23,
  0x7101,0x0000,0x0000,0x1820,0xB9C2,0xDA64,0xEAE5,0xEAC5,0xEAE5,0xEAE5,0xEAE5,0xF2E5,0xD2A5,0x81E4,
  0xC285,0xF2E5,0xEAC5,0xEAE5,0xEAE5,0xEAE5,0xF2E5,0xDAC5,0x8204,0xB264,0xF2E5,0xEAC5,0xEAE5,0xEAE5,
  0xEAE5,0xEAE5,0xE2A5,0xD203,0x48A1,0x0000,0x0000,0x0000,0xA982,0xDA44,0xEAE5,0xEAE5,0xEAE5,0xEAE5,
  0xEAE5,0xEAE5,0xF2E5,0xFB05,0xF2E5,0xEAE5,0xEAE5,0xEAE5,0xEAE5,0xEAE5,0xEAE5,0xEAE5,0xFB05,0xF2E5,
  0xEAE5,0xEAE5,0xEAE5,0xEAE5,0xEAC5,0xEAE5,0xDA84,0xC9C3,0x2860,0x0000,0x0000,0x0000,0x7101,0xD203,
  0xE2C5,0xEAE5,0xEAE5,0xEAE5,0xEAE5,0xEAE5,0xEAE5,0xEAC5,0xEAE5,0xEAE5,0xEAE5,0xEAE5,0xEAE5,0xEAE5,
  0xEAE5,0xEAE5,0xEAC5,0xEAC5,0xEAE5,0xEAE5,0xEAE5,0xEAE5,0xEAE5,0xEAE5,0xDA44,0xA182,0x0000,0x0000,
  0x0000,0x0000,0x3060,0xC9E3,0xDA84,0xEAE5,0xEAE5,0xEAE5,0xEAE5,0xEAE5,0xEAE5,0xEAE5,0xEAC5,0xEAE5,
  0xEAE5,0xF2E5,0xF2E5,0xF2E5,0xEAE5,0xEAC5,0xEAE5,0xEAE5,0xEAE5,0xEAE5,0xEAE5,0xEAE5,0xEAE5,0xE2A5,
  0xD203,0x68E1,0x0000,0x0000,0x0000,0x0000,0x0000,0x9142,0xDA23,0xEAC5,0xEAE5,0xEAE5,0xEAE5,0xEAE5,
  0xEAE5,0xEAE5,0xF2E5,0xF2E5,0xE2C5,0xD2A5,0xD2A5,0xDAA5,0xF2E5,0xFAE5,0xF2E5,0xEAC5,0xEAE5,0xEAE5,
  0xEAE5,0xEAC5,0xEAE5,0xDA44,0xB9A2,0x1020,0x0000,0x0000,0x0000,0x0000,0x0000,0x3060,0xC9E3,0xDA64,
  0xEAE5,0xEAC5,0xEAE5,0xEAE5,0xF2E5,0xEAE5,0xAA44,0x69C3,0x4163,0x3143,0x3143,0x3963,0x59A3,0x9A24,
  0xDAC5,0xF2E5,0xEAE5,0xEAE5,0xEAE5,0xEAE5,0xE2A5,0xD203,0x60E1,0x0000,0x0000,0x0000,0x0000,0x0000,
  0x0000,0x0000,0x6901,0xD203,0xE2A4,0xEAE5,0xEAC5,0xEAE5,0xDAA5,0x61A3,0x2922,0x4163,0x71C3,0x8A04,
  0x8A04,0x79E4,0x5183,0x2943,0x4163,0xBA64,0xF2E5,0xEAC5,0xEAE5,0xEAC5,0xD223,0x9962,0x0000,0x0000,
  0x0000,0x0000,0x0000,0x0000,0x0000,0x0000,0x0000,0x9962,0xD203,0xE2A5,0xEAE5,0xF2E5,0x71C3,0x2943,
  0x9A24,0xE2C5,0xF2E5,0xFAE5,0xFB05,0xF2E5,0xEAE5,0xBA64,0x4163,0x5183,0xE2C5,0xF2E5,0xE2C5,0xD223,
  0xC1C3,0x1840,0x0000,0x0000,0x0000,0x0000,0x0000,0x0000,0x0000,0x0000,0x0000,0x1020,0xA182,0xD203,
  0xDA64,0xEAE5,0xDAC5,0xC285,0xF2E5,0xEAE5,0xEAC5,0xEAC5,0xEAC5,0xEAC5,0xEAE5,0xFAE5,0xD2A5,0xDAC5,
  0xF2E5,0xE2A5,0xD203,0xC1C3,0x3060,0x0000,0x0000,0x0000,0x0000,0x0000,0x0000,0x0000,0x0000,0x0000,
  0x0000,0x0000,0x0800,0x7921,0xD1E3,0xDA44,0xE2A5,0xF2E5,0xEAE5,0xEAE5,0xEAE5,0xEAE5,0xEAE5,0xEAE5,
  0xEAE5,0xEAE5,0xF2E5,0xEAC5,0xDA64,0xD203,0xA182,0x1840,0x0000,0x0000,0x0000,0x0000,0x0000,0x0000,
  0x0000,0x0000,0x0000,0x0000,0x0000,0x0000,0x0000,0x0000,0x40A1,0xA982,0xD1E3,0xDA24,0xDA64,0xE2A4,
  0xE2C5,0xEAC5,0xEAC5,0xE2C5,0xE2A5,0xDA84,0xDA44,0xD203,0xB9A2,0x68E1,0x0000,0x0000,0x0000,0x0000,
  0x0000,0x0000,0x0000,0x0000,0x0000,0x0000,0x0000,0x0000,0x0000,0x0000,0x0000,0x0000,0x0000,0x0000,
  0x50C1,0x9962,0xC1C3,0xD1E3,0xDA23,0xDA23,0xDA23,0xDA23,0xD203,0xC9E3,0xA982,0x6901,0x1020,0x0000,
  0x0000,0x0000,0x0000,0x0000,0x0000,0x0000,0x0000,0x0000,0x0000,0x0000,0x0000,0x0000,0x0000,0x0000,
  0x0000,0x0000,0x0000,0x0000,0x0000,0x0000,0x2040,0x3880,0x68E1,0x6901,0x68E1,0x7101,0x48A1,0x2860,
  0x0000,0x0000,0x0000,0x0000,0x0000,0x0000,0x0000,0x0000,0x0000,0x0000,0x0000,0x0000,0x0000,0x0000,
  0x0000,0x0000,0x0000,0x0000,0x0000,0x0000,0x0000,0x0000,0x0000,0x0000,0x0000,0x0000,0x0000,0x0000,
  0x0000,0x0000,0x0000,0x0000,0x0000,0x0000,0x0000,0x0000,0x0000,0x0000,0x0000,0x0000,0x0000,0x0000,
  0x0000,0x0000,
};
static const uint16_t kP_1F618[1024] = {
  0x0000,0x0000,0x0000,0x0000,0x0000,0x0000,0x0000,0x0000,0x0000,0x0000,0x0000,0x0000,0x0000,0x0000,
  0x0000,0x0000,0x0000,0x0000,0x0000,0x0000,0x0000,0x0000,0x0000,0x0000,0x0000,0x0000,0x0000,0x0000,
  0x0000,0x0000,0x0000,0x0000,0x0000,0x0000,0x0000,0x0000,0x0000,0x0000,0x0000,0x0000,0x0000,0x0000,
  0x0000,0x0000,0x0000,0x1060,0x3961,0x4181,0x4161,0x4181,0x18A0,0x0820,0x0000,0x0000,0x0000,0x0000,
  0x0000,0x0000,0x0000,0x0000,0x0000,0x0000,0x0000,0x0000,0x0000,0x0000,0x0000,0x0000,0x0000,0x0000,
  0x0000,0x0000,0x0000,0x0000,0x20C0,0x7AA1,0xBC23,0xDCE3,0xF564,0xF584,0xF564,0xF584,0xE503,0xCC83,
  0x8B22,0x3961,0x0000,0x0000,0x0000,0x0000,0x0000,0x0000,0x0000,0x0000,0x0000,0x0000,0x0000,0x0000,
  0x0000,0x0000,0x0000,0x0000,0x0000,0x0000,0x18A0,0x9322,0xE503,0xFDA4,0xFDC4,0xFDE4,0xF5E5,0xF605,
  0xFE05,0xF605,0xF5E4,0xFDC4,0xFDA4,0xF544,0xABC2,0x3940,0x0000,0x0000,0x0000,0x0000,0x0000,0x0000,
  0x0000,0x0000,0x0000,0x0000,0x0000,0x0000,0x0000,0x0000,0x0000,0x51E1,0xDCE3,0xFDA4,0xF5C4,0xFE25,
  0xFE45,0xFE45,0xFE65,0xFE45,0xFE45,0xFE45,0xFE45,0xFE45,0xFE25,0xF5E4,0xFDA4,0xF543,0x82E2,0x0000,
  0x0000,0x0000,0x0000,0x0000,0x0000,0x0000,0x0000,0x0000,0x0000,0x0000,0x0000,0x0000,0x8B02,0xF564,
  0xF5A4,0xFE25,0xFE45,0xFE45,0xFE45,0xFE45,0xFE45,0xFE45,0xFE45,0xFE45,0xFE45,0xFE45,0xFE45,0xFE65,
  0xFE45,0xF5C4,0xFD84,0xB402,0x1080,0x0000,0x0000,0x0000,0x0000,0x0000,0x0000,0x0000,0x0000,0x0000,
  0x0000,0x8302,0xFDA4,0xF5C4,0xFE45,0xFE45,0xFE45,0xFE45,0xFE45,0xFE45,0xFE45,0xFE45,0xFE45,0xFE45,
  0xFE45,0xFE45,0xFE45,0xFE45,0xFE45,0xFE65,0xF5E5,0xFDA4,0xC443,0x0020,0x0000,0x0000,0x0000,0x0000,
  0x0000,0x0000,0x0000,0x0000,0x51C1,0xF564,0xF5C4,0xFE65,0xFE45,0xFE45,0xFE45,0xFE45,0xFE45,0xFE45,
  0xFE45,0xFE45,0xFE45,0xFE45,0xFE45,0xFE45,0xFE45,0xFE45,0xFE45,0xFE45,0xFE65,0xF605,0xFD84,0x8B22,
  0x0000,0x0000,0x0000,0x0000,0x0000,0x0000,0x0000,0x18A0,0xDCE3,0xF5A4,0xFE45,0xFE45,0xFE45,0xFE45,
  0xFE45,0xFE45,0xFE45,0xFE45,0xFE45,0xFE45,0xFE45,0xFE45,0xFE45,0xFE45,0xFE45,0xFE45,0xFE45,0xFE45,
  0xFE45,0xFE65,0xF5C4,0xFD84,0x49A1,0x0000,0x0000,0x0000,0x0000,0x0000,0x0000,0x8B02,0xFDA4,0xFE25,
  0xFE45,0xFE45,0xFE45,0xFE45,0xFE45,0xFE45,0xFE45,0xFE45,0xFE45,0xFE45,0xFE45,0xFE45,0xFE45,0xFE45,
  0xFE45,0xFE45,0xFE45,0xFE45,0xFE45,0xFE45,0xFE45,0xF5A4,0xCC63,0x0020,0x0000,0x0000,0x0000,0x0000,
  0x20C0,0xE503,0xF5C4,0xFE65,0xFE45,0xFE45,0xFE45,0xFE45,0xFE45,0xFE45,0xFE45,0xFE45,0xFE45,0xFE45,
  0xFE45,0xFE45,0xFE45,0xFE45,0xFE65,0xFE65,0xFE45,0xFE45,0xFE45,0xFE45,0xFE65,0xF5E5,0xF584,0x5A01,
  0x0000,0x0000,0x0000,0x0000,0x7281,0xFDA4,0xFE25,0xFE45,0xFE45,0xFE45,0xFE45,0xFE65,0xFE45,0xFE45,
  0xFE65,0xFE45,0xFE45,0xFE45,0xFE45,0xFE45,0xFE65,0xFE85,0xF605,0xF605,0xFE45,0xFEA5,0xFE45,0xFE45,
  0xFE45,0xFE45,0xFDA4,0xB402,0x0000,0x0000,0x0000,0x0020,0xBC22,0xF5A4,0xFE45,0xFE45,0xFE45,0xFE45,
  0xFE65,0xF625,0x6263,0x6263,0xF625,0xFE65,0xFE45,0xFE45,0xFE45,0xFE65,0xEDC5,0x8B44,0x4183,0x4163,
  0x5A03,0xB464,0xFE65,0xFE45,0xFE45,0xFE65,0xF5C4,0xE503,0x20C0,0x0000,0x0000,0x1060,0xDCC3,0xFDE4,
  0xFE45,0xFE45,0xFE45,0xFE25,0xFEA5,0xAC04,0x3103,0x3103,0xAC04,0xFEA5,0xFE25,0xFE45,0xFE45,0xFE65,
  0x7AE3,0x28C3,0x6A63,0x72E4,0x51C3,0x3123,0xC4C4,0xFE85,0xFE45,0xFE45,0xF605,0xF584,0x49A1,0x0000,
  0x0000,0x3961,0xF563,0xF5E4,0xFE45,0xFE45,0xFE45,0xFE25,0xFEA5,0x9384,0x3123,0x3123,0x9384,0xFEA5,
  0xFE25,0xFE45,0xFE45,0xFE45,0xF605,0xDD65,0xFE65,0xFEA5,0xF605,0xEDC5,0xFE25,0xFE45,0xFE45,0xFE45,
  0xFE25,0xFDA4,0x7AC1,0x0000,0x0000,0x4161,0xF564,0xF605,0xFE45,0xFE45,0xFE45,0xFE45,0xFE65,0xE5A5,
  0x4163,0x4163,0xE5A5,0xFE65,0xFE45,0xFE45,0xFE45,0xFE45,0xFE65,0xFE85,0xFE45,0xFE25,0xFE65,0xFE65,
  0xFE45,0xFE45,0xFE45,0xFE45,0xFE25,0xFDC4,0x82E2,0x0000,0x0000,0x4161,0xF564,0xF605,0xFE45,0xFE45,
  0xFE45,0xFE45,0xFE45,0xFE65,0xDD85,0xDD85,0xFE65,0xFE45,0xFE45,0xFE45,0xFE45,0xFE45,0xFE45,0xFE45,
  0xFE45,0xFE45,0xFE45,0xFE45,0xFE45,0xFE45,0xFE45,0xFE45,0xFE25,0xFDC4,0x82C2,0x0000,0x0000,0x4181,
  0xF584,0xF605,0xFE45,0xFE45,0xFE45,0xFE45,0xFE45,0xFE45,0xFE85,0xFE85,0xFE45,0xFE45,0xFE45,0xFE45,
  0xFE45,0xFE45,0xFE45,0xFE45,0xFE45,0xFE45,0xFE45,0xFE45,0xFE45,0xFE45,0xFE45,0xFE45,0xFE25,0xFDC4,
  0x82E2,0x0000,0x0000,0x18A0,0xE4E3,0xF5E4,0xFE45,0xFE45,0xFE45,0xFE45,0xFE45,0xFE45,0xFE45,0xFE45,
  0xFE45,0xFE45,0xFE45,0xFE45,0xFE65,0xFE45,0xFE45,0xFE45,0xFE45,0xFE45,0xFE45,0xFE45,0xFE45,0xFE45,
  0xFE45,0xFE45,0xF605,0xFD84,0x51E1,0x0000,0x0000,0x0820,0xCC63,0xFDC4,0xFE45,0xFE45,0xFE45,0xFE45,
  0xFE45,0xFE45,0xFE45,0xFE45,0xFE45,0xFE45,0xFE65,0xFE65,0xFE05,0xFE65,0xFE65,0xFE45,0xFE45,0xFE45,
  0xFE45,0xFE45,0xFE45,0xFE45,0xFE45,0xFE65,0xF5E4,0xED43,0x3100,0x0000,0x0000,0x0000,0x8B02,0xFDA4,
  0xFE25,0xFE45,0xFE45,0xFE45,0xFE45,0xFE45,0xFE45,0xFE45,0xFE45,0xFE65,0xFE05,0xE3A8,0xDAE9,0xE408,
  0xFE45,0xFE65,0xFE45,0xFE65,0xFE65,0xFE65,0xFE85,0xFE45,0xFE65,0xFE45,0xF5A4,0xC443,0x0020,0x0000,
  0x0000,0x0000,0x3940,0xF544,0xF5E4,0xFE65,0xFE45,0xFE45,0xFE45,0xFE45,0xFE45,0xFE45,0xFE45,0xFE45,
  0xDB89,0xD28A,0xDACA,0xD26A,0xE3E8,0xFE65,0xFE65,0xFD25,0xEA65,0xF3E5,0xF4C5,0xEA45,0xF445,0xFE25,
  0xFD84,0x7AA1,0x0000,0x0000,0x0000,0x0000,0x0000,0xABC2,0xFDA4,0xFE45,0xFE45,0xFE45,0xFE45,0xFE45,
  0xFE45,0xFE45,0xFE85,0xF586,0xD2AA,0xDAEA,0xDACA,0xDACA,0xDAE9,0xFDE6,0xFE65,0xEA65,0xE185,0xE9C5,
  0xE9C5,0xE9C5,0xE9A5,0xF504,0xDD03,0x1080,0x0000,0x0000,0x0000,0x0000,0x0000,0x3940,0xF543,0xF5C4,
  0xFE65,0xFE45,0xFE45,0xFE45,0xFE45,0xFE45,0xFE85,0xF526,0xD2AA,0xDACA,0xDACA,0xDACA,0xDACA,0xFDA6,
  0xFEA5,0xF3A5,0xE9A5,0xEA05,0xEA05,0xE9C5,0xE265,0xFD64,0x72A1,0x0000,0x0000,0x0000,0x0000,0x0000,
  0x0000,0x0000,0x82C2,0xFD84,0xF5E5,0xFE65,0xFE45,0xFE45,0xFE45,0xFE45,0xFE65,0xFDE6,0xD2CA,0xD2CA,
  0xDAE9,0xD2AA,0xDB09,0xFE25,0xFE45,0xFE85,0xEB05,0xE9A5,0xE9E5,0xE1E5,0xF524,0xBC42,0x0000,0x0000,
  0x0000,0x0000,0x0000,0x0000,0x0000,0x0000,0x0000,0xB402,0xFDA4,0xF605,0xFE65,0xFE45,0xFE45,0xFE45,
  0xFE45,0xFE65,0xEC87,0xD28A,0xD28A,0xD2AA,0xF507,0xFE85,0xFE25,0xFE65,0xFDA5,0xEA05,0xE185,0xEC04,
  0xE543,0x18A0,0x0000,0x0000,0x0000,0x0000,0x0000,0x0000,0x0000,0x0000,0x0000,0x1080,0xC443,0xFD84,
  0xF5C4,0xFE45,0xFE65,0xFE45,0xFE45,0xFE45,0xFE85,0xF527,0xE428,0xF566,0xFE85,0xFE45,0xFE45,0xFE45,
  0xFEA5,0xF465,0xF325,0xE563,0x3940,0x0000,0x0000,0x0000,0x0000,0x0000,0x0000,0x0000,0x0000,0x0000,
  0x0000,0x0000,0x0840,0x9342,0xF584,0xF5A4,0xF5E5,0xFE45,0xFE45,0xFE45,0xFE45,0xFE85,0xFE85,0xFE65,
  0xFE45,0xFE65,0xFE45,0xF605,0xF5C4,0xFDA4,0xBC23,0x20C0,0x0000,0x0000,0x0000,0x0000,0x0000,0x0000,
  0x0000,0x0000,0x0000,0x0000,0x0000,0x0000,0x0000,0x0000,0x51C1,0xCC63,0xF584,0xFDA4,0xF5E4,0xF605,
  0xFE25,0xFE25,0xFE25,0xFE25,0xF605,0xF5E4,0xF5C4,0xFDA4,0xDCC3,0x7AA1,0x0020,0x0000,0x0000,0x0000,
  0x0000,0x0000,0x0000,0x0000,0x0000,0x0000,0x0000,0x0000,0x0000,0x0000,0x0000,0x0000,0x0000,0x0020,
  0x5A21,0xB402,0xE503,0xF584,0xFDA4,0xFDC4,0xFDC4,0xFDC4,0xFD84,0xED43,0xC463,0x7AC2,0x1880,0x0000,
  0x0000,0x0000,0x0000,0x0000,0x0000,0x0000,0x0000,0x0000,0x0000,0x0000,0x0000,0x0000,0x0000,0x0000,
  0x0000,0x0000,0x0000,0x0000,0x0000,0x0000,0x20C0,0x49A1,0x7AC1,0x82E2,0x82C2,0x82E2,0x51E1,0x3120,
  0x0000,0x0000,0x0000,0x0000,0x0000,0x0000,0x0000,0x0000,0x0000,0x0000,0x0000,0x0000,0x0000,0x0000,
  0x0000,0x0000,0x0000,0x0000,0x0000,0x0000,0x0000,0x0000,0x0000,0x0000,0x0000,0x0000,0x0000,0x0000,
  0x0000,0x0000,0x0000,0x0000,0x0000,0x0000,0x0000,0x0000,0x0000,0x0000,0x0000,0x0000,0x0000,0x0000,
  0x0000,0x0000,
};
static const uint16_t kP_2764[1024] = {
  0x0000,0x0000,0x0000,0x0000,0x0000,0x0000,0x0000,0x0000,0x0000,0x0000,0x0000,0x0000,0x0000,0x0000,
  0x0000,0x0000,0x0000,0x0000,0x0000,0x0000,0x0000,0x0000,0x0000,0x0000,0x0000,0x0000,0x0000,0x0000,
  0x0000,0x0000,0x0000,0x0000,0x0000,0x0000,0x0000,0x0000,0x0000,0x0000,0x0000,0x0000,0x0000,0x0000,
  0x0000,0x0000,0x0000,0x0000,0x0000,0x0000,0x0000,0x0000,0x0000,0x0000,0x0000,0x0000,0x0000,0x0000,
  0x0000,0x0000,0x0000,0x0000,0x0000,0x0000,0x0000,0x0000,0x0000,0x0000,0x0000,0x0000,0x0000,0x0000,
  0x0000,0x0000,0x0000,0x0000,0x0000,0x0000,0x0000,0x0000,0x0000,0x0000,0x0000,0x0000,0x0000,0x0000,
  0x0000,0x0000,0x0000,0x0000,0x0000,0x0000,0x0000,0x0000,0x0000,0x0000,0x0000,0x0000,0x0000,0x0000,
  0x0000,0x0000,0x0000,0x0000,0x0000,0x0000,0x0000,0x0000,0x0000,0x0000,0x0000,0x0000,0x0000,0x0000,
  0x0000,0x0000,0x0000,0x0000,0x0000,0x0000,0x0000,0x0000,0x0000,0x0000,0x0000,0x0000,0x0000,0x0000,
  0x0000,0x0000,0x0000,0x0000,0x0000,0x0000,0x0000,0x0000,0x0000,0x0000,0x0000,0x0000,0x0000,0x0000,
  0x0000,0x0000,0x0000,0x0000,0x0000,0x0000,0x0000,0x0000,0x0000,0x0000,0x0000,0x0000,0x0000,0x0000,
  0x0000,0x0000,0x0000,0x0000,0x0000,0x0000,0x0000,0x0000,0x0000,0x0000,0x0000,0x0000,0x0000,0x0000,
  0x0820,0x68E2,0xC184,0xC1A4,0xA964,0x3881,0x0000,0x0000,0x0000,0x0000,0x2040,0x9123,0xC1A4,0xC1A4,
  0x9123,0x2040,0x0000,0x0000,0x0000,0x0000,0x0000,0x0000,0x0000,0x0000,0x0000,0x0000,0x0000,0x0000,
  0x0000,0x0000,0x0000,0x2840,0xD1A5,0xFA06,0xF206,0xF206,0xF206,0xFA06,0x8923,0x0000,0x0000,0x58A2,
  0xE9E5,0xFA06,0xF206,0xF206,0xFA06,0xE9E5,0x50A2,0x0000,0x0000,0x0000,0x0000,0x0000,0x0000,0x0000,
  0x0000,0x0000,0x0000,0x0000,0x0000,0x0000,0x0000,0xC9A4,0xFA06,0xE1E5,0xE1E5,0xE1E5,0xE1E5,0xE1E5,
  0xFA26,0x58C2,0x1820,0xF206,0xE9E5,0xE1E5,0xE1E5,0xE1E5,0xE1E5,0xE9E5,0xF205,0x2841,0x0000,0x0000,
  0x0000,0x0000,0x0000,0x0000,0x0000,0x0000,0x0000,0x0000,0x0000,0x0000,0x58C2,0xFA06,0xE1E5,0xE9C5,
  0xE9E5,0xEA06,0xE9E5,0xE1E5,0xE9E5,0xC1A4,0xA144,0xF205,0xE1E5,0xE9E5,0xE9E5,0xE9E5,0xE9E5,0xE1E5,
  0xF206,0x9943,0x0000,0x0000,0x0000,0x0000,0x0000,0x0000,0x0000,0x0000,0x0000,0x0000,0x0000,0x0000,
  0xA964,0xF206,0xE1C5,0xEA68,0xFBEE,0xF34B,0xEA47,0xE9E5,0xE9E5,0xE9E5,0xE9E5,0xE9E5,0xE9E5,0xE9E5,
  0xE9E5,0xE9E5,0xE9E5,0xE1E5,0xE9E5,0xD9C5,0x0800,0x0000,0x0000,0x0000,0x0000,0x0000,0x0000,0x0000,
  0x0000,0x0000,0x0000,0x0000,0xA144,0xF206,0xE1C5,0xFC0E,0xF30A,0xE9C4,0xEA06,0xE9E5,0xE9E5,0xE1E5,
  0xE1E5,0xE9E5,0xE9E5,0xE9E5,0xE9E5,0xE9E5,0xE9E5,0xE1E5,0xE9E5,0xD9C5,0x1020,0x0000,0x0000,0x0000,
  0x0000,0x0000,0x0000,0x0000,0x0000,0x0000,0x0000,0x0000,0x9943,0xFA26,0xE1A4,0xF34B,0xF36C,0xEA26,
  0xEA06,0xE9E5,0xE9E5,0xE9E5,0xE9E5,0xE9E5,0xE9E5,0xE9E5,0xE9E5,0xE9E5,0xE9E5,0xE1E5,0xE9E5,0xD1A5,
  0x0800,0x0000,0x0000,0x0000,0x0000,0x0000,0x0000,0x0000,0x0000,0x0000,0x0000,0x0000,0x2040,0xE1E5,
  0xE9E5,0xE1C5,0xEAA8,0xEA67,0xE9E5,0xE9E5,0xE9E5,0xE9E5,0xE9E5,0xE9E5,0xE9E5,0xE9E5,0xE9E5,0xE9E5,
  0xE9E5,0xE1E5,0xFA26,0x58A2,0x0000,0x0000,0x0000,0x0000,0x0000,0x0000,0x0000,0x0000,0x0000,0x0000,
  0x0000,0x0000,0x0000,0x50A2,0xF206,0xE1E5,0xE1C5,0xE9C5,0xE9E5,0xE9E5,0xE9E5,0xE9E5,0xE9E5,0xE9E5,
  0xE9E5,0xE9E5,0xE9E5,0xE9E5,0xE1E5,0xFA06,0x8923,0x0000,0x0000,0x0000,0x0000,0x0000,0x0000,0x0000,
  0x0000,0x0000,0x0000,0x0000,0x0000,0x0000,0x0000,0x0000,0x8103,0xFA06,0xE1E5,0xE9E5,0xE9E5,0xE9E5,
  0xE9E5,0xE9E5,0xE9E5,0xE9E5,0xE9E5,0xE9E5,0xE9E5,0xE1E5,0xF206,0xB984,0x0000,0x0000,0x0000,0x0000,
  0x0000,0x0000,0x0000,0x0000,0x0000,0x0000,0x0000,0x0000,0x0000,0x0000,0x0000,0x0000,0x0000,0xB184,
  0xF206,0xE1E5,0xE9E5,0xE9E5,0xE9E5,0xE9E5,0xE9E5,0xE9E5,0xE9E5,0xE9E5,0xE1E5,0xE9E5,0xE1E5,0x1840,
  0x0000,0x0000,0x0000,0x0000,0x0000,0x0000,0x0000,0x0000,0x0000,0x0000,0x0000,0x0000,0x0000,0x0000,
  0x0000,0x0000,0x0000,0x1820,0xE1C5,0xE9E5,0xE1E5,0xE9E5,0xE9E5,0xE9E5,0xE9E5,0xE9E5,0xE9E5,0xE9E5,
  0xE1E5,0xFA06,0x48A1,0x0000,0x0000,0x0000,0x0000,0x0000,0x0000,0x0000,0x0000,0x0000,0x0000,0x0000,
  0x0000,0x0000,0x0000,0x0000,0x0000,0x0000,0x0000,0x0000,0x4081,0xF206,0xE1E5,0xE9E5,0xE9E5,0xE9E5,
  0xE9E5,0xE9E5,0xE9E5,0xE1E5,0xFA06,0x8103,0x0000,0x0000,0x0000,0x0000,0x0000,0x0000,0x0000,0x0000,
  0x0000,0x0000,0x0000,0x0000,0x0000,0x0000,0x0000,0x0000,0x0000,0x0000,0x0000,0x0000,0x0000,0x8923,
  0xFA06,0xE1E5,0xE9E5,0xE9E5,0xE9E5,0xE9E5,0xE1E5,0xF206,0xC9A4,0x0000,0x0000,0x0000,0x0000,0x0000,
  0x0000,0x0000,0x0000,0x0000,0x0000,0x0000,0x0000,0x0000,0x0000,0x0000,0x0000,0x0000,0x0000,0x0000,
  0x0000,0x0000,0x0000,0x0800,0xC184,0xF206,0xE1E5,0xE9E5,0xE9E5,0xE1E5,0xE9E5,0xE9E5,0x2841,0x0000,
  0x0000,0x0000,0x0000,0x0000,0x0000,0x0000,0x0000,0x0000,0x0000,0x0000,0x0000,0x0000,0x0000,0x0000,
  0x0000,0x0000,0x0000,0x0000,0x0000,0x0000,0x0000,0x0000,0x2040,0xE1E5,0xE9E5,0xE1E5,0xE9E5,0xE1E5,
  0xFA06,0x58C2,0x0000,0x0000,0x0000,0x0000,0x0000,0x0000,0x0000,0x0000,0x0000,0x0000,0x0000,0x0000,
  0x0000,0x0000,0x0000,0x0000,0x0000,0x0000,0x0000,0x0000,0x0000,0x0000,0x0000,0x0000,0x0000,0x50A2,
  0xFA06,0xE1E5,0xE1E5,0xFA06,0x9123,0x0000,0x0000,0x0000,0x0000,0x0000,0x0000,0x0000,0x0000,0x0000,
  0x0000,0x0000,0x0000,0x0000,0x0000,0x0000,0x0000,0x0000,0x0000,0x0000,0x0000,0x0000,0x0000,0x0000,
  0x0000,0x0000,0x0000,0x0000,0x8923,0xF206,0xE9E5,0xC1A4,0x0820,0x0000,0x0000,0x0000,0x0000,0x0000,
  0x0000,0x0000,0x0000,0x0000,0x0000,0x0000,0x0000,0x0000,0x0000,0x0000,0x0000,0x0000,0x0000,0x0000,
  0x0000,0x0000,0x0000,0x0000,0x0000,0x0000,0x0000,0x0000,0x0000,0xC1A4,0xF205,0x2841,0x0000,0x0000,
  0x0000,0x0000,0x0000,0x0000,0x0000,0x0000,0x0000,0x0000,0x0000,0x0000,0x0000,0x0000,0x0000,0x0000,
  0x0000,0x0000,0x0000,0x0000,0x0000,0x0000,0x0000,0x0000,0x0000,0x0000,0x0000,0x0000,0x0000,0x3061,
  0x60C2,0x0000,0x0000,0x0000,0x0000,0x0000,0x0000,0x0000,0x0000,0x0000,0x0000,0x0000,0x0000,0x0000,
  0x0000,0x0000,0x0000,0x0000,0x0000,0x0000,0x0000,0x0000,0x0000,0x0000,0x0000,0x0000,0x0000,0x0000,
  0x0000,0x0000,0x0000,0x0000,0x0000,0x0000,0x0000,0x0000,0x0000,0x0000,0x0000,0x0000,0x0000,0x0000,
  0x0000,0x0000,0x0000,0x0000,0x0000,0x0000,0x0000,0x0000,0x0000,0x0000,0x0000,0x0000,0x0000,0x0000,
  0x0000,0x0000,0x0000,0x0000,0x0000,0x0000,0x0000,0x0000,0x0000,0x0000,0x0000,0x0000,0x0000,0x0000,
  0x0000,0x0000,0x0000,0x0000,0x0000,0x0000,0x0000,0x0000,0x0000,0x0000,0x0000,0x0000,0x0000,0x0000,
  0x0000,0x0000,0x0000,0x0000,0x0000,0x0000,0x0000,0x0000,0x0000,0x0000,0x0000,0x0000,0x0000,0x0000,
  0x0000,0x0000,0x0000,0x0000,0x0000,0x0000,0x0000,0x0000,0x0000,0x0000,0x0000,0x0000,0x0000,0x0000,
  0x0000,0x0000,0x0000,0x0000,0x0000,0x0000,0x0000,0x0000,0x0000,0x0000,0x0000,0x0000,0x0000,0x0000,
  0x0000,0x0000,0x0000,0x0000,0x0000,0x0000,0x0000,0x0000,0x0000,0x0000,0x0000,0x0000,0x0000,0x0000,
  0x0000,0x0000,0x0000,0x0000,0x0000,0x0000,0x0000,0x0000,0x0000,0x0000,0x0000,0x0000,0x0000,0x0000,
  0x0000,0x0000,0x0000,0x0000,0x0000,0x0000,0x0000,0x0000,0x0000,0x0000,0x0000,0x0000,0x0000,0x0000,
  0x0000,0x0000,0x0000,0x0000,0x0000,0x0000,0x0000,0x0000,0x0000,0x0000,0x0000,0x0000,0x0000,0x0000,
  0x0000,0x0000,0x0000,0x0000,0x0000,0x0000,0x0000,0x0000,0x0000,0x0000,0x0000,0x0000,0x0000,0x0000,
  0x0000,0x0000,0x0000,0x0000,0x0000,0x0000,0x0000,0x0000,0x0000,0x0000,0x0000,0x0000,0x0000,0x0000,
  0x0000,0x0000,0x0000,0x0000,0x0000,0x0000,0x0000,0x0000,0x0000,0x0000,0x0000,0x0000,0x0000,0x0000,
  0x0000,0x0000,0x0000,0x0000,0x0000,0x0000,0x0000,0x0000,0x0000,0x0000,0x0000,0x0000,0x0000,0x0000,
  0x0000,0x0000,
};
static const uint16_t kP_1F44D[1024] = {
  0x0000,0x0000,0x0000,0x0000,0x0000,0x0000,0x0000,0x0000,0x0000,0x0000,0x0000,0x0000,0x0000,0x0000,
  0x0000,0x0000,0x0000,0x0000,0x0000,0x0000,0x0000,0x0000,0x0000,0x0000,0x0000,0x0000,0x0000,0x0000,
  0x0000,0x0000,0x0000,0x0000,0x0000,0x0000,0x0000,0x0000,0x0000,0x0000,0x0000,0x0000,0x0000,0x0000,
  0x0000,0x0000,0x0000,0x0000,0x0000,0x0000,0x0000,0x0000,0x0000,0x0000,0x0000,0x0000,0x0000,0x0000,
  0x0000,0x0000,0x0000,0x0000,0x0000,0x0000,0x0000,0x0000,0x0000,0x0000,0x0000,0x0000,0x0000,0x0000,
  0x0000,0x0000,0x0000,0x0000,0x0000,0x0000,0x0000,0x0000,0x0000,0x0000,0x0000,0x0000,0x0000,0x0000,
  0x0000,0x0000,0x0000,0x0000,0x0000,0x0000,0x0000,0x0000,0x0000,0x0000,0x0000,0x0000,0x0000,0x0000,
  0x0000,0x0000,0x0000,0x0000,0x0000,0x0000,0x0000,0x0000,0x0000,0x0000,0x0000,0x0000,0x0000,0x0000,
  0x0000,0x0000,0x0000,0x0000,0x0000,0x0000,0x0000,0x0000,0x0000,0x0000,0x0000,0x0000,0x0000,0x0000,
  0x0000,0x0000,0x0000,0x0000,0x0000,0x0000,0x0000,0x0000,0x0000,0x0000,0x0000,0x0000,0x0000,0x0000,
  0x0000,0x0000,0x0000,0x0000,0x20C1,0x6245,0x5204,0x0820,0x0000,0x0000,0x0000,0x0000,0x0000,0x0000,
  0x0000,0x0000,0x0000,0x0000,0x0000,0x0000,0x0000,0x0000,0x0000,0x0000,0x0000,0x0000,0x0000,0x0000,
  0x0000,0x0000,0x0000,0x0000,0x0000,0x0000,0x0000,0x3963,0xDD2C,0xF5EF,0xF5EF,0xBC4A,0x1081,0x0000,
  0x0000,0x0000,0x0000,0x0000,0x0000,0x0000,0x0000,0x0000,0x0000,0x0000,0x0000,0x0000,0x0000,0x0000,
  0x0000,0x0000,0x0000,0x0000,0x0000,0x0000,0x0000,0x0000,0x0000,0x0000,0x0860,0xCCCB,0xF610,0xF611,
  0xEE10,0xFE0F,0x9388,0x0000,0x0000,0x0000,0x0000,0x0000,0x0000,0x0000,0x0000,0x0000,0x0000,0x0000,
  0x0000,0x0000,0x0000,0x0000,0x0000,0x0000,0x0000,0x0000,0x0000,0x0000,0x0000,0x0000,0x0000,0x0000,
  0x20E2,0xE56D,0xF610,0xF631,0xF631,0xF610,0xBC6A,0x0000,0x0000,0x0000,0x0000,0x0000,0x0000,0x0000,
  0x0000,0x0000,0x0000,0x0000,0x0000,0x0000,0x0000,0x0000,0x0000,0x0000,0x0000,0x0000,0x0000,0x0000,
  0x0000,0x0000,0x0000,0x0000,0x20C2,0xE54D,0xF631,0xF631,0xF631,0xF630,0xB44A,0x0000,0x0000,0x0000,
  0x0000,0x0000,0x0000,0x0000,0x0000,0x0000,0x0000,0x0000,0x0000,0x0000,0x0000,0x0000,0x0000,0x0000,
  0x0000,0x0000,0x0000,0x0000,0x0000,0x0000,0x0000,0x0000,0x20C2,0xE56D,0xF631,0xF631,0xF631,0xF630,
  0xB44A,0x0000,0x0000,0x0000,0x0000,0x0000,0x0000,0x0000,0x0000,0x0000,0x0000,0x0000,0x0000,0x0000,
  0x0000,0x0000,0x0000,0x0000,0x0000,0x0000,0x0000,0x0000,0x0000,0x0000,0x0000,0x0000,0x20C2,0xE56D,
  0xF631,0xF631,0xF631,0xF630,0xB44A,0x0000,0x0000,0x0000,0x0000,0x0000,0x0000,0x0000,0x0000,0x0000,
  0x0000,0x0000,0x0000,0x0000,0x0000,0x0000,0x0000,0x0000,0x0000,0x0000,0x0000,0x0000,0x0000,0x0000,
  0x0000,0x0000,0x20C2,0xE56D,0xF631,0xF631,0xF631,0xF630,0xB44A,0x0000,0x0000,0x0000,0x0000,0x0000,
  0x0000,0x0000,0x0000,0x0000,0x0000,0x0000,0x0000,0x0000,0x0000,0x0000,0x0000,0x0000,0x0000,0x0000,
  0x0000,0x0000,0x0000,0x0000,0x0000,0x0000,0x20C2,0xE56D,0xF631,0xF631,0xF631,0xF630,0xB44A,0x0000,
  0x0000,0x0000,0x0000,0x0000,0x0000,0x0000,0x0000,0x0000,0x0000,0x0000,0x0000,0x0000,0x0000,0x0000,
  0x0000,0x0000,0x0000,0x0000,0x0000,0x0000,0x0000,0x0000,0x0000,0x0000,0x20C2,0xE56D,0xF631,0xF631,
  0xF631,0xF630,0xB44A,0x0000,0x0000,0x0000,0x0000,0x0000,0x0000,0x0000,0x0000,0x0000,0x0000,0x0000,
  0x0000,0x0000,0x0000,0x0000,0x0000,0x0000,0x0000,0x0000,0x0000,0x0000,0x0000,0x0000,0x0000,0x0000,
  0x2902,0xE56D,0xF610,0xF631,0xF631,0xF610,0xBC6B,0x20C1,0x20E2,0x0840,0x0000,0x0000,0x0000,0x0000,
  0x0000,0x0000,0x0000,0x0000,0x0000,0x0000,0x0000,0x0000,0x0000,0x0000,0x0000,0x0021,0x0021,0x0021,
  0x0041,0x0000,0x0820,0x72C6,0xCCEB,0xE54D,0xF611,0xF631,0xF651,0xEDF0,0xDD2C,0xE54D,0xE56D,0xD4EC,
  0x72C6,0x0820,0x0000,0x0000,0x0000,0x0000,0x0000,0x0000,0x0000,0x0000,0x0000,0x0000,0x0000,0x0021,
  0x3291,0x43B9,0x4399,0x4399,0x4BBA,0x2230,0x9368,0xFDEF,0xF610,0xDD4C,0xEDF0,0xFE51,0xFE51,0xE58E,
  0xE56D,0xF631,0xF610,0xF610,0xFDEF,0x9368,0x0000,0x0000,0x0000,0x0000,0x0000,0x0000,0x0000,0x0000,
  0x0000,0x0000,0x0000,0x2A50,0x545E,0x4BDB,0x4BFB,0x4BFB,0x43DC,0x7478,0xED8D,0xF611,0xFE52,0xEDF0,
  0xE54D,0xEDAE,0xE58E,0xE56D,0xF631,0xFE51,0xF651,0xF651,0xF611,0xEDAE,0x3943,0x0000,0x0000,0x0000,
  0x0000,0x0000,0x0000,0x0000,0x0000,0x0000,0x0000,0x3B57,0x4BFB,0x4BBA,0x4BDA,0x4BDA,0x3BBB,0x9C92,
  0xED8C,0xEDAF,0xEDAF,0xEDCF,0xE56E,0xDD0C,0xDD2C,0xE58E,0xEDCF,0xEDAF,0xEDAF,0xEDAF,0xE5AF,0xF5CE,
  0x7AE7,0x0000,0x0000,0x0000,0x0000,0x0000,0x0000,0x0000,0x0000,0x0000,0x0000,0x3B36,0x4BFC,0x4BDA,
  0x4BDB,0x4BDA,0x3BBC,0x9C92,0xED8C,0xEDAF,0xEDAF,0xEDAF,0xEDCF,0xEDCF,0xEDCF,0xEDCF,0xEDAF,0xEDAF,
  0xEDAF,0xEDAF,0xE5AE,0xF5CE,0x7AE7,0x0000,0x0000,0x0000,0x0000,0x0000,0x0000,0x0000,0x0000,0x0000,
  0x0000,0x3B36,0x4BFC,0x4BDA,0x4BDB,0x4BDA,0x3BBC,0x9C92,0xF5CE,0xF652,0xFE51,0xFE51,0xF651,0xF651,
  0xF651,0xF651,0xFE51,0xFE51,0xFE51,0xFE51,0xF651,0xFE10,0x7AE7,0x0000,0x0000,0x0000,0x0000,0x0000,
  0x0000,0x0000,0x0000,0x0000,0x0000,0x3B36,0x4BFC,0x4BDA,0x4BDB,0x4BDA,0x3BBC,0x9C92,0xF5AD,0xF611,
  0xF610,0xF610,0xF610,0xF610,0xF610,0xF610,0xF610,0xF610,0xF610,0xF610,0xEE10,0xF5EF,0x7AE7,0x0000,
  0x0000,0x0000,0x0000,0x0000,0x0000,0x0000,0x0000,0x0000,0x0000,0x3B36,0x4BFC,0x4BDA,0x4BDB,0x4BDA,
  0x3BBC,0x9CB2,0xED6C,0xE56E,0xE56E,0xE56E,0xE56E,0xE56E,0xE56E,0xE56E,0xE56E,0xE56E,0xE56E,0xE56E,
  0xDD4D,0xF5AE,0x7AE7,0x0000,0x0000,0x0000,0x0000,0x0000,0x0000,0x0000,0x0000,0x0000,0x0000,0x3B36,
  0x4BFC,0x4BDA,0x4BDB,0x4BDA,0x3BBC,0x9C92,0xF5CD,0xF631,0xF631,0xF631,0xF631,0xF631,0xF631,0xF631,
  0xF631,0xF631,0xF631,0xF631,0xF611,0xFE0F,0x7AE7,0x0000,0x0000,0x0000,0x0000,0x0000,0x0000,0x0000,
  0x0000,0x0000,0x0000,0x3B36,0x4BFC,0x4BDA,0x4BDB,0x4BDA,0x3BBC,0x9C92,0xF5CD,0xF652,0xF651,0xF651,
  0xF651,0xF651,0xF651,0xF651,0xF651,0xF651,0xF651,0xF651,0xF631,0xFE0F,0x7AE6,0x0000,0x0000,0x0000,
  0x0000,0x0000,0x0000,0x0000,0x0000,0x0000,0x0000,0x3B36,0x4BFC,0x4BDA,0x4BDB,0x4BDA,0x3BBC,0xA4B2,
  0xED6C,0xE58E,0xE58E,0xE58E,0xE58E,0xE58E,0xE58E,0xE58E,0xE58E,0xE58E,0xE58E,0xE58E,0xE58E,0xF5CE,
  0x8307,0x0000,0x0000,0x0000,0x0000,0x0000,0x0000,0x0000,0x0000,0x0000,0x0000,0x3B57,0x4BFB,0x43BA,
  0x4BDA,0x4BDA,0x3BBB,0x8455,0xED6C,0xE5CF,0xEDEF,0xEDCF,0xEDCF,0xEDCF,0xEDCF,0xEDCF,0xEDCF,0xEDCF,
  0xEDCF,0xEDEF,0xE5AF,0xF5AE,0x51E4,0x0000,0x0000,0x0000,0x0000,0x0000,0x0000,0x0000,0x0000,0x0000,
  0x0000,0x21EE,0x545E,0x4BFB,0x4BFC,0x4BFC,0x4BFC,0x4C1C,0xC4EF,0xFDEF,0xF631,0xF631,0xF631,0xF631,
  0xF631,0xF631,0xF631,0xF631,0xF631,0xF631,0xFE30,0xBC4A,0x0840,0x0000,0x0000,0x0000,0x0000,0x0000,
  0x0000,0x0000,0x0000,0x0000,0x0000,0x0000,0x21EE,0x3B57,0x3B36,0x3B36,0x4357,0x19CD,0x2103,0xAC09,
  0xEDAE,0xF5EF,0xF5EF,0xF5EF,0xF5EF,0xF5EF,0xF5EF,0xF5EF,0xF5EF,0xEDAE,0xAC0A,0x20C2,0x0000,0x0000,
  0x0000,0x0000,0x0000,0x0000,0x0000,0x0000,0x0000,0x0000,0x0000,0x0000,0x0000,0x0000,0x0000,0x0000,
  0x0000,0x0000,0x0000,0x0000,0x3963,0x6245,0x5A25,0x5A25,0x5A25,0x5A25,0x5A25,0x5A25,0x6245,0x3963,
  0x0000,0x0000,0x0000,0x0000,0x0000,0x0000,0x0000,0x0000,0x0000,0x0000,0x0000,0x0000,0x0000,0x0000,
  0x0000,0x0000,0x0000,0x0000,0x0000,0x0000,0x0000,0x0000,0x0000,0x0000,0x0000,0x0000,0x0000,0x0000,
  0x0000,0x0000,0x0000,0x0000,0x0000,0x0000,0x0000,0x0000,0x0000,0x0000,0x0000,0x0000,0x0000,0x0000,
  0x0000,0x0000,0x0000,0x0000,0x0000,0x0000,0x0000,0x0000,0x0000,0x0000,0x0000,0x0000,0x0000,0x0000,
  0x0000,0x0000,0x0000,0x0000,0x0000,0x0000,0x0000,0x0000,0x0000,0x0000,0x0000,0x0000,0x0000,0x0000,
  0x0000,0x0000,
};
static const uint16_t kP_1F44C[1024] = {
  0x0000,0x0000,0x0000,0x0000,0x0000,0x0000,0x0000,0x0000,0x0000,0x0000,0x0000,0x0000,0x0000,0x0000,
  0x0000,0x0000,0x0000,0x0000,0x0000,0x0000,0x0000,0x0000,0x0000,0x0000,0x0000,0x0000,0x0000,0x0000,
  0x0000,0x0000,0x0000,0x0000,0x0000,0x0000,0x0000,0x0000,0x0000,0x0000,0x0000,0x0000,0x0000,0x0000,
  0x0000,0x0000,0x0000,0x0000,0x0000,0x0000,0x0000,0x0000,0x0000,0x0000,0x0000,0x0000,0x0000,0x0000,
  0x0000,0x0000,0x0000,0x0000,0x0000,0x0000,0x0000,0x0000,0x0000,0x0000,0x0000,0x0000,0x0000,0x0000,
  0x0000,0x0000,0x0000,0x0000,0x0000,0x0000,0x0000,0x0000,0x20C1,0x0840,0x0000,0x0000,0x0000,0x0000,
  0x0000,0x0000,0x0000,0x0000,0x0000,0x0000,0x0000,0x0000,0x0000,0x0000,0x0000,0x0000,0x0000,0x0000,
  0x0000,0x0000,0x0000,0x0000,0x0000,0x0000,0x0000,0x0000,0x0000,0x0000,0x0020,0x9388,0xEDAE,0xD4EC,
  0x3143,0x0000,0x0000,0x0820,0x0000,0x0000,0x0000,0x0000,0x0000,0x0000,0x0000,0x0000,0x0000,0x0000,
  0x0000,0x0000,0x0000,0x0000,0x0000,0x0000,0x0000,0x0000,0x0000,0x0000,0x0000,0x0000,0x0000,0x0000,
  0x49C4,0xFE30,0xF631,0xFE71,0xB42A,0x0000,0x6245,0xD50C,0xC4AB,0x3943,0x0000,0x0000,0x0000,0x0000,
  0x0000,0x0000,0x0000,0x0000,0x0000,0x0000,0x0000,0x0000,0x0000,0x0000,0x0000,0x0000,0x0000,0x0000,
  0x0000,0x0000,0x0000,0x0000,0x5A25,0xFE10,0xEE11,0xFE51,0xB44A,0x20E2,0xF5CE,0xFE51,0xFE71,0xC4AB,
  0x0020,0x0000,0x0020,0x0000,0x0000,0x0000,0x0000,0x0000,0x0000,0x0000,0x0000,0x0000,0x0000,0x0000,
  0x0000,0x0000,0x0000,0x0000,0x0000,0x0000,0x0000,0x0000,0x5A25,0xFE30,0xF611,0xFE71,0xAC0A,0x3963,
  0xF5EF,0xF631,0xF631,0xD50D,0x0840,0x0000,0x0000,0x0000,0x0000,0x0000,0x0000,0x0000,0x0000,0x0000,
  0x0000,0x0000,0x0000,0x0000,0x0000,0x0000,0x0000,0x0000,0x0000,0x0000,0x0000,0x0000,0x5A25,0xFE30,
  0xF611,0xFE71,0xAC2A,0x3943,0xF5EF,0xF631,0xFE51,0xD50C,0x0000,0x4183,0x8327,0x3143,0x0000,0x0000,
  0x0000,0x0000,0x0000,0x0000,0x0000,0x0000,0x0000,0x0000,0x0000,0x0000,0x0000,0x0000,0x0000,0x0000,
  0x0000,0x0000,0x5A25,0xFE30,0xF611,0xFE71,0xAC2A,0x3943,0xF5EF,0xF631,0xFE51,0xC4CC,0x6245,0xF5EF,
  0xFE71,0xEDCE,0x3943,0x0000,0x0000,0x0000,0x0000,0x0000,0x0000,0x0000,0x0000,0x0000,0x0000,0x0000,
  0x0000,0x0000,0x0000,0x0000,0x0000,0x0000,0x5A25,0xFE30,0xF611,0xFE71,0xAC2A,0x3943,0xF5EF,0xF631,
  0xFE51,0xC4CC,0xAC2A,0xFE51,0xEE11,0xFE51,0x8307,0x0000,0x0000,0x0000,0x0000,0x0000,0x0000,0x0000,
  0x0000,0x0000,0x0000,0x0000,0x0000,0x0000,0x0000,0x0000,0x0000,0x0000,0x5A25,0xFE30,0xF611,0xFE71,
  0xAC2A,0x3943,0xF5EF,0xF631,0xFE51,0xC4CC,0xABE9,0xFE31,0xF631,0xFE50,0x7AE7,0x0000,0x0000,0x0000,
  0x0000,0x0000,0x0000,0x0000,0x0000,0x0000,0x0000,0x0000,0x0000,0x0000,0x0000,0x0000,0x0000,0x0000,
  0x5A25,0xFE30,0xF611,0xFE71,0xAC2A,0x3943,0xF5EF,0xF631,0xFE51,0xC4CC,0xAC09,0xFE51,0xF631,0xFE51,
  0x7AE7,0x0000,0x0000,0x0000,0x0000,0x0000,0x0000,0x0000,0x0000,0x0000,0x0000,0x0000,0x0000,0x0000,
  0x0000,0x0000,0x0020,0x0000,0x5A25,0xFE30,0xF611,0xFE71,0xAC2A,0x3943,0xF5EF,0xF631,0xFE51,0xC4CC,
  0xAC09,0xFE51,0xF631,0xFE51,0x7AE7,0x0000,0x0000,0x0000,0x0000,0x0000,0x0000,0x0000,0x0000,0x0000,
  0x0000,0x0000,0x0000,0x0000,0x0000,0x0000,0x0000,0x0000,0x5204,0xFE30,0xF631,0xFE71,0xAC2A,0x3963,
  0xF5EF,0xF631,0xFE51,0xC4CC,0xAC09,0xFE51,0xF631,0xFE51,0x7AE7,0x0000,0x0000,0x0000,0x0000,0x0000,
  0x0000,0x0000,0x0000,0x0000,0x0000,0x0000,0x0000,0x0000,0x0000,0x0020,0x51E4,0x8307,0xBC4A,0xE56D,
  0xE5AE,0xFE51,0xAC0A,0x3943,0xF5EF,0xF631,0xFE51,0xC4CC,0xAC09,0xFE51,0xF631,0xFE51,0x7AE7,0x0000,
  0x0000,0x0000,0x0000,0x0000,0x0000,0x0000,0x0000,0x0000,0x0000,0x0000,0x0000,0x0000,0x3943,0xBC6A,
  0xF5CE,0xF60F,0xF5EF,0xEDAF,0xE56D,0xE56D,0xB44A,0x41A3,0xF5CF,0xF631,0xFE51,0xC4AC,0xAC09,0xFE51,
  0xF631,0xFE51,0x7AE7,0x0000,0x0000,0x0000,0x0000,0x0000,0x0000,0x0000,0x0000,0x0000,0x0000,0x0000,
  0x0000,0x51E4,0xED8D,0xF5EF,0xF610,0xF631,0xF631,0xF651,0xF651,0xF610,0xE58E,0xC4AB,0xE5AE,0xF631,
  0xFE51,0xCCCC,0xAC0A,0xFE51,0xF631,0xFE51,0x7AE7,0x0000,0x0000,0x0000,0x0000,0x0000,0x0000,0x0000,
  0x0000,0x0000,0x0000,0x0000,0x20A1,0xDD2C,0xF5F0,0xF631,0xF631,0xF610,0xF610,0xF610,0xF631,0xF651,
  0xF631,0xE58D,0xE58E,0xF631,0xFE91,0xC48B,0xA3C9,0xFE51,0xF631,0xFE51,0x7AE7,0x0000,0x0000,0x0000,
  0x0000,0x0000,0x0000,0x0000,0x0000,0x0000,0x0000,0x0000,0x9388,0xF5EF,0xF631,0xF631,0xEDEF,0xE56D,
  0xB44A,0xCCEB,0xF5CE,0xEE10,0xF651,0xEDF0,0xDD2C,0xE58E,0xDD4D,0x4183,0x9388,0xFE51,0xEE11,0xFE30,
  0x8307,0x0000,0x0000,0x0000,0x0000,0x0000,0x0000,0x0000,0x0000,0x0000,0x0000,0x1061,0xD4EC,0xF610,
  0xF631,0xF5F0,0xCCCB,0x3963,0x0000,0x1081,0x9368,0xF5CE,0xF631,0xF631,0xF5CE,0x7AC6,0x1060,0x0000,
  0x7AC7,0xFE71,0xFE51,0xFE50,0x5205,0x0000,0x0000,0x0000,0x0000,0x0000,0x0000,0x0000,0x0000,0x0000,
  0x0000,0x3943,0xED8E,0xF611,0xF611,0xF5CE,0x6245,0x0000,0x0000,0x0000,0x0840,0xD4EC,0xF610,0xF631,
  0xFE10,0x9368,0x0000,0x0000,0x0820,0x8327,0xC4AB,0x72A6,0x0000,0x0000,0x0000,0x0000,0x0000,0x0000,
  0x0000,0x0000,0x0000,0x0000,0x0000,0x4183,0xF5CE,0xF611,0xF611,0xEDAE,0x3943,0x0020,0x0000,0x0000,
  0x0000,0xB44A,0xF610,0xF631,0xFE10,0xA3C9,0x0000,0x0000,0x0000,0x0000,0x0000,0x0000,0x0000,0x0000,
  0x0000,0x0000,0x0000,0x0000,0x0000,0x0000,0x0000,0x0000,0x0000,0x28E2,0xE56D,0xF610,0xF631,0xF5EF,
  0x9368,0x0000,0x0000,0x0000,0x3943,0xE56D,0xF610,0xF631,0xF60F,0x8307,0x0000,0x0000,0x0000,0x0000,
  0x0000,0x0000,0x0000,0x0000,0x0000,0x0000,0x0000,0x0000,0x0000,0x0000,0x0000,0x0000,0x0000,0x0020,
  0xC48B,0xF610,0xF631,0xF610,0xE56D,0x9368,0x3963,0x6265,0xCCCB,0xEDCF,0xF631,0xEE10,0xF5CE,0x49A4,
  0x0000,0x0000,0x0000,0x0000,0x0000,0x0000,0x0000,0x0000,0x0000,0x0000,0x0000,0x0000,0x0000,0x0000,
  0x0000,0x0000,0x0000,0x0000,0x6245,0xF5CE,0xEE10,0xF651,0xF610,0xF5EF,0xEDAE,0xF5CE,0xF610,0xF631,
  0xF631,0xF5EF,0xBC6A,0x0820,0x0000,0x0000,0x0000,0x0000,0x0000,0x0000,0x0000,0x0000,0x0000,0x0000,
  0x0000,0x0000,0x0000,0x0000,0x0000,0x0000,0x0000,0x0000,0x0000,0xAC0A,0xFE0F,0xEE10,0xF631,0xF631,
  0xF611,0xF631,0xF631,0xF631,0xF610,0xED8D,0x3143,0x0000,0x0000,0x0000,0x0000,0x0000,0x0000,0x0000,
  0x0000,0x0000,0x0000,0x0000,0x0000,0x0000,0x0000,0x0000,0x0000,0x0000,0x0000,0x0000,0x0000,0x1081,
  0xAC09,0xF5CE,0xF610,0xF631,0xF611,0xF611,0xF610,0xF5EF,0xDD2C,0x51E4,0x0000,0x0000,0x0000,0x0000,
  0x0000,0x0000,0x0000,0x0000,0x0000,0x0000,0x0000,0x0000,0x0000,0x0000,0x0000,0x0000,0x0000,0x0000,
  0x0000,0x0000,0x0000,0x0000,0x0000,0x6A66,0xC4AB,0xE56D,0xF5CE,0xEDAE,0xD50C,0x9B88,0x20C2,0x0000,
  0x0000,0x0000,0x0000,0x0000,0x0000,0x0000,0x0000,0x0000,0x0000,0x0000,0x0000,0x0000,0x0000,0x0000,
  0x0000,0x0000,0x0000,0x0000,0x0000,0x0000,0x0000,0x0000,0x0000,0x0000,0x0020,0x2902,0x4183,0x3943,
  0x1061,0x0000,0x0000,0x0000,0x0000,0x0000,0x0000,0x0000,0x0000,0x0000,0x0000,0x0000,0x0000,0x0000,
  0x0000,0x0000,0x0000,0x0000,0x0000,0x0000,0x0000,0x0000,0x0000,0x0000,0x0000,0x0000,0x0000,0x0000,
  0x0000,0x0000,0x0000,0x0000,0x0000,0x0000,0x0000,0x0000,0x0000,0x0000,0x0000,0x0000,0x0000,0x0000,
  0x0000,0x0000,0x0000,0x0000,0x0000,0x0000,0x0000,0x0000,0x0000,0x0000,0x0000,0x0000,0x0000,0x0000,
  0x0000,0x0000,0x0000,0x0000,0x0000,0x0000,0x0000,0x0000,0x0000,0x0000,0x0000,0x0000,0x0000,0x0000,
  0x0000,0x0000,0x0000,0x0000,0x0000,0x0000,0x0000,0x0000,0x0000,0x0000,0x0000,0x0000,0x0000,0x0000,
  0x0000,0x0000,0x0000,0x0000,0x0000,0x0000,0x0000,0x0000,0x0000,0x0000,0x0000,0x0000,0x0000,0x0000,
  0x0000,0x0000,0x0000,0x0000,0x0000,0x0000,0x0000,0x0000,0x0000,0x0000,0x0000,0x0000,0x0000,0x0000,
  0x0000,0x0000,
};
static const uint16_t kP_1F44F[1024] = {
  0x0000,0x0000,0x0000,0x0000,0x0000,0x0000,0x0000,0x0000,0x0000,0x0000,0x0000,0x0000,0x0000,0x0000,
  0x0000,0x0000,0x0000,0x0000,0x0000,0x0000,0x0000,0x0000,0x0000,0x0000,0x0000,0x0000,0x0000,0x0000,
  0x0000,0x0000,0x0000,0x0000,0x0000,0x0000,0x0000,0x0000,0x0000,0x0000,0x0000,0x0000,0x0000,0x0000,
  0x0000,0x0000,0x0000,0x0000,0x0000,0x0000,0x0000,0x0000,0x0000,0x0000,0x0000,0x0000,0x0000,0x0000,
  0x0000,0x0000,0x0000,0x0000,0x0000,0x0000,0x0000,0x0000,0x0000,0x0000,0x0000,0x0000,0x0000,0x0000,
  0x0000,0x0000,0x0000,0x0000,0x0000,0x0000,0x0000,0x0000,0x0000,0x6AA3,0xB527,0x18A0,0x0000,0x0000,
  0x0000,0x0000,0x0000,0x0000,0x0000,0x0000,0x0000,0x0000,0x0000,0x0000,0x0000,0x0000,0x0000,0x0000,
  0x0000,0x0000,0x0000,0x0000,0x0000,0x0000,0x0000,0x0000,0x0840,0x0840,0x0000,0x0020,0x0000,0x9C05,
  0xFFAA,0x2901,0x0000,0x0000,0x0000,0x0000,0x0000,0x0020,0x1060,0x0000,0x0000,0x0000,0x0000,0x0000,
  0x0000,0x0000,0x0000,0x0000,0x0000,0x0000,0x0000,0x0000,0x0000,0x0000,0x0020,0x0000,0x9BE5,0xDDE8,
  0x18A0,0x0000,0x0000,0x93A5,0xFF09,0x20E1,0x0000,0x0000,0x0000,0x0000,0x0000,0x72E4,0xE668,0x2921,
  0x0000,0x0000,0x0000,0x0000,0x0000,0x0000,0x0000,0x0000,0x0000,0x0000,0x0000,0x0000,0x0000,0x0000,
  0x0000,0x5202,0xFF8A,0xAC86,0x0020,0x0020,0x0000,0x93A5,0xFF09,0x20E1,0x0000,0x0000,0x0000,0x0000,
  0x3141,0xFF2A,0xCD67,0x0840,0x0000,0x0000,0x0000,0x0000,0x0000,0x0000,0x0000,0x0000,0x0000,0x0000,
  0x0000,0x0000,0x0000,0x0000,0x20C1,0xF6C9,0xDDC8,0x0020,0x0000,0x0020,0x0000,0x9C05,0xFFAA,0x2901,
  0x0000,0x0000,0x0000,0x0840,0xE608,0xF689,0x18A0,0x0000,0x0000,0x0000,0x0000,0x0000,0x0000,0x0000,
  0x0000,0x0000,0x0000,0x0000,0x0000,0x0000,0x0000,0x1060,0xD587,0xFF09,0x2921,0x0000,0x0000,0x0000,
  0x0000,0x6AA3,0xB507,0x18A0,0x0000,0x0000,0x0020,0xB4A6,0xFF6A,0x49E2,0x0000,0x0000,0x0000,0x0000,
  0x0000,0x0000,0x0000,0x0000,0x0000,0x0000,0x0000,0x0000,0x0000,0x0000,0x0000,0x4A02,0xFF2A,0x6AA3,
  0x0000,0x0000,0x0000,0x0000,0x0000,0x0000,0x0000,0x0000,0x0000,0x0000,0x3141,0xFEE9,0x8BA5,0x0000,
  0x0000,0x0000,0x0000,0x0000,0x0000,0x0000,0x0000,0x0000,0x0000,0x0000,0x0000,0x0000,0x0000,0x0000,
  0x0000,0x0000,0x2921,0x0020,0x0020,0x0000,0x0000,0x0000,0x0000,0x0000,0x0000,0x0000,0x0000,0x0000,
  0x0000,0x2901,0x1060,0x0000,0x0000,0x0000,0x0000,0x0000,0x0000,0x0000,0x0000,0x0000,0x0000,0x0000,
  0x0000,0x0000,0x0000,0x0000,0x0000,0x0000,0x0000,0x0000,0x0000,0x0000,0x0000,0x0000,0x0000,0x0000,
  0x0000,0x0000,0x0000,0x0000,0x0000,0x0000,0x0000,0x0000,0x0000,0x0000,0x0000,0x0000,0x0000,0x0000,
  0x0000,0x0000,0x0000,0x0000,0x0000,0x0000,0x0000,0x0000,0x0000,0x0000,0x20C1,0x6265,0x7AE7,0x7AE7,
  0x6265,0x20C1,0x0000,0x0000,0x0000,0x0000,0x0000,0x1881,0x4163,0x51A4,0x51A4,0x3922,0x0840,0x0000,
  0x0000,0x0000,0x0000,0x0000,0x0000,0x0000,0x0000,0x0000,0x0000,0x0000,0x0000,0x0000,0x0000,0x6A66,
  0xDD2C,0xF5EF,0xFE0F,0xFE0F,0xF5EF,0xDD2C,0x6A66,0x0000,0x0000,0x0000,0x51A4,0x9B48,0xBC2A,0xC44A,
  0xC44A,0xB3E9,0x8AE7,0x3102,0x0000,0x0000,0x0000,0x0000,0x0000,0x0000,0x0000,0x0000,0x0000,0x0000,
  0x0000,0x0000,0x51E4,0xF5CE,0xF610,0xF631,0xF631,0xF631,0xF631,0xF610,0xF5CE,0x5205,0x0000,0x4983,
  0xB3C9,0xD4EC,0xDD4D,0xDD4D,0xDD4D,0xDD4D,0xCCAB,0xA348,0x20C1,0x0000,0x0000,0x0000,0x0000,0x0000,
  0x0000,0x0000,0x0000,0x0000,0x0000,0x0820,0xCCAB,0xF630,0xF631,0xF651,0xF651,0xF651,0xF651,0xF631,
  0xF630,0xC4AB,0x1881,0x9327,0xDD2C,0xE56D,0xE56D,0xE56D,0xE56D,0xE56D,0xE58D,0xCCAB,0x7245,0x0000,
  0x0000,0x0000,0x0000,0x0000,0x0000,0x0000,0x0000,0x0000,0x0000,0x3143,0xED8D,0xEDCF,0xEDCF,0xEDCF,
  0xEDCF,0xEDCF,0xEDCF,0xEDCF,0xEDCF,0xDD4D,0x7266,0x9B68,0xC48B,0xC46B,0xC46B,0xC46B,0xC46B,0xC46B,
  0xC48B,0xC46A,0x9327,0x1060,0x0000,0x0000,0x0000,0x0000,0x0000,0x0000,0x0000,0x0000,0x0000,0x4183,
  0xED8E,0xE58E,0xE58E,0xE58E,0xE58E,0xE58E,0xE58E,0xE58E,0xE58E,0xE56D,0x82C7,0x9B48,0xB3E9,0xB3E9,
  0xB3E9,0xB3E9,0xB3E9,0xB3E9,0xB3E9,0xABE9,0x9B28,0x1861,0x0000,0x0000,0x0000,0x0000,0x0000,0x0000,
  0x0000,0x0000,0x0000,0x3963,0xEDAE,0xF631,0xF651,0xF651,0xF651,0xF651,0xF651,0xF651,0xF651,0xE56D,
  0x7AA6,0xABA9,0xE58D,0xE56D,0xE56D,0xE56D,0xE56D,0xE56D,0xE56D,0xDD4D,0x9B48,0x1061,0x0000,0x0000,
  0x0000,0x0000,0x0000,0x0000,0x0000,0x0000,0x0000,0x3963,0xEDAE,0xF631,0xF651,0xF651,0xF651,0xF651,
  0xF651,0xF651,0xF651,0xE56D,0x7AA6,0xABA9,0xE56D,0xE54D,0xE56D,0xE56D,0xE56D,0xE56D,0xE56D,0xDD4C,
  0x9B48,0x1061,0x0000,0x0000,0x0000,0x0000,0x0000,0x0000,0x0000,0x0000,0x0000,0x3963,0xEDAE,0xEDCF,
  0xEDCF,0xEDCF,0xEDCF,0xEDCF,0xEDCF,0xEDCF,0xEDCF,0xE56D,0x7AA6,0xA368,0xC48B,0xC46B,0xC46B,0xC46B,
  0xC46B,0xC46B,0xC48B,0xC46A,0x9B48,0x1061,0x0000,0x0000,0x0000,0x0000,0x0000,0x0000,0x0000,0x0000,
  0x0000,0x3963,0xED8E,0xE58E,0xE58E,0xE58E,0xE58E,0xE58E,0xE58E,0xE58E,0xE58E,0xE54D,0x7AC6,0x9B48,
  0xB3E9,0xB3E9,0xB3E9,0xB3E9,0xB3E9,0xB3E9,0xB3E9,0xABE9,0x9B28,0x1061,0x0000,0x0000,0x0000,0x0000,
  0x0000,0x0000,0x0000,0x0000,0x0000,0x3963,0xEDAE,0xF631,0xF651,0xF651,0xF651,0xF651,0xF651,0xF651,
  0xF651,0xE56D,0x7AA6,0xABA9,0xE58D,0xE56D,0xE56D,0xE56D,0xE56D,0xE56D,0xE56D,0xDD4D,0x9B48,0x1061,
  0x0000,0x0000,0x0000,0x0000,0x0000,0x0000,0x0000,0x0000,0x0000,0x3963,0xEDAE,0xF631,0xF651,0xF651,
  0xF651,0xF651,0xF651,0xF651,0xF651,0xE56D,0x7AA6,0xABA9,0xE56D,0xE54D,0xE56D,0xE56D,0xE56D,0xE56D,
  0xE56D,0xDD4C,0x9B48,0x1061,0x0000,0x0000,0x0000,0x0000,0x0000,0x0000,0x0000,0x0000,0x0000,0x3963,
  0xEDAE,0xEDCF,0xEDCF,0xEDCF,0xEDCF,0xEDCF,0xEDCF,0xEDCF,0xEDCF,0xE56D,0x7AA6,0xA368,0xC48B,0xC46B,
  0xC46B,0xC46B,0xC46B,0xC46B,0xC48B,0xC46A,0x9B48,0x1061,0x0000,0x0000,0x0000,0x0000,0x0000,0x0000,
  0x0000,0x0000,0x0000,0x3963,0xED8E,0xE58E,0xE58E,0xE58E,0xE58E,0xE58E,0xE58E,0xE58E,0xE58E,0xE54D,
  0x7AC6,0x9B48,0xB3E9,0xB3E9,0xB3E9,0xB3E9,0xB3E9,0xB3E9,0xB3E9,0xABE9,0x9B28,0x1061,0x0000,0x0000,
  0x0000,0x0000,0x0000,0x0000,0x0000,0x0000,0x0000,0x4163,0xEDAE,0xF631,0xF651,0xF651,0xF651,0xF651,
  0xF651,0xF651,0xF651,0xE58D,0x7AC6,0xABA9,0xED8D,0xE56D,0xE56D,0xE56D,0xE56D,0xE56D,0xE56D,0xDD4D,
  0x9B48,0x1061,0x0000,0x0000,0x0000,0x0000,0x0000,0x0000,0x0000,0x0000,0x0000,0x3143,0xED8E,0xF610,
  0xF631,0xF631,0xF631,0xF631,0xF631,0xF631,0xF631,0xE56D,0x6A65,0xA389,0xDD4D,0xDD2C,0xDD2C,0xDD2C,
  0xDD2C,0xDD2C,0xDD4D,0xD50C,0x9327,0x1060,0x0000,0x0000,0x0000,0x0000,0x0000,0x0000,0x0000,0x0000,
  0x0000,0x0820,0xC4AB,0xF610,0xF631,0xF631,0xF631,0xF631,0xF631,0xF631,0xF610,0xC48B,0x1881,0x9307,
  0xD4EC,0xE54D,0xDD2C,0xDD2C,0xDD2C,0xDD2C,0xE56D,0xCC8B,0x7245,0x0000,0x0000,0x0000,0x0000,0x0000,
  0x0000,0x0000,0x0000,0x0000,0x0000,0x0000,0x51E4,0xF5CE,0xF610,0xF631,0xF631,0xF631,0xF631,0xF610,
  0xF5CE,0x5205,0x0000,0x4984,0xB3C9,0xD50C,0xE54D,0xE54D,0xDD4D,0xE54D,0xCCAB,0xA368,0x20C1,0x0000,
  0x0000,0x0000,0x0000,0x0000,0x0000,0x0000,0x0000,0x0000,0x0000,0x0000,0x0000,0x6A66,0xDD4D,0xF5EF,
  0xFE0F,0xFE0F,0xF5EF,0xDD4D,0x6A66,0x0000,0x0000,0x0000,0x51A4,0x9B48,0xBC2A,0xC44A,0xC44A,0xB409,
  0x8AE7,0x3102,0x0000,0x0000,0x0000,0x0000,0x0000,0x0000,0x0000,0x0000,0x0000,0x0000,0x0000,0x0000,
  0x0000,0x0000,0x20C1,0x6245,0x7AE7,0x7AE7,0x6245,0x20C1,0x0000,0x0000,0x0000,0x0000,0x0000,0x1881,
  0x4163,0x4983,0x51A4,0x3922,0x0840,0x0000,0x0000,0x0000,0x0000,0x0000,0x0000,0x0000,0x0000,0x0000,
  0x0000,0x0000,0x0000,0x0000,0x0000,0x0000,0x0000,0x0000,0x0000,0x0000,0x0000,0x0000,0x0000,0x0000,
  0x0000,0x0000,0x0000,0x0000,0x0000,0x0000,0x0000,0x0000,0x0000,0x0000,0x0000,0x0000,0x0000,0x0000,
  0x0000,0x0000,
};
static const uint16_t kP_1F525[1024] = {
  0x0000,0x0000,0x0000,0x0000,0x0000,0x0000,0x0000,0x0000,0x0000,0x0000,0x0000,0x0000,0x0000,0x0000,
  0x0000,0x0000,0x0000,0x0000,0x0000,0x0000,0x0000,0x0000,0x0000,0x0000,0x0000,0x0000,0x0000,0x0000,
  0x0000,0x0000,0x0000,0x0000,0x0000,0x0000,0x0000,0x0000,0x0000,0x0000,0x0000,0x0000,0x0000,0x0000,
  0x0000,0x0000,0x0000,0x0000,0x0000,0x0000,0x0820,0x0000,0x0000,0x0000,0x0000,0x0000,0x0000,0x0000,
  0x0000,0x0000,0x0000,0x0000,0x0000,0x0000,0x0000,0x0000,0x0000,0x0000,0x0000,0x0000,0x0000,0x0000,
  0x0000,0x0000,0x0000,0x0000,0x0000,0x0000,0x0000,0x0000,0x0000,0x71C1,0xCB23,0x0000,0x0000,0x0000,
  0x0000,0x0000,0x0000,0x0000,0x0000,0x0000,0x0000,0x0000,0x0000,0x0000,0x0000,0x0000,0x0000,0x0000,
  0x0000,0x0000,0x0000,0x0000,0x0000,0x0000,0x0000,0x0000,0x0000,0x0000,0x0000,0x0000,0x30C0,0xF3C4,
  0xFC04,0x9222,0x0000,0x0000,0x0000,0x0000,0x0000,0x0000,0x0000,0x0000,0x0000,0x0000,0x0000,0x0000,
  0x0000,0x0000,0x0000,0x0000,0x0000,0x0000,0x0000,0x0000,0x0000,0x0000,0x0000,0x0000,0x0000,0x0000,
  0x0000,0x0820,0xC303,0xFBE4,0xEBA3,0xFC04,0x5961,0x0000,0x0000,0x0000,0x0000,0x0000,0x0000,0x0000,
  0x0000,0x0000,0x0000,0x0000,0x0000,0x0000,0x0000,0x0000,0x0000,0x0000,0x0000,0x0000,0x0000,0x0000,
  0x0000,0x0000,0x0000,0x0000,0x0000,0x9242,0xFC04,0xEBA3,0xEBA3,0xF3C3,0xEBA3,0x2880,0x0000,0x0000,
  0x0000,0x0000,0x0000,0x0000,0x0000,0x0000,0x0000,0x0000,0x0000,0x0000,0x0000,0x0000,0x0000,0x0000,
  0x0000,0x0000,0x0000,0x0000,0x0000,0x0000,0x0000,0x0000,0x5961,0xFC04,0xEBA3,0xF3C4,0xF3C4,0xEBA3,
  0xF3E4,0xDB43,0x0820,0x0000,0x0000,0x0000,0x0000,0x0000,0x0000,0x0000,0x0000,0x0000,0x0000,0x0000,
  0x0000,0x0000,0x0000,0x0000,0x0000,0x0000,0x0000,0x0000,0x0000,0x0000,0x0000,0x1860,0xE383,0xF3C4,
  0xEBA3,0xF3C4,0xF3C4,0xF3C4,0xEBA3,0xFBE4,0xAAA2,0x0000,0x0000,0x0000,0x0000,0x0000,0x0000,0x0000,
  0x0000,0x0000,0x0000,0x0000,0x0000,0x0000,0x0000,0x0000,0x0000,0x0000,0x0000,0x0000,0x0000,0x0000,
  0x0000,0xBAE3,0xFBE4,0xEBA3,0xF3C4,0xF3C4,0xF3C4,0xF3C4,0xF3C4,0xEBA3,0xFC04,0x79E2,0x0000,0x0000,
  0x0000,0x0000,0x0000,0x0000,0x0000,0x0000,0x0000,0x0000,0x0000,0x0000,0x0000,0x0000,0x0000,0x0000,
  0x0000,0x0000,0x0000,0x0000,0x71C1,0xFC04,0xEBA3,0xF3C4,0xF3C4,0xF3C4,0xF3C4,0xF3C4,0xF3C4,0xF3C4,
  0xEBA3,0xFC04,0x5141,0x0000,0x0000,0x0000,0x0000,0x0000,0x0000,0x0000,0x0000,0x0000,0x0000,0x0000,
  0x0000,0x0000,0x0000,0x0000,0x0000,0x0000,0x0000,0x38E0,0xFBE4,0xEBA3,0xEBA3,0xF3C4,0xF3C4,0xF3A3,
  0xF3A3,0xF3C4,0xF3C4,0xF3C4,0xEBA3,0xF3C3,0xEBA3,0x1860,0x0000,0x0000,0x0000,0x0000,0x0000,0x0000,
  0x0000,0x0000,0x0000,0x0000,0x0000,0x0000,0x0000,0x0000,0x0000,0x0000,0x1040,0xDB63,0xF3C4,0xEBA3,
  0xF3C4,0xF3C4,0xF3A3,0xF404,0xF465,0xEBA3,0xF3C4,0xF3C4,0xF3C4,0xEBA3,0xFBE4,0xCB23,0x0840,0x0000,
  0x0000,0x0000,0x0000,0x0000,0x0000,0x0000,0x0000,0x0000,0x0000,0x0000,0x0000,0x0000,0x0000,0x0000,
  0x79E2,0xFC04,0xEBA3,0xF3C4,0xF3C4,0xF3C4,0xEB83,0xFDA7,0xFE68,0xF3C4,0xF3A3,0xF3C4,0xF3C4,0xF3C4,
  0xEBA3,0xFC04,0x9242,0x0000,0x0000,0x0000,0x0000,0x0000,0x0000,0x0000,0x0000,0x0000,0x0000,0x0000,
  0x0000,0x0000,0x0000,0x0000,0xCB23,0xF3C4,0xEBA3,0xF3C4,0xF3C4,0xEB83,0xF485,0xFEC9,0xFEC9,0xFD87,
  0xEB83,0xF3C4,0xF3C4,0xF3C4,0xEBA3,0xF3C3,0xE383,0x1040,0x0000,0x0000,0x0000,0x0000,0x0000,0x0000,
  0x0000,0x0000,0x0000,0x0000,0x0000,0x0000,0x0000,0x2080,0xEBA3,0xEBA4,0xF3C4,0xF3C4,0xF3A3,0xF3E4,
  0xFE68,0xFEC9,0xFE89,0xFEE9,0xF4A5,0xEB83,0xF3C4,0xF3C4,0xF3C4,0xEBC4,0xF3C4,0x28A0,0x0000,0x0000,
  0x0000,0x0000,0x0000,0x0000,0x0000,0x0000,0x0000,0x0000,0x0000,0x0000,0x0000,0x69A1,0xFC04,0xEBA3,
  0xF3C4,0xF3C4,0xEB83,0xFD87,0xFEE9,0xFE89,0xFEA9,0xFEA9,0xFE68,0xF3E4,0xEBA3,0xF3C4,0xF3C4,0xEBA3,
  0xFBE4,0x5141,0x0000,0x0000,0x0000,0x0000,0x0000,0x0000,0x0000,0x0000,0x0000,0x0000,0x0000,0x0000,
  0x0000,0xBAE3,0xFBE4,0xEBA3,0xF3C4,0xEB83,0xF485,0xFEC9,0xFEA9,0xFEA9,0xFEA9,0xFE89,0xFEC9,0xFDA7,
  0xEB83,0xF3C4,0xF3C4,0xEBA3,0xFC04,0x8202,0x0000,0x0000,0x0000,0x0000,0x0000,0x0000,0x0000,0x0000,
  0x0000,0x0000,0x0000,0x0000,0x2080,0xEBA3,0xF3C4,0xF3C4,0xF3A4,0xF3E4,0xFE48,0xFEC9,0xFEA9,0xFEA9,
  0xFEA9,0xFEA9,0xFE89,0xFEC9,0xF4E6,0xEB83,0xF3C4,0xEBA3,0xFBE4,0xB2C2,0x0000,0x0000,0x0000,0x0000,
  0x0000,0x0000,0x0000,0x0000,0x0000,0x0000,0x0000,0x0000,0x6181,0xFC04,0xEBA3,0xF3C4,0xEB83,0xFD26,
  0xFEE9,0xFE89,0xFEA9,0xFEA9,0xFEA9,0xFEA9,0xFEA9,0xFEA9,0xFE89,0xF424,0xEBA3,0xEBA3,0xF3C4,0xDB63,
  0x0820,0x0000,0x0000,0x0000,0x0000,0x0000,0x0000,0x0000,0x0000,0x0000,0x0000,0x0000,0xA282,0xFBE4,
  0xEBA3,0xF3C4,0xF3A3,0xFE08,0xFEC9,0xFEA9,0xFEA9,0xFEA9,0xFEA9,0xFEA9,0xFEA9,0xFE89,0xFEE9,0xF4E6,
  0xEB83,0xEBC4,0xF3C4,0xEBA3,0x1860,0x0000,0x0000,0x0000,0x0000,0x0000,0x0000,0x0000,0x0000,0x0000,
  0x0000,0x1860,0xE383,0xF3C4,0xEBA3,0xF3A4,0xF3C4,0xFE48,0xFEC9,0xFEA9,0xFEA9,0xFEA9,0xFEA9,0xFEA9,
  0xFEA9,0xFE89,0xFEC9,0xFD46,0xEB83,0xF3C4,0xEBA3,0xFBE4,0x4101,0x0000,0x0000,0x0000,0x0000,0x0000,
  0x0000,0x0000,0x0000,0x0000,0x0000,0x2080,0xEBA3,0xF3C4,0xEBA3,0xEBA3,0xF424,0xFEA9,0xFEA9,0xFEA9,
  0xFEA9,0xFEA9,0xFEA8,0xFEA9,0xFEA9,0xFEA9,0xFEC9,0xFDE7,0xEB83,0xF3C4,0xEBA3,0xFC04,0x79E1,0x0000,
  0x0000,0x0000,0x0000,0x0000,0x0000,0x0000,0x0000,0x0000,0x0000,0x0000,0xAAA2,0xFBE4,0xEBA3,0xEB83,
  0xF4C5,0xFEC9,0xFEA9,0xFEA9,0xFE88,0xFECA,0xFECB,0xFE88,0xFEA9,0xFEA9,0xFEC9,0xFDC7,0xEB83,0xF3C4,
  0xEBA3,0xF3C3,0x30C0,0x0000,0x0000,0x0000,0x0000,0x0000,0x0000,0x0000,0x0000,0x0000,0x0000,0x0000,
  0xA282,0xFBE4,0xEBA3,0xEB83,0xF526,0xFEE9,0xFEA9,0xFEA8,0xFF2F,0xFF96,0xFFB6,0xFF52,0xFEA9,0xFEA9,
  0xFEC9,0xFE28,0xF3C4,0xEBA3,0xF3C4,0xDB63,0x0020,0x0000,0x0000,0x0000,0x0000,0x0000,0x0000,0x0000,
  0x0000,0x0000,0x0000,0x0000,0x6181,0xFC04,0xEBA3,0xEB83,0xFDA7,0xFEC9,0xFE88,0xFEED,0xFFB7,0xFFB6,
  0xFF96,0xFFD8,0xFF51,0xFE88,0xFEA9,0xFE68,0xF3E4,0xEBA3,0xFBE4,0xA282,0x0000,0x0000,0x0000,0x0000,
  0x0000,0x0000,0x0000,0x0000,0x0000,0x0000,0x0000,0x0000,0x1860,0xEBA3,0xEBC3,0xEB83,0xF465,0xFEC9,
  0xFE88,0xFF73,0xFFB7,0xFF96,0xFFB6,0xFFB6,0xFF96,0xFEAA,0xFEC9,0xF526,0xEB83,0xEBA3,0xFC04,0x5141,
  0x0000,0x0000,0x0000,0x0000,0x0000,0x0000,0x0000,0x0000,0x0000,0x0000,0x0000,0x0000,0x0000,0x79E2,
  0xFC24,0xEB83,0xF3C4,0xFE68,0xFEA9,0xFF74,0xFFB6,0xFFB6,0xFFB6,0xFFB6,0xFFB6,0xFECB,0xFEC8,0xF465,
  0xEB63,0xFC04,0xBAE3,0x0800,0x0000,0x0000,0x0000,0x0000,0x0000,0x0000,0x0000,0x0000,0x0000,0x0000,
  0x0000,0x0000,0x0000,0x0000,0xB2A2,0xFC04,0xEB63,0xF546,0xFEE9,0xFF52,0xFFB7,0xFF96,0xFFB6,0xFFB6,
  0xFF95,0xFEEA,0xFE28,0xEB83,0xFBE4,0xE383,0x2080,0x0000,0x0000,0x0000,0x0000,0x0000,0x0000,0x0000,
  0x0000,0x0000,0x0000,0x0000,0x0000,0x0000,0x0000,0x0000,0x0000,0xB2C2,0xFC04,0xF3E4,0xF607,0xFF0C,
  0xFF97,0xFF96,0xFF96,0xFFB7,0xFF30,0xFE88,0xF465,0xFBE4,0xE383,0x2080,0x0000,0x0000,0x0000,0x0000,
  0x0000,0x0000,0x0000,0x0000,0x0000,0x0000,0x0000,0x0000,0x0000,0x0000,0x0000,0x0000,0x0000,0x0000,
  0x8202,0xE383,0xFC44,0xFE07,0xFF2E,0xFFD5,0xFFD6,0xFF70,0xFE69,0xFCA5,0xF3A3,0xA2A2,0x2080,0x0000,
  0x0000,0x0000,0x0000,0x0000,0x0000,0x0000,0x0000,0x0000,0x0000,0x0000,0x0000,0x0000,0x0000,0x0000,
  0x0000,0x0000,0x0000,0x0000,0x0000,0x1860,0x71C1,0xBAC2,0xE444,0xF567,0xF567,0xF4C5,0xCB03,0x8A22,
  0x30C0,0x0000,0x0000,0x0000,0x0000,0x0000,0x0000,0x0000,0x0000,0x0000,0x0000,0x0000,0x0000,0x0000,
  0x0000,0x0000,0x0000,0x0000,0x0000,0x0000,0x0000,0x0000,0x0000,0x0000,0x0000,0x0000,0x1840,0x2860,
  0x2860,0x2060,0x0000,0x0000,0x0000,0x0000,0x0000,0x0000,0x0000,0x0000,0x0000,0x0000,0x0000,0x0000,
  0x0000,0x0000,
};
static const uint16_t kP_1F4A9[1024] = {
  0x0000,0x0000,0x0000,0x0000,0x0000,0x0000,0x0000,0x0000,0x0000,0x0000,0x0000,0x0000,0x0000,0x0000,
  0x0000,0x0000,0x0000,0x0000,0x0000,0x0000,0x0000,0x0000,0x0000,0x0000,0x0000,0x0000,0x0000,0x0000,
  0x0000,0x0000,0x0000,0x0000,0x0000,0x0000,0x0000,0x0000,0x0000,0x0000,0x0000,0x0000,0x0000,0x0000,
  0x0000,0x0000,0x0000,0x0000,0x0000,0x0000,0x0000,0x0000,0x0000,0x0000,0x0000,0x0000,0x0000,0x0000,
  0x0000,0x0000,0x0000,0x0000,0x0000,0x0000,0x0000,0x0000,0x0000,0x0000,0x0000,0x0000,0x0000,0x0000,
  0x0000,0x0000,0x0000,0x0000,0x0000,0x0000,0x0000,0x0000,0x0000,0x0000,0x0000,0x0000,0x0000,0x0000,
  0x0000,0x0000,0x0000,0x0000,0x0000,0x0000,0x0000,0x0000,0x0000,0x0000,0x0000,0x0000,0x0000,0x0000,
  0x0000,0x0000,0x0000,0x0000,0x0000,0x0000,0x0000,0x0000,0x0000,0x0000,0x0000,0x0000,0x0000,0x0000,
  0x0000,0x0000,0x0000,0x0000,0x0000,0x0000,0x0000,0x0000,0x0000,0x0000,0x0000,0x0000,0x0000,0x0000,
  0x0000,0x0000,0x0000,0x0000,0x0000,0x0000,0x0000,0x0000,0x0000,0x0000,0x0000,0x0000,0x0000,0x0000,
  0x0000,0x0000,0x0000,0x0000,0x0000,0x0000,0x0000,0x0000,0x0000,0x0000,0x0000,0x0000,0x0000,0x0000,
  0x0000,0x0000,0x0000,0x0000,0x0000,0x0000,0x0000,0x0000,0x0000,0x0000,0x0000,0x0000,0x0000,0x0000,
  0x0000,0x0000,0x0000,0x0000,0x0000,0x0000,0x0000,0x0000,0x0000,0x0000,0x0000,0x0000,0x0000,0x0000,
  0x0000,0x0000,0x0000,0x0000,0x0000,0x0000,0x0000,0x0000,0x0000,0x0000,0x0000,0x0000,0x0000,0x0000,
  0x0000,0x0000,0x0000,0x0000,0x0000,0x0000,0x0000,0x0000,0x0000,0x0000,0x28C1,0x4983,0x51A3,0x3102,
  0x0820,0x0000,0x0000,0x0000,0x0000,0x0000,0x0000,0x0000,0x0000,0x0000,0x0000,0x0000,0x0000,0x0000,
  0x0000,0x0000,0x0000,0x0000,0x0000,0x0000,0x0000,0x0000,0x0000,0x0000,0x0000,0x0000,0x0000,0x51A4,
  0x8AC6,0x8AE7,0x92E7,0x8AC6,0x6A25,0x1060,0x0000,0x0000,0x0000,0x0000,0x0000,0x0000,0x0000,0x0000,
  0x0000,0x0000,0x0000,0x0000,0x0000,0x0000,0x0000,0x0000,0x0000,0x0000,0x0000,0x0000,0x0000,0x0000,
  0x0000,0x0000,0x51A3,0x8AE6,0x9307,0x9327,0x9327,0x9307,0x8AE7,0x6A25,0x1040,0x0000,0x0000,0x0000,
  0x0000,0x0000,0x0000,0x0000,0x0000,0x0000,0x0000,0x0000,0x0000,0x0000,0x0000,0x0000,0x0000,0x0000,
  0x0000,0x0000,0x0000,0x0000,0x0000,0x18A1,0x82A6,0x9307,0x9327,0x9327,0x9327,0x9327,0x9327,0x8AC6,
  0x4143,0x0000,0x0000,0x0000,0x0000,0x0000,0x0000,0x0000,0x0000,0x0000,0x0000,0x0000,0x0000,0x0000,
  0x0000,0x0000,0x0000,0x0000,0x0000,0x0000,0x0000,0x0000,0x0000,0x4143,0x8AC6,0x9307,0x9327,0x9327,
  0x9327,0x9327,0x9327,0x8AE7,0x61E4,0x0000,0x0000,0x0000,0x0000,0x0000,0x0000,0x0000,0x0000,0x0000,
  0x0000,0x0000,0x0000,0x0000,0x0000,0x0000,0x0000,0x0000,0x0000,0x0000,0x0000,0x0000,0x0000,0x3942,
  0x8AE7,0x9307,0x9327,0x9327,0x9327,0x9327,0x9327,0x9307,0x61E4,0x0000,0x0000,0x0000,0x0000,0x0000,
  0x0000,0x0000,0x0000,0x0000,0x0000,0x0000,0x0000,0x0000,0x0000,0x0000,0x0000,0x0000,0x0000,0x0000,
  0x0000,0x0000,0x0000,0x4983,0x82C6,0x9307,0x9327,0x9327,0x9327,0x9327,0x9327,0x8AC6,0x6204,0x0000,
  0x0000,0x0000,0x0000,0x0000,0x0000,0x0000,0x0000,0x0000,0x0000,0x0000,0x0000,0x0000,0x0000,0x0000,
  0x0000,0x0000,0x0000,0x0000,0x0000,0x0840,0x51A3,0x82A6,0x7265,0x8AE7,0x9B28,0x9327,0x9327,0x9B27,
  0x9327,0x7A65,0x7A86,0x6204,0x1881,0x0000,0x0000,0x0000,0x0000,0x0000,0x0000,0x0000,0x0000,0x0000,
  0x0000,0x0000,0x0000,0x0000,0x0000,0x0000,0x0000,0x0000,0x0000,0x51A3,0x8AE6,0x9307,0x8AC7,0x7A65,
  0x8AE7,0x9327,0x9327,0x9307,0x7A86,0x82A6,0x9327,0x8AE7,0x6A25,0x0820,0x0000,0x0000,0x0000,0x0000,
  0x0000,0x0000,0x0000,0x0000,0x0000,0x0000,0x0000,0x0000,0x0000,0x0000,0x0000,0x0000,0x3102,0x8AC6,
  0x9307,0x9327,0x9B27,0x8AE7,0x7A65,0x7A85,0x7A86,0x7A65,0x82A6,0x9327,0x9327,0x9327,0x8AE6,0x51A4,
  0x0000,0x0000,0x0000,0x0000,0x0000,0x0000,0x0000,0x0000,0x0000,0x0000,0x0000,0x0000,0x0000,0x0000,
  0x0000,0x0000,0x61E4,0x8AE7,0x9327,0x9327,0x9327,0x9B27,0x9327,0x8AE7,0x8AE7,0x9307,0x9B27,0x9327,
  0x9327,0x9327,0x9307,0x7A65,0x1060,0x0000,0x0000,0x0000,0x0000,0x0000,0x0000,0x0000,0x0000,0x0000,
  0x0000,0x0000,0x0000,0x0000,0x0000,0x0820,0x7245,0x9307,0x9327,0x9327,0x9327,0x9327,0x9327,0x9B27,
  0x9B27,0x9327,0x9327,0x9327,0x9327,0x9327,0x9307,0x82A6,0x20A1,0x0000,0x0000,0x0000,0x0000,0x0000,
  0x0000,0x0000,0x0000,0x0000,0x0000,0x0000,0x0000,0x0000,0x0000,0x0020,0x6A25,0x9307,0x9327,0x9327,
  0x9327,0x9327,0x9327,0x9327,0x9327,0x9327,0x9327,0x9327,0x9327,0x9327,0x9307,0x82A6,0x18A1,0x0000,
  0x0000,0x0000,0x0000,0x0000,0x0000,0x0000,0x0000,0x0000,0x0000,0x0000,0x0000,0x0000,0x0000,0x0000,
  0x59E4,0x8AE7,0x9327,0x9327,0x9328,0x9327,0x9328,0x9327,0x9327,0x9327,0x9328,0x9327,0x9328,0x9327,
  0x8AE7,0x7245,0x1040,0x0000,0x0000,0x0000,0x0000,0x0000,0x0000,0x0000,0x0000,0x0000,0x0000,0x0000,
  0x0000,0x0000,0x0820,0x59C4,0x7A86,0x7A65,0x9307,0x9B27,0x8AC6,0x9307,0x8AC6,0x9307,0x9328,0x9307,
  0x92E6,0x9307,0x92C6,0x9327,0x7A86,0x7A86,0x6A25,0x1881,0x0000,0x0000,0x0000,0x0000,0x0000,0x0000,
  0x0000,0x0000,0x0000,0x0000,0x0000,0x0000,0x61E4,0x92E7,0x9327,0x82C6,0x7265,0x8AE6,0xCDB4,0xFF9D,
  0xDE57,0x9B48,0x92E7,0x9B89,0xE698,0xFF9D,0xC552,0x7A45,0x7A86,0x9327,0x9307,0x7A65,0x1060,0x0000,
  0x0000,0x0000,0x0000,0x0000,0x0000,0x0000,0x0000,0x0000,0x0000,0x3102,0x8AC6,0x9307,0x9327,0x9B28,
  0x7A65,0xB4D0,0xFFFF,0x7B6B,0xCE58,0xDE36,0x8264,0xEED9,0xDEFB,0x732B,0xEF7D,0xAC4E,0x8AC6,0x9328,
  0x9327,0x8AE7,0x59C4,0x0000,0x0000,0x0000,0x0000,0x0000,0x0000,0x0000,0x0000,0x0000,0x0000,0x59E4,
  0x92E7,0x9327,0x9327,0x9B28,0x8AA5,0xE698,0xBDF6,0x1000,0x6AE9,0xE6DA,0x6A03,0xFFBE,0x83AD,0x0800,
  0xA4F2,0xD5F5,0x8AA5,0x9B28,0x9327,0x9307,0x7A65,0x0840,0x0000,0x0000,0x0000,0x0000,0x0000,0x0000,
  0x0000,0x0000,0x0000,0x6204,0x9307,0x9327,0x9327,0x9328,0x92E6,0xAC2C,0xEF3C,0x62C9,0xB574,0xBCF0,
  0x7A23,0xCD73,0xCE59,0x5A88,0xCE37,0xA3CB,0x92E7,0x9327,0x9327,0x9307,0x7A85,0x1060,0x0000,0x0000,
  0x0000,0x0000,0x0000,0x0000,0x0000,0x0000,0x0000,0x4163,0x8AE7,0x9327,0x9327,0x9327,0x9328,0x92E6,
  0xAC0B,0xCD72,0xAC4D,0x92E6,0x9B28,0x92E6,0xB48E,0xCD72,0xA3CA,0x92E6,0x9328,0x9327,0x9327,0x92E7,
  0x6204,0x0000,0x0000,0x0000,0x0000,0x0000,0x0000,0x0000,0x0000,0x0000,0x0000,0x0840,0x7245,0x9307,
  0x9307,0x9327,0x9307,0x9B28,0x8AC6,0x82A5,0x9B07,0x9B48,0x9B28,0x9B48,0x9B06,0x8285,0x8AC6,0x9B28,
  0x9327,0x9327,0x9307,0x82A6,0x20C1,0x0000,0x0000,0x0000,0x0000,0x0000,0x0000,0x0000,0x0000,0x0000,
  0x0000,0x0000,0x1881,0x7245,0x8AE7,0x9307,0x9307,0x9B27,0x7266,0x4183,0x6225,0x7A86,0x7A86,0x7A86,
  0x6205,0x4183,0x7AA6,0x9B28,0x9307,0x92E7,0x82A6,0x3922,0x0000,0x0000,0x0000,0x0000,0x0000,0x0000,
  0x0000,0x0000,0x0000,0x0000,0x0000,0x0000,0x0000,0x0840,0x51A3,0x82A6,0x8AE7,0x9307,0x9327,0x82A6,
  0x59E4,0x4983,0x4983,0x49A3,0x5A04,0x82C6,0x9327,0x92E7,0x8AC6,0x6204,0x18A1,0x0000,0x0000,0x0000,
  0x0000,0x0000,0x0000,0x0000,0x0000,0x0000,0x0000,0x0000,0x0000,0x0000,0x0000,0x0000,0x0000,0x20C1,
  0x4983,0x6A25,0x7A86,0x8AC6,0x9307,0x92E7,0x92E7,0x92E7,0x8AE7,0x82A6,0x7245,0x51A4,0x30E2,0x0020,
  0x0000,0x0000,0x0000,0x0000,0x0000,0x0000,0x0000,0x0000,0x0000,0x0000,0x0000,0x0000,0x0000,0x0000,
  0x0000,0x0000,0x0000,0x0000,0x0000,0x0020,0x1881,0x28C1,0x4143,0x4142,0x4142,0x4143,0x3102,0x1881,
  0x0820,0x0000,0x0000,0x0000,0x0000,0x0000,0x0000,0x0000,0x0000,0x0000,0x0000,0x0000,0x0000,0x0000,
  0x0000,0x0000,0x0000,0x0000,0x0000,0x0000,0x0000,0x0000,0x0000,0x0000,0x0000,0x0000,0x0000,0x0000,
  0x0000,0x0000,0x0000,0x0000,0x0000,0x0000,0x0000,0x0000,0x0000,0x0000,0x0000,0x0000,0x0000,0x0000,
  0x0000,0x0000,
};
static const uint16_t kP_2B50[1024] = {
  0x0000,0x0000,0x0000,0x0000,0x0000,0x0000,0x0000,0x0000,0x0000,0x0000,0x0000,0x0000,0x0000,0x0000,
  0x0000,0x0000,0x0000,0x0000,0x0000,0x0000,0x0000,0x0000,0x0000,0x0000,0x0000,0x0000,0x0000,0x0000,
  0x0000,0x0000,0x0000,0x0000,0x0000,0x0000,0x0000,0x0000,0x0000,0x0000,0x0000,0x0000,0x0000,0x0000,
  0x0000,0x0000,0x0000,0x0000,0x0000,0x0000,0x0000,0x0000,0x0000,0x0000,0x0000,0x0000,0x0000,0x0000,
  0x0000,0x0000,0x0000,0x0000,0x0000,0x0000,0x0000,0x0000,0x0000,0x0000,0x0000,0x0000,0x0000,0x0000,
  0x0000,0x0000,0x0000,0x0000,0x0000,0x0000,0x0000,0x0000,0x0000,0x1880,0x3121,0x0000,0x0000,0x0000,
  0x0000,0x0000,0x0000,0x0000,0x0000,0x0000,0x0000,0x0000,0x0000,0x0000,0x0000,0x0000,0x0000,0x0000,
  0x0000,0x0000,0x0000,0x0000,0x0000,0x0000,0x0000,0x0000,0x0000,0x0000,0x0000,0x0000,0x0000,0x7B03,
  0xB465,0x0000,0x0000,0x0000,0x0000,0x0000,0x0000,0x0000,0x0000,0x0000,0x0000,0x0000,0x0000,0x0000,
  0x0000,0x0000,0x0000,0x0000,0x0000,0x0000,0x0000,0x0000,0x0000,0x0000,0x0000,0x0000,0x0000,0x0000,
  0x0000,0x0000,0x0000,0xCD26,0xFE88,0x1080,0x0000,0x0000,0x0000,0x0000,0x0000,0x0000,0x0000,0x0000,
  0x0000,0x0000,0x0000,0x0000,0x0000,0x0000,0x0000,0x0000,0x0000,0x0000,0x0000,0x0000,0x0000,0x0000,
  0x0000,0x0000,0x0000,0x0000,0x0000,0x0000,0x3141,0xFEA9,0xFF09,0x5A62,0x0000,0x0000,0x0000,0x0000,
  0x0000,0x0000,0x0000,0x0000,0x0000,0x0000,0x0000,0x0000,0x0000,0x0000,0x0000,0x0000,0x0000,0x0000,
  0x0000,0x0000,0x0000,0x0000,0x0000,0x0000,0x0000,0x0000,0x0000,0x0000,0x9BE4,0xFEE9,0xFEE9,0xB485,
  0x0000,0x0000,0x0000,0x0000,0x0000,0x0000,0x0000,0x0000,0x0000,0x0000,0x0000,0x0000,0x0000,0x0000,
  0x0000,0x0000,0x0000,0x0000,0x0000,0x0000,0x0000,0x0000,0x0000,0x0000,0x0000,0x0000,0x0000,0x0820,
  0xE5C7,0xFEC9,0xFEA9,0xF688,0x28E0,0x0000,0x0000,0x0000,0x0000,0x0000,0x0000,0x0000,0x0000,0x0000,
  0x0000,0x0000,0x0000,0x0000,0x0000,0x0000,0x0000,0x0000,0x0000,0x0000,0x0000,0x0000,0x0000,0x0000,
  0x0000,0x0000,0x0000,0x5A22,0xFF09,0xFE89,0xFE89,0xFF29,0x7B03,0x0000,0x0000,0x0000,0x0000,0x0000,
  0x0000,0x0000,0x0000,0x0000,0x0000,0x0000,0x0000,0x0000,0x0000,0x0000,0x0000,0x0000,0x0000,0x0000,
  0x0000,0x0000,0x0000,0x0000,0x0000,0x0020,0x0000,0xBCA5,0xFF09,0xFE89,0xFE89,0xFEE9,0xCD06,0x0000,
  0x0020,0x0000,0x0000,0x0000,0x0000,0x0000,0x0000,0x0000,0x0000,0x0000,0x0000,0x0000,0x0000,0x0000,
  0x0000,0x0000,0x0000,0x0000,0x0000,0x0000,0x0000,0x0000,0x0000,0x0000,0x20C0,0xFEA8,0xFEA9,0xFEA9,
  0xFEA9,0xFE89,0xFEA8,0x3141,0x0000,0x0000,0x0000,0x0000,0x0000,0x0000,0x0000,0x0000,0x0000,0x0000,
  0x0000,0x0000,0x0000,0x0000,0x1060,0x1060,0x0820,0x0840,0x0840,0x2900,0x41C1,0x41A1,0x41A1,0x41A1,
  0xA424,0xFEE9,0xFE89,0xFEA9,0xFEA9,0xFE89,0xFF09,0xAC45,0x41A1,0x41A1,0x41A1,0x41C1,0x2900,0x0840,
  0x0840,0x0820,0x1060,0x1060,0x0000,0x0000,0x0000,0x0000,0x49C1,0xDDA6,0xF648,0xE5E7,0xEDE7,0xFE88,
  0xFEE9,0xFEE9,0xFEE9,0xFEE9,0xFEC9,0xFEA9,0xFEA9,0xFEA9,0xFEA9,0xFEA9,0xFEA9,0xFEC9,0xFEE9,0xFEE9,
  0xFEE9,0xFEE9,0xFE88,0xEDE7,0xE5E7,0xEE48,0xDDA6,0x49C1,0x0000,0x0000,0x0000,0x0000,0x0000,0x2921,
  0xCD66,0xFF4A,0xFEC9,0xFEA9,0xFE89,0xFE89,0xFE89,0xFE89,0xFE89,0xFEA9,0xFEA9,0xFEA9,0xFEA9,0xFEA9,
  0xFEA9,0xFE89,0xFE89,0xFE89,0xFE89,0xFE89,0xFEA9,0xFEC9,0xFF2A,0xDDE7,0x2921,0x0000,0x0000,0x0000,
  0x0000,0x0000,0x0000,0x0000,0x0000,0xA445,0xFEE9,0xFEA9,0xFE89,0xFEA9,0xFEA9,0xFEA9,0xFEA9,0xFEA9,
  0xFEA9,0xFEA9,0xFEA9,0xFEA9,0xFEA9,0xFEA9,0xFEA9,0xFEA9,0xFEA9,0xFE89,0xFEA9,0xFEE9,0xA445,0x0820,
  0x0000,0x0000,0x0000,0x0000,0x0000,0x0000,0x0000,0x0000,0x0000,0x0000,0x7B03,0xFEC9,0xFEC9,0xFE89,
  0xFEA9,0xFEA9,0xFEA9,0xFEA9,0xFEA9,0xFEA9,0xFEA9,0xFEA9,0xFEA9,0xFEA9,0xFEA9,0xFEA9,0xFE89,0xFEC9,
  0xFEC9,0x7B03,0x0000,0x0000,0x0000,0x0000,0x0000,0x0000,0x0000,0x0000,0x0000,0x0000,0x0000,0x0000,
  0x0000,0x41A1,0xE5E7,0xFF09,0xFE89,0xFEA9,0xFEA9,0xFEA9,0xFEA9,0xFEA9,0xFEA9,0xFEA9,0xFEA9,0xFEA9,
  0xFEA9,0xFE89,0xFEE9,0xEE48,0x41A1,0x0000,0x0000,0x0000,0x0000,0x0000,0x0000,0x0000,0x0000,0x0000,
  0x0000,0x0000,0x0000,0x0000,0x0000,0x0000,0x1080,0xC526,0xFEC9,0xFE89,0xFEA9,0xFEA9,0xFEA9,0xFEA9,
  0xFEA9,0xFEA9,0xFEA9,0xFEA9,0xFE89,0xFEC9,0xC526,0x20C0,0x0000,0x0000,0x0000,0x0000,0x0000,0x0000,
  0x0000,0x0000,0x0000,0x0000,0x0000,0x0000,0x0000,0x0000,0x0000,0x0000,0x0000,0x0000,0xCD26,0xFEE9,
  0xFE89,0xFEA9,0xFEA9,0xFEA9,0xFEA9,0xFEA9,0xFEA9,0xFE89,0xFEE9,0xCD26,0x0000,0x0000,0x0000,0x0000,
  0x0000,0x0000,0x0000,0x0000,0x0000,0x0000,0x0000,0x0000,0x0000,0x0000,0x0000,0x0000,0x0000,0x0000,
  0x0000,0x0840,0xE5E7,0xFEC9,0xFE89,0xFEA9,0xFEA9,0xFEA9,0xFEA9,0xFEA9,0xFEA9,0xFE89,0xFEC9,0xE5E7,
  0x0840,0x0000,0x0000,0x0000,0x0000,0x0000,0x0000,0x0000,0x0000,0x0000,0x0000,0x0000,0x0000,0x0000,
  0x0000,0x0000,0x0000,0x0000,0x0000,0x49C1,0xFEE9,0xFE89,0xFEA9,0xFEA9,0xFEA9,0xFEA9,0xFE89,0xFEA9,
  0xFEA9,0xFEA9,0xFE89,0xFEE9,0x49C1,0x0000,0x0000,0x0000,0x0000,0x0000,0x0000,0x0000,0x0000,0x0000,
  0x0000,0x0000,0x0000,0x0000,0x0000,0x0000,0x0000,0x0000,0x0000,0x9C04,0xFF09,0xFE89,0xFEA9,0xFEA9,
  0xFE89,0xFEA9,0xFEC9,0xFE89,0xFEA9,0xFEA9,0xFE89,0xFF09,0x9C04,0x0000,0x0000,0x0000,0x0000,0x0000,
  0x0000,0x0000,0x0000,0x0000,0x0000,0x0000,0x0000,0x0000,0x0000,0x0000,0x0000,0x0000,0x0000,0xDD86,
  0xFEE9,0xFE89,0xFEA9,0xFE89,0xFF09,0xFE88,0xF648,0xFF09,0xFE89,0xFE89,0xFE89,0xFEE9,0xDD86,0x0000,
  0x0000,0x0000,0x0000,0x0000,0x0000,0x0000,0x0000,0x0000,0x0000,0x0000,0x0000,0x0000,0x0000,0x0000,
  0x0000,0x0000,0x3141,0xFEA8,0xFEA9,0xFE89,0xFEA9,0xFF09,0xD587,0x41A1,0x20C0,0xB4A5,0xFF09,0xFEC9,
  0xFE89,0xFEA9,0xFEA8,0x3141,0x0000,0x0000,0x0000,0x0000,0x0000,0x0000,0x0000,0x0000,0x0000,0x0000,
  0x0000,0x0000,0x0000,0x0000,0x0000,0x0000,0x72C3,0xFF09,0xF668,0xFF09,0xFE88,0x7B23,0x0000,0x0000,
  0x0000,0x0000,0x6AA2,0xEE48,0xFF29,0xF669,0xFF09,0x72E3,0x0000,0x0000,0x0000,0x0000,0x0000,0x0000,
  0x0000,0x0000,0x0000,0x0000,0x0000,0x0000,0x0000,0x0000,0x0000,0x0000,0xBCA5,0xFF2A,0xFEE9,0xC506,
  0x3141,0x0000,0x0000,0x0000,0x0000,0x0000,0x0000,0x20E0,0xA445,0xFEC9,0xFF2A,0xBCA5,0x0000,0x0000,
  0x0000,0x0000,0x0000,0x0000,0x0000,0x0000,0x0000,0x0000,0x0000,0x0000,0x0000,0x0000,0x0000,0x18C0,
  0xFEE9,0xEE48,0x6282,0x0000,0x0000,0x0000,0x0000,0x0000,0x0000,0x0000,0x0000,0x0000,0x0000,0x5202,
  0xE5E7,0xFEE9,0x18C0,0x0000,0x0000,0x0000,0x0000,0x0000,0x0000,0x0000,0x0000,0x0000,0x0000,0x0000,
  0x0000,0x0000,0x0000,0x6262,0xAC65,0x20C0,0x0000,0x0000,0x0000,0x0000,0x0000,0x0000,0x0000,0x0000,
  0x0000,0x0000,0x0000,0x0000,0x1060,0xAC65,0x6262,0x0000,0x0000,0x0000,0x0000,0x0000,0x0000,0x0000,
  0x0000,0x0000,0x0000,0x0000,0x0000,0x0000,0x0000,0x18A0,0x0000,0x0000,0x0000,0x0000,0x0000,0x0000,
  0x0000,0x0000,0x0000,0x0000,0x0000,0x0000,0x0000,0x0000,0x0000,0x0000,0x18A0,0x0000,0x0000,0x0000,
  0x0000,0x0000,0x0000,0x0000,0x0000,0x0000,0x0000,0x0000,0x0000,0x0000,0x0000,0x0000,0x0000,0x0000,
  0x0000,0x0000,0x0000,0x0000,0x0000,0x0000,0x0000,0x0000,0x0000,0x0000,0x0000,0x0000,0x0000,0x0000,
  0x0000,0x0000,0x0000,0x0000,0x0000,0x0000,0x0000,0x0000,0x0000,0x0000,0x0000,0x0000,0x0000,0x0000,
  0x0000,0x0000,0x0000,0x0000,0x0000,0x0000,0x0000,0x0000,0x0000,0x0000,0x0000,0x0000,0x0000,0x0000,
  0x0000,0x0000,0x0000,0x0000,0x0000,0x0000,0x0000,0x0000,0x0000,0x0000,0x0000,0x0000,0x0000,0x0000,
  0x0000,0x0000,0x0000,0x0000,0x0000,0x0000,0x0000,0x0000,0x0000,0x0000,0x0000,0x0000,0x0000,0x0000,
  0x0000,0x0000,0x0000,0x0000,0x0000,0x0000,0x0000,0x0000,0x0000,0x0000,0x0000,0x0000,0x0000,0x0000,
  0x0000,0x0000,
};
static const uint8_t kA_1F642[1024] = {
  0,0,0,0,0,0,0,0,0,0,2,4,0,0,0,0,0,0,0,0,4,3,0,0,
  0,0,0,0,0,0,0,0,0,0,0,0,0,0,0,0,2,3,0,0,0,19,68,72,
  71,72,32,8,0,0,1,3,0,0,0,0,0,0,0,0,0,0,0,0,0,0,0,3,
  0,0,41,131,206,241,255,255,255,255,247,222,151,69,0,0,3,0,0,0,0,0,0,0,
  0,0,0,0,0,0,3,0,33,154,246,255,255,255,253,252,252,252,255,255,255,255,187,67,
  0,1,2,0,0,0,0,0,0,0,0,0,0,2,0,94,235,255,255,251,253,254,255,255,
  255,255,254,253,251,253,255,255,143,1,0,1,0,0,0,0,0,0,0,1,4,0,150,255,
  255,251,254,255,255,255,255,255,255,255,255,255,255,255,252,253,255,196,24,0,2,0,0,0,
  0,0,0,3,0,151,255,252,254,255,255,255,255,255,255,255,255,255,255,255,255,255,255,255,
  250,255,211,9,2,1,0,0,0,0,3,0,90,255,250,254,255,255,255,255,255,255,255,255,
  255,255,255,255,255,255,255,255,255,250,255,158,0,3,0,0,0,2,2,32,240,253,254,255,
  255,255,255,255,255,255,255,255,255,255,255,255,255,255,255,255,255,255,250,255,86,0,3,0,
  0,3,0,156,255,251,255,255,255,255,255,255,255,255,255,255,255,255,255,255,255,255,255,255,
  255,255,253,254,223,6,1,0,2,0,38,248,253,255,255,255,255,255,255,255,255,255,255,255,
  255,255,255,255,255,255,255,255,255,255,255,252,255,101,0,4,5,0,130,255,251,255,255,255,
  255,255,255,255,255,255,255,255,255,255,255,255,255,255,255,255,255,255,255,252,254,202,1,2,
  2,6,210,254,253,255,255,255,255,255,255,255,255,255,255,255,255,255,255,255,255,255,255,255,
  255,255,255,255,254,249,40,0,0,21,244,255,254,255,255,255,255,255,255,255,255,255,255,255,
  255,255,255,255,255,255,255,255,255,255,255,255,252,255,81,0,0,68,253,252,255,255,255,255,
  255,255,255,255,255,255,255,255,255,255,255,255,255,255,255,255,255,255,255,255,251,255,138,0,
  0,73,255,252,255,255,255,255,255,255,255,255,255,255,255,255,255,255,255,255,255,255,255,255,
  255,255,255,255,251,255,145,0,0,71,255,252,255,255,255,255,255,255,255,255,255,255,255,255,
  255,255,255,255,255,255,255,255,255,255,255,255,251,255,143,0,0,75,255,252,255,255,255,255,
  255,255,255,255,255,255,255,255,255,255,255,255,255,255,255,255,255,255,255,255,251,255,147,0,
  0,33,247,254,254,255,255,255,255,255,255,255,255,255,255,255,255,255,255,255,255,255,255,255,
  255,255,255,255,252,255,96,0,1,8,226,255,254,255,255,255,255,255,255,255,255,255,255,255,
  255,255,255,255,255,255,255,255,255,255,255,255,253,253,53,0,4,0,154,254,251,255,255,255,
  255,255,255,255,255,255,255,255,255,255,255,255,255,255,255,255,255,255,255,253,254,220,7,1,
  3,0,64,255,253,255,255,255,255,255,255,255,255,255,255,255,255,255,255,255,255,255,255,255,
  255,255,255,251,255,135,0,4,0,2,0,191,255,252,255,255,255,255,255,255,255,255,255,255,
  255,255,255,255,255,255,255,255,255,255,254,253,243,24,0,1,0,3,1,62,254,251,255,255,
  255,255,255,255,255,255,255,255,255,255,255,255,255,255,255,255,255,255,251,255,131,0,3,0,
  0,0,3,0,142,255,250,255,255,255,255,255,255,255,255,255,255,255,255,255,255,255,255,255,
  255,252,255,206,7,3,1,0,0,0,0,2,0,200,255,250,255,255,255,255,255,255,255,255,
  255,255,255,255,255,255,255,255,252,255,248,35,0,2,0,0,0,0,0,2,1,25,208,255,
  252,253,255,255,255,255,255,255,255,255,255,255,255,255,254,251,255,243,69,0,3,0,0,0,
  0,0,0,0,1,0,12,156,255,255,252,253,254,255,255,255,255,255,255,255,253,251,255,255,
  204,39,0,2,0,0,0,0,0,0,0,0,0,2,0,0,88,214,255,255,255,252,251,251,
  251,251,252,254,255,255,239,132,7,0,3,0,0,0,0,0,0,0,0,0,0,0,1,2,
  0,9,103,198,252,255,255,255,255,255,255,255,215,137,28,0,0,2,0,0,0,0,0,0,
  0,0,0,0,0,0,0,0,3,0,0,0,40,76,138,144,142,143,93,56,4,0,0,3,
  1,0,0,0,0,0,0,0,0,0,0,0,0,0,0,0,0,1,4,1,0,0,0,0,
  0,0,0,0,0,4,2,0,0,0,0,0,0,0,0,0,
};
static const uint8_t kA_1F602[1024] = {
  0,0,0,0,0,0,0,0,0,0,2,4,0,0,0,0,0,0,0,0,4,3,0,0,
  0,0,0,0,0,0,0,0,0,0,0,0,0,0,0,0,2,3,0,0,0,19,68,72,
  71,72,32,8,0,0,1,3,0,0,0,0,0,0,0,0,0,0,0,0,0,0,0,3,
  0,0,41,131,206,241,255,255,255,255,247,222,151,69,0,0,3,0,0,0,0,0,0,0,
  0,0,0,0,0,0,3,0,33,154,246,255,255,255,253,252,252,252,255,255,255,255,187,67,
  0,1,2,0,0,0,0,0,0,0,0,0,0,2,0,94,235,255,255,251,253,254,255,255,
  255,255,254,253,251,253,255,255,143,1,0,1,0,0,0,0,0,0,0,1,4,0,150,255,
  255,251,254,255,255,255,255,255,255,255,255,255,255,255,252,253,255,196,24,0,2,0,0,0,
  0,0,0,3,0,151,255,252,254,255,255,255,255,255,255,255,255,255,255,255,255,255,255,255,
  250,255,211,9,2,1,0,0,0,0,3,0,90,255,250,254,255,255,255,255,255,255,255,255,
  255,255,255,255,255,255,255,255,255,250,255,158,0,3,0,0,0,2,2,32,240,253,254,255,
  255,255,255,255,255,255,255,255,255,255,255,255,255,255,255,255,255,255,250,255,86,0,3,0,
  0,3,0,156,255,251,255,255,255,255,255,255,255,255,255,255,255,255,255,255,255,255,255,255,
  255,255,253,254,223,6,1,0,2,0,38,248,253,255,255,255,255,255,255,255,255,255,255,255,
  255,255,255,255,255,255,255,255,255,255,255,252,255,101,0,4,5,0,130,255,251,255,255,255,
  255,255,255,255,255,255,255,255,255,255,255,255,255,255,255,255,255,255,255,252,254,202,1,2,
  2,6,210,254,253,255,255,255,255,255,255,255,255,255,255,255,255,255,255,255,255,255,255,255,
  255,255,255,255,254,249,40,0,0,21,244,255,254,255,255,255,255,255,255,255,255,255,255,255,
  255,255,255,255,255,255,255,255,255,255,255,255,252,255,81,0,0,68,253,252,255,255,255,255,
  255,255,255,255,255,255,255,255,255,255,255,255,255,255,255,255,255,255,255,255,251,255,138,0,
  0,73,255,252,255,255,255,255,255,255,255,255,255,255,255,255,255,255,255,255,255,255,255,255,
  255,255,255,255,251,255,145,0,0,71,255,252,255,255,255,255,255,255,255,255,255,255,255,255,
  255,255,255,255,255,255,255,255,255,255,255,255,251,255,143,0,0,75,255,252,255,255,255,255,
  255,255,255,255,255,255,255,255,255,255,255,255,255,255,255,255,255,255,255,255,251,255,148,0,
  0,31,244,254,254,255,255,255,255,255,255,255,255,255,255,255,255,255,255,255,255,255,255,255,
  255,255,255,255,252,255,92,0,0,16,240,255,254,255,255,255,255,255,255,255,255,255,255,255,
  255,255,255,255,255,255,255,255,255,255,255,255,252,255,72,0,0,68,254,252,255,255,255,255,
  255,255,255,255,255,255,255,255,255,255,255,255,255,255,255,255,255,255,255,255,251,255,139,0,
  0,77,255,252,255,255,255,255,255,255,255,255,255,255,255,255,255,255,255,255,255,255,255,255,
  255,255,255,255,251,254,149,0,0,49,253,252,255,255,255,255,255,255,255,255,255,255,255,255,
  255,255,255,255,255,255,255,255,255,255,255,255,251,255,117,0,2,3,208,255,248,253,255,255,
  255,255,255,255,255,255,255,255,255,255,255,255,255,255,255,255,255,255,254,250,254,253,34,0,
  2,1,44,228,255,255,253,255,255,255,255,255,255,255,255,255,255,255,255,255,255,255,255,255,
  255,254,255,255,255,97,0,3,0,1,0,26,105,211,255,251,255,255,255,255,255,255,255,255,
  255,255,255,255,255,255,255,255,252,255,246,121,55,0,1,0,0,0,2,0,0,24,208,255,
  252,253,255,255,255,255,255,255,255,255,255,255,255,255,254,251,255,243,69,0,0,2,0,0,
  0,0,0,1,5,0,12,156,255,255,252,253,254,255,255,255,255,255,255,255,253,251,255,255,
  204,39,0,5,2,0,0,0,0,0,0,0,0,2,0,0,88,214,255,255,255,252,251,251,
  251,251,252,254,255,255,239,132,7,0,3,0,0,0,0,0,0,0,0,0,0,0,1,2,
  0,9,103,198,252,255,255,255,255,255,255,255,215,137,28,0,0,2,0,0,0,0,0,0,
  0,0,0,0,0,0,0,0,3,0,0,0,40,76,138,144,142,143,93,56,4,0,0,3,
  1,0,0,0,0,0,0,0,0,0,0,0,0,0,0,0,0,1,4,1,0,0,0,0,
  0,0,0,0,0,4,2,0,0,0,0,0,0,0,0,0,
};
static const uint8_t kA_1F60A[1024] = {
  0,0,0,0,0,0,0,0,0,0,2,4,0,0,0,0,0,0,0,0,4,3,0,0,
  0,0,0,0,0,0,0,0,0,0,0,0,0,0,0,0,2,3,0,0,0,19,68,72,
  71,72,32,8,0,0,1,3,0,0,0,0,0,0,0,0,0,0,0,0,0,0,0,3,
  0,0,41,131,206,241,255,255,255,255,247,222,151,69,0,0,3,0,0,0,0,0,0,0,
  0,0,0,0,0,0,3,0,33,154,246,255,255,255,253,252,252,252,255,255,255,255,187,67,
  0,1,2,0,0,0,0,0,0,0,0,0,0,2,0,94,235,255,255,251,253,254,255,255,
  255,255,254,253,251,253,255,255,143,1,0,1,0,0,0,0,0,0,0,1,4,0,150,255,
  255,251,254,255,255,255,255,255,255,255,255,255,255,255,252,253,255,196,24,0,2,0,0,0,
  0,0,0,3,0,151,255,252,254,255,255,255,255,255,255,255,255,255,255,255,255,255,255,255,
  250,255,211,9,2,1,0,0,0,0,3,0,90,255,250,254,255,255,255,255,255,255,255,255,
  255,255,255,255,255,255,255,255,255,250,255,158,0,3,0,0,0,2,2,32,240,253,254,255,
  255,255,255,255,255,255,255,255,255,255,255,255,255,255,255,255,255,255,250,255,86,0,3,0,
  0,3,0,156,255,251,255,255,255,255,255,255,255,255,255,255,255,255,255,255,255,255,255,255,
  255,255,253,254,223,6,1,0,2,0,38,248,253,255,255,255,255,255,255,255,255,255,255,255,
  255,255,255,255,255,255,255,255,255,255,255,252,255,101,0,4,5,0,130,255,251,255,255,255,
  255,255,255,255,255,255,255,255,255,255,255,255,255,255,255,255,255,255,255,252,254,202,1,2,
  2,6,210,254,253,255,255,255,255,255,255,255,255,255,255,255,255,255,255,255,255,255,255,255,
  255,255,255,255,254,249,40,0,0,21,244,255,254,255,255,255,255,255,255,255,255,255,255,255,
  255,255,255,255,255,255,255,255,255,255,255,255,252,255,81,0,0,68,253,252,255,255,255,255,
  255,255,255,255,255,255,255,255,255,255,255,255,255,255,255,255,255,255,255,255,251,255,138,0,
  0,73,255,252,255,255,255,255,255,255,255,255,255,255,255,255,255,255,255,255,255,255,255,255,
  255,255,255,255,251,255,145,0,0,71,255,252,255,255,255,255,255,255,255,255,255,255,255,255,
  255,255,255,255,255,255,255,255,255,255,255,255,251,255,143,0,0,75,255,252,255,255,255,255,
  255,255,255,255,255,255,255,255,255,255,255,255,255,255,255,255,255,255,255,255,251,255,147,0,
  0,33,247,254,254,255,255,255,255,255,255,255,255,255,255,255,255,255,255,255,255,255,255,255,
  255,255,255,255,252,255,96,0,1,8,226,255,254,255,255,255,255,255,255,255,255,255,255,255,
  255,255,255,255,255,255,255,255,255,255,255,255,253,253,53,0,4,0,154,254,251,255,255,255,
  255,255,255,255,255,255,255,255,255,255,255,255,255,255,255,255,255,255,255,253,254,220,7,1,
  3,0,64,255,253,255,255,255,255,255,255,255,255,255,255,255,255,255,255,255,255,255,255,255,
  255,255,255,251,255,135,0,4,0,2,0,191,255,252,255,255,255,255,255,255,255,255,255,255,
  255,255,255,255,255,255,255,255,255,255,254,253,243,24,0,1,0,3,1,62,254,251,255,255,
  255,255,255,255,255,255,255,255,255,255,255,255,255,255,255,255,255,255,251,255,131,0,3,0,
  0,0,3,0,142,255,250,255,255,255,255,255,255,255,255,255,255,255,255,255,255,255,255,255,
  255,252,255,206,7,3,1,0,0,0,0,2,0,200,255,250,255,255,255,255,255,255,255,255,
  255,255,255,255,255,255,255,255,252,255,248,35,0,2,0,0,0,0,0,2,1,25,208,255,
  252,253,255,255,255,255,255,255,255,255,255,255,255,255,254,251,255,243,69,0,3,0,0,0,
  0,0,0,0,1,0,12,156,255,255,252,253,254,255,255,255,255,255,255,255,253,251,255,255,
  204,39,0,2,0,0,0,0,0,0,0,0,0,2,0,0,88,214,255,255,255,252,251,251,
  251,251,252,254,255,255,239,132,7,0,3,0,0,0,0,0,0,0,0,0,0,0,1,2,
  0,9,103,198,252,255,255,255,255,255,255,255,215,137,28,0,0,2,0,0,0,0,0,0,
  0,0,0,0,0,0,0,0,3,0,0,0,40,76,138,144,142,143,93,56,4,0,0,3,
  1,0,0,0,0,0,0,0,0,0,0,0,0,0,0,0,0,1,4,1,0,0,0,0,
  0,0,0,0,0,4,2,0,0,0,0,0,0,0,0,0,
};
static const uint8_t kA_1F60D[1024] = {
  0,0,0,0,0,0,0,0,0,0,2,4,0,0,0,0,0,0,0,0,4,3,0,0,
  0,0,0,0,0,0,0,0,0,0,0,0,0,0,0,0,2,3,0,0,0,19,68,72,
  71,72,32,8,0,0,1,3,0,0,0,0,0,0,0,0,0,0,0,0,0,0,0,3,
  0,0,41,131,206,241,255,255,255,255,247,222,151,69,0,0,3,0,0,0,0,0,0,0,
  0,0,0,0,0,0,3,0,33,154,246,255,255,255,253,252,252,252,255,255,255,255,187,67,
  0,1,2,0,0,0,0,0,0,0,0,0,0,2,0,94,235,255,255,251,253,254,255,255,
  255,255,254,253,251,253,255,255,143,1,0,1,0,0,0,0,0,0,0,1,4,0,150,255,
  255,251,254,255,255,255,255,255,255,255,255,255,255,255,252,253,255,196,24,0,2,0,0,0,
  0,0,0,3,0,151,255,252,254,255,255,255,255,255,255,255,255,255,255,255,255,255,255,255,
  250,255,211,9,2,1,0,0,0,0,3,0,90,255,250,254,255,255,255,255,255,255,255,255,
  255,255,255,255,255,255,255,255,255,250,255,158,0,3,0,0,0,2,2,32,240,253,254,255,
  255,255,255,255,255,255,255,255,255,255,255,255,255,255,255,255,255,255,250,255,86,0,3,0,
  0,3,0,156,255,251,255,255,255,255,255,255,255,255,255,255,255,255,255,255,255,255,255,255,
  255,255,253,254,223,6,1,0,2,0,38,248,253,255,255,255,255,255,255,255,255,255,255,255,
  255,255,255,255,255,255,255,255,255,255,255,252,255,101,0,4,5,0,130,255,251,255,255,255,
  255,255,255,255,255,255,255,255,255,255,255,255,255,255,255,255,255,255,255,252,254,202,1,2,
  2,6,210,254,253,255,255,255,255,255,255,255,255,255,255,255,255,255,255,255,255,255,255,255,
  255,255,255,255,254,249,40,0,0,21,244,255,254,255,255,255,255,255,255,255,255,255,255,255,
  255,255,255,255,255,255,255,255,255,255,255,255,252,255,81,0,0,68,253,252,255,255,255,255,
  255,255,255,255,255,255,255,255,255,255,255,255,255,255,255,255,255,255,255,255,251,255,138,0,
  0,73,255,252,255,255,255,255,255,255,255,255,255,255,255,255,255,255,255,255,255,255,255,255,
  255,255,255,255,251,255,145,0,0,71,255,252,255,255,255,255,255,255,255,255,255,255,255,255,
  255,255,255,255,255,255,255,255,255,255,255,255,251,255,143,0,0,75,255,252,255,255,255,255,
  255,255,255,255,255,255,255,255,255,255,255,255,255,255,255,255,255,255,255,255,251,255,147,0,
  0,33,247,254,254,255,255,255,255,255,255,255,255,255,255,255,255,255,255,255,255,255,255,255,
  255,255,255,255,252,255,96,0,1,8,226,255,254,255,255,255,255,255,255,255,255,255,255,255,
  255,255,255,255,255,255,255,255,255,255,255,255,253,253,53,0,4,0,154,254,251,255,255,255,
  255,255,255,255,255,255,255,255,255,255,255,255,255,255,255,255,255,255,255,253,254,220,7,1,
  3,0,64,255,253,255,255,255,255,255,255,255,255,255,255,255,255,255,255,255,255,255,255,255,
  255,255,255,251,255,135,0,4,0,2,0,191,255,252,255,255,255,255,255,255,255,255,255,255,
  255,255,255,255,255,255,255,255,255,255,254,253,243,24,0,1,0,3,1,62,254,251,255,255,
  255,255,255,255,255,255,255,255,255,255,255,255,255,255,255,255,255,255,251,255,131,0,3,0,
  0,0,3,0,142,255,250,255,255,255,255,255,255,255,255,255,255,255,255,255,255,255,255,255,
  255,252,255,206,7,3,1,0,0,0,0,2,0,200,255,250,255,255,255,255,255,255,255,255,
  255,255,255,255,255,255,255,255,252,255,248,35,0,2,0,0,0,0,0,2,1,25,208,255,
  252,253,255,255,255,255,255,255,255,255,255,255,255,255,254,251,255,243,69,0,3,0,0,0,
  0,0,0,0,1,0,12,156,255,255,252,253,254,255,255,255,255,255,255,255,253,251,255,255,
  204,39,0,2,0,0,0,0,0,0,0,0,0,2,0,0,88,214,255,255,255,252,251,251,
  251,251,252,254,255,255,239,132,7,0,3,0,0,0,0,0,0,0,0,0,0,0,1,2,
  0,9,103,198,252,255,255,255,255,255,255,255,215,137,28,0,0,2,0,0,0,0,0,0,
  0,0,0,0,0,0,0,0,3,0,0,0,40,76,138,144,142,143,93,56,4,0,0,3,
  1,0,0,0,0,0,0,0,0,0,0,0,0,0,0,0,0,1,4,1,0,0,0,0,
  0,0,0,0,0,4,2,0,0,0,0,0,0,0,0,0,
};
static const uint8_t kA_1F60E[1024] = {
  0,0,0,0,0,0,0,0,0,0,2,4,0,0,0,0,0,0,0,0,4,3,0,0,
  0,0,0,0,0,0,0,0,0,0,0,0,0,0,0,0,2,3,0,0,0,19,68,72,
  71,72,32,8,0,0,1,3,0,0,0,0,0,0,0,0,0,0,0,0,0,0,0,3,
  0,0,41,131,206,241,255,255,255,255,247,222,151,69,0,0,3,0,0,0,0,0,0,0,
  0,0,0,0,0,0,3,0,33,154,246,255,255,255,253,252,252,252,255,255,255,255,187,67,
  0,1,2,0,0,0,0,0,0,0,0,0,0,2,0,94,235,255,255,251,253,254,255,255,
  255,255,254,253,251,253,255,255,143,1,0,1,0,0,0,0,0,0,0,1,4,0,150,255,
  255,251,254,255,255,255,255,255,255,255,255,255,255,255,252,253,255,196,24,0,2,0,0,0,
  0,0,0,3,0,151,255,252,254,255,255,255,255,255,255,255,255,255,255,255,255,255,255,255,
  250,255,211,9,2,1,0,0,0,0,3,0,90,255,250,254,255,255,255,255,255,255,255,255,
  255,255,255,255,255,255,255,255,255,250,255,158,0,3,0,0,0,2,2,32,240,253,254,255,
  255,255,255,255,255,255,255,255,255,255,255,255,255,255,255,255,255,255,250,255,86,0,3,0,
  0,3,0,156,255,251,255,255,255,255,255,255,255,255,255,255,255,255,255,255,255,255,255,255,
  255,255,253,254,223,6,1,0,2,0,38,248,253,255,255,255,255,255,255,255,255,255,255,255,
  255,255,255,255,255,255,255,255,255,255,255,252,255,101,0,4,5,0,130,255,251,255,255,255,
  255,255,255,255,255,255,255,255,255,255,255,255,255,255,255,255,255,255,255,252,254,202,1,2,
  2,6,210,254,253,255,255,255,255,255,255,255,255,255,255,255,255,255,255,255,255,255,255,255,
  255,255,255,255,254,249,40,0,0,21,244,255,254,255,255,255,255,255,255,255,255,255,255,255,
  255,255,255,255,255,255,255,255,255,255,255,255,252,255,81,0,0,68,253,252,255,255,255,255,
  255,255,255,255,255,255,255,255,255,255,255,255,255,255,255,255,255,255,255,255,251,255,138,0,
  0,73,255,252,255,255,255,255,255,255,255,255,255,255,255,255,255,255,255,255,255,255,255,255,
  255,255,255,255,251,255,145,0,0,71,255,252,255,255,255,255,255,255,255,255,255,255,255,255,
  255,255,255,255,255,255,255,255,255,255,255,255,251,255,143,0,0,75,255,252,255,255,255,255,
  255,255,255,255,255,255,255,255,255,255,255,255,255,255,255,255,255,255,255,255,251,255,147,0,
  0,33,247,254,254,255,255,255,255,255,255,255,255,255,255,255,255,255,255,255,255,255,255,255,
  255,255,255,255,252,255,96,0,1,8,226,255,254,255,255,255,255,255,255,255,255,255,255,255,
  255,255,255,255,255,255,255,255,255,255,255,255,253,253,53,0,4,0,154,254,251,255,255,255,
  255,255,255,255,255,255,255,255,255,255,255,255,255,255,255,255,255,255,255,253,254,220,7,1,
  3,0,64,255,253,255,255,255,255,255,255,255,255,255,255,255,255,255,255,255,255,255,255,255,
  255,255,255,251,255,135,0,4,0,2,0,191,255,252,255,255,255,255,255,255,255,255,255,255,
  255,255,255,255,255,255,255,255,255,255,254,253,243,24,0,1,0,3,1,62,254,251,255,255,
  255,255,255,255,255,255,255,255,255,255,255,255,255,255,255,255,255,255,251,255,131,0,3,0,
  0,0,3,0,142,255,250,255,255,255,255,255,255,255,255,255,255,255,255,255,255,255,255,255,
  255,252,255,206,7,3,1,0,0,0,0,2,0,200,255,250,255,255,255,255,255,255,255,255,
  255,255,255,255,255,255,255,255,252,255,248,35,0,2,0,0,0,0,0,2,1,25,208,255,
  252,253,255,255,255,255,255,255,255,255,255,255,255,255,254,251,255,243,69,0,3,0,0,0,
  0,0,0,0,1,0,12,156,255,255,252,253,254,255,255,255,255,255,255,255,253,251,255,255,
  204,39,0,2,0,0,0,0,0,0,0,0,0,2,0,0,88,214,255,255,255,252,251,251,
  251,251,252,254,255,255,239,132,7,0,3,0,0,0,0,0,0,0,0,0,0,0,1,2,
  0,9,103,198,252,255,255,255,255,255,255,255,215,137,28,0,0,2,0,0,0,0,0,0,
  0,0,0,0,0,0,0,0,3,0,0,0,40,76,138,144,142,143,93,56,4,0,0,3,
  1,0,0,0,0,0,0,0,0,0,0,0,0,0,0,0,0,1,4,1,0,0,0,0,
  0,0,0,0,0,4,2,0,0,0,0,0,0,0,0,0,
};
static const uint8_t kA_1F914[1024] = {
  0,0,0,0,0,0,0,0,0,0,2,4,0,0,0,0,0,0,0,0,4,3,0,0,
  0,0,0,0,0,0,0,0,0,0,0,0,0,0,0,0,2,3,0,0,0,19,68,72,
  71,72,32,8,0,0,1,3,0,0,0,0,0,0,0,0,0,0,0,0,0,0,0,3,
  0,0,41,131,206,241,255,255,255,255,247,222,151,69,0,0,3,0,0,0,0,0,0,0,
  0,0,0,0,0,0,3,0,33,154,246,255,255,255,253,252,252,252,255,255,255,255,187,67,
  0,1,2,0,0,0,0,0,0,0,0,0,0,2,0,94,235,255,255,251,253,254,255,255,
  255,255,254,253,251,253,255,255,143,1,0,1,0,0,0,0,0,0,0,1,4,0,150,255,
  255,251,254,255,255,255,255,255,255,255,255,255,255,255,252,253,255,196,24,0,2,0,0,0,
  0,0,0,3,0,151,255,252,254,255,255,255,255,255,255,255,255,255,255,255,255,255,255,255,
  250,255,211,9,2,1,0,0,0,0,3,0,90,255,250,254,255,255,255,255,255,255,255,255,
  255,255,255,255,255,255,255,255,255,250,255,158,0,3,0,0,0,2,2,32,240,253,254,255,
  255,255,255,255,255,255,255,255,255,255,255,255,255,255,255,255,255,255,250,255,86,0,3,0,
  0,3,0,156,255,251,255,255,255,255,255,255,255,255,255,255,255,255,255,255,255,255,255,255,
  255,255,253,254,223,6,1,0,2,0,38,248,253,255,255,255,255,255,255,255,255,255,255,255,
  255,255,255,255,255,255,255,255,255,255,255,252,255,101,0,4,5,0,130,255,251,255,255,255,
  255,255,255,255,255,255,255,255,255,255,255,255,255,255,255,255,255,255,255,252,254,202,1,2,
  2,6,210,254,253,255,255,255,255,255,255,255,255,255,255,255,255,255,255,255,255,255,255,255,
  255,255,255,255,254,249,40,0,0,21,244,255,254,255,255,255,255,255,255,255,255,255,255,255,
  255,255,255,255,255,255,255,255,255,255,255,255,252,255,81,0,0,68,253,252,255,255,255,255,
  255,255,255,255,255,255,255,255,255,255,255,255,255,255,255,255,255,255,255,255,251,255,138,0,
  0,73,255,252,255,255,255,255,255,255,255,255,255,255,255,255,255,255,255,255,255,255,255,255,
  255,255,255,255,251,255,145,0,0,71,255,252,255,255,255,255,255,255,255,255,255,255,255,255,
  255,255,255,255,255,255,255,255,255,255,255,255,251,255,143,0,0,75,255,252,255,255,255,255,
  255,255,255,255,255,255,255,255,255,255,255,255,255,255,255,255,255,255,255,255,251,255,147,0,
  0,33,247,254,254,255,255,255,255,255,255,255,255,255,255,255,255,255,255,255,255,255,255,255,
  255,255,255,255,252,255,96,0,1,8,226,255,254,255,255,255,255,255,255,255,255,255,255,255,
  255,255,255,255,255,255,255,255,255,255,255,255,253,253,53,0,4,0,154,254,251,255,255,255,
  255,255,255,255,255,255,255,255,255,255,255,255,255,255,255,255,255,255,255,253,254,220,7,1,
  3,0,64,255,253,255,255,255,255,255,255,255,255,255,255,255,255,255,255,255,255,255,255,255,
  255,255,255,251,255,135,0,4,0,2,0,191,255,252,255,255,255,255,255,255,255,255,255,255,
  255,255,255,255,255,255,255,255,255,255,254,253,243,24,0,1,0,3,1,62,254,251,255,255,
  255,255,255,255,255,255,255,255,255,255,255,255,255,255,255,255,255,255,251,255,131,0,3,0,
  0,0,3,0,142,255,250,255,255,255,255,255,255,255,255,255,255,255,255,255,255,255,255,255,
  255,252,255,206,7,3,1,0,0,0,0,2,0,200,255,250,255,255,255,255,255,255,255,255,
  255,255,255,255,255,255,255,255,254,255,250,36,0,2,0,0,0,0,0,2,1,25,208,255,
  252,253,255,255,255,255,255,255,255,255,255,255,255,255,255,254,253,238,59,0,3,0,0,0,
  0,0,0,0,1,0,12,156,255,255,252,253,254,255,255,255,255,255,255,255,255,255,255,254,
  253,241,116,0,2,0,0,0,0,0,0,0,0,2,0,0,88,214,255,255,255,252,251,251,
  251,252,255,255,255,255,255,255,255,255,255,117,0,3,0,0,0,0,0,0,0,0,1,2,
  0,9,103,198,252,255,255,255,255,255,252,254,255,255,255,255,255,248,255,194,0,3,0,0,
  0,0,0,0,0,0,0,0,3,0,0,0,40,76,138,145,143,195,255,255,255,255,255,255,
  255,255,228,45,1,2,0,0,0,0,0,0,0,0,0,0,0,1,4,1,0,0,0,0,
  0,9,145,228,254,254,255,254,243,172,42,0,2,0,0,0,
};
static const uint8_t kA_1F614[1024] = {
  0,0,0,0,0,0,0,0,0,0,2,4,0,0,0,0,0,0,0,0,4,3,0,0,
  0,0,0,0,0,0,0,0,0,0,0,0,0,0,0,0,2,3,0,0,0,19,68,72,
  71,72,32,8,0,0,1,3,0,0,0,0,0,0,0,0,0,0,0,0,0,0,0,3,
  0,0,41,131,206,241,255,255,255,255,247,222,151,69,0,0,3,0,0,0,0,0,0,0,
  0,0,0,0,0,0,3,0,33,154,246,255,255,255,253,252,252,252,255,255,255,255,187,67,
  0,1,2,0,0,0,0,0,0,0,0,0,0,2,0,94,235,255,255,251,253,254,255,255,
  255,255,254,253,251,253,255,255,143,1,0,1,0,0,0,0,0,0,0,1,4,0,150,255,
  255,251,254,255,255,255,255,255,255,255,255,255,255,255,252,253,255,196,24,0,2,0,0,0,
  0,0,0,3,0,151,255,252,254,255,255,255,255,255,255,255,255,255,255,255,255,255,255,255,
  250,255,211,9,2,1,0,0,0,0,3,0,90,255,250,254,255,255,255,255,255,255,255,255,
  255,255,255,255,255,255,255,255,255,250,255,158,0,3,0,0,0,2,2,32,240,253,254,255,
  255,255,255,255,255,255,255,255,255,255,255,255,255,255,255,255,255,255,250,255,86,0,3,0,
  0,3,0,156,255,251,255,255,255,255,255,255,255,255,255,255,255,255,255,255,255,255,255,255,
  255,255,253,254,223,6,1,0,2,0,38,248,253,255,255,255,255,255,255,255,255,255,255,255,
  255,255,255,255,255,255,255,255,255,255,255,252,255,101,0,4,5,0,130,255,251,255,255,255,
  255,255,255,255,255,255,255,255,255,255,255,255,255,255,255,255,255,255,255,252,254,202,1,2,
  2,6,210,254,253,255,255,255,255,255,255,255,255,255,255,255,255,255,255,255,255,255,255,255,
  255,255,255,255,254,249,40,0,0,21,244,255,254,255,255,255,255,255,255,255,255,255,255,255,
  255,255,255,255,255,255,255,255,255,255,255,255,252,255,81,0,0,68,253,252,255,255,255,255,
  255,255,255,255,255,255,255,255,255,255,255,255,255,255,255,255,255,255,255,255,251,255,138,0,
  0,73,255,252,255,255,255,255,255,255,255,255,255,255,255,255,255,255,255,255,255,255,255,255,
  255,255,255,255,251,255,145,0,0,71,255,252,255,255,255,255,255,255,255,255,255,255,255,255,
  255,255,255,255,255,255,255,255,255,255,255,255,251,255,143,0,0,75,255,252,255,255,255,255,
  255,255,255,255,255,255,255,255,255,255,255,255,255,255,255,255,255,255,255,255,251,255,147,0,
  0,33,247,254,254,255,255,255,255,255,255,255,255,255,255,255,255,255,255,255,255,255,255,255,
  255,255,255,255,252,255,96,0,1,8,226,255,254,255,255,255,255,255,255,255,255,255,255,255,
  255,255,255,255,255,255,255,255,255,255,255,255,253,253,53,0,4,0,154,254,251,255,255,255,
  255,255,255,255,255,255,255,255,255,255,255,255,255,255,255,255,255,255,255,253,254,220,7,1,
  3,0,64,255,253,255,255,255,255,255,255,255,255,255,255,255,255,255,255,255,255,255,255,255,
  255,255,255,251,255,135,0,4,0,2,0,191,255,252,255,255,255,255,255,255,255,255,255,255,
  255,255,255,255,255,255,255,255,255,255,254,253,243,24,0,1,0,3,1,62,254,251,255,255,
  255,255,255,255,255,255,255,255,255,255,255,255,255,255,255,255,255,255,251,255,131,0,3,0,
  0,0,3,0,142,255,250,255,255,255,255,255,255,255,255,255,255,255,255,255,255,255,255,255,
  255,252,255,206,7,3,1,0,0,0,0,2,0,200,255,250,255,255,255,255,255,255,255,255,
  255,255,255,255,255,255,255,255,252,255,248,35,0,2,0,0,0,0,0,2,1,25,208,255,
  252,253,255,255,255,255,255,255,255,255,255,255,255,255,254,251,255,243,69,0,3,0,0,0,
  0,0,0,0,1,0,12,156,255,255,252,253,254,255,255,255,255,255,255,255,253,251,255,255,
  204,39,0,2,0,0,0,0,0,0,0,0,0,2,0,0,88,214,255,255,255,252,251,251,
  251,251,252,254,255,255,239,132,7,0,3,0,0,0,0,0,0,0,0,0,0,0,1,2,
  0,9,103,198,252,255,255,255,255,255,255,255,215,137,28,0,0,2,0,0,0,0,0,0,
  0,0,0,0,0,0,0,0,3,0,0,0,40,76,138,144,142,143,93,56,4,0,0,3,
  1,0,0,0,0,0,0,0,0,0,0,0,0,0,0,0,0,1,4,1,0,0,0,0,
  0,0,0,0,0,4,2,0,0,0,0,0,0,0,0,0,
};
static const uint8_t kA_1F622[1024] = {
  0,0,0,0,0,0,0,0,0,0,2,4,0,0,0,0,0,0,0,0,4,3,0,0,
  0,0,0,0,0,0,0,0,0,0,0,0,0,0,0,0,2,3,0,0,0,19,68,72,
  71,72,32,8,0,0,1,3,0,0,0,0,0,0,0,0,0,0,0,0,0,0,0,3,
  0,0,41,131,206,241,255,255,255,255,247,222,151,69,0,0,3,0,0,0,0,0,0,0,
  0,0,0,0,0,0,3,0,33,154,246,255,255,255,253,252,252,252,255,255,255,255,187,67,
  0,1,2,0,0,0,0,0,0,0,0,0,0,2,0,94,235,255,255,251,253,254,255,255,
  255,255,254,253,251,253,255,255,143,1,0,1,0,0,0,0,0,0,0,1,4,0,150,255,
  255,251,254,255,255,255,255,255,255,255,255,255,255,255,252,253,255,196,24,0,2,0,0,0,
  0,0,0,3,0,151,255,252,254,255,255,255,255,255,255,255,255,255,255,255,255,255,255,255,
  250,255,211,9,2,1,0,0,0,0,3,0,90,255,250,254,255,255,255,255,255,255,255,255,
  255,255,255,255,255,255,255,255,255,250,255,158,0,3,0,0,0,2,2,32,240,253,254,255,
  255,255,255,255,255,255,255,255,255,255,255,255,255,255,255,255,255,255,250,255,86,0,3,0,
  0,3,0,156,255,251,255,255,255,255,255,255,255,255,255,255,255,255,255,255,255,255,255,255,
  255,255,253,254,223,6,1,0,2,0,38,248,253,255,255,255,255,255,255,255,255,255,255,255,
  255,255,255,255,255,255,255,255,255,255,255,252,255,101,0,4,5,0,130,255,251,255,255,255,
  255,255,255,255,255,255,255,255,255,255,255,255,255,255,255,255,255,255,255,252,254,202,1,2,
  2,6,210,254,253,255,255,255,255,255,255,255,255,255,255,255,255,255,255,255,255,255,255,255,
  255,255,255,255,254,249,40,0,0,21,244,255,254,255,255,255,255,255,255,255,255,255,255,255,
  255,255,255,255,255,255,255,255,255,255,255,255,252,255,81,0,0,68,253,252,255,255,255,255,
  255,255,255,255,255,255,255,255,255,255,255,255,255,255,255,255,255,255,255,255,251,255,138,0,
  0,73,255,252,255,255,255,255,255,255,255,255,255,255,255,255,255,255,255,255,255,255,255,255,
  255,255,255,255,251,255,145,0,0,71,255,252,255,255,255,255,255,255,255,255,255,255,255,255,
  255,255,255,255,255,255,255,255,255,255,255,255,251,255,143,0,0,75,255,252,255,255,255,255,
  255,255,255,255,255,255,255,255,255,255,255,255,255,255,255,255,255,255,255,255,251,255,147,0,
  0,33,247,254,254,255,255,255,255,255,255,255,255,255,255,255,255,255,255,255,255,255,255,255,
  255,255,255,255,252,255,96,0,1,8,226,255,254,255,255,255,255,255,255,255,255,255,255,255,
  255,255,255,255,255,255,255,255,255,255,255,255,253,253,53,0,4,0,154,254,251,255,255,255,
  255,255,255,255,255,255,255,255,255,255,255,255,255,255,255,255,255,255,255,253,254,220,7,1,
  3,0,64,255,253,255,255,255,255,255,255,255,255,255,255,255,255,255,255,255,255,255,255,255,
  255,255,255,251,255,135,0,4,0,2,0,191,255,252,255,255,255,255,255,255,255,255,255,255,
  255,255,255,255,255,255,255,255,255,255,254,253,243,24,0,1,0,3,1,62,254,251,255,255,
  255,255,255,255,255,255,255,255,255,255,255,255,255,255,255,255,255,255,251,255,131,0,3,0,
  0,0,3,0,142,255,250,255,255,255,255,255,255,255,255,255,255,255,255,255,255,255,255,255,
  255,252,255,206,7,3,1,0,0,0,0,2,0,200,255,250,255,255,255,255,255,255,255,255,
  255,255,255,255,255,255,255,255,252,255,248,35,0,2,0,0,0,0,0,2,1,25,208,255,
  252,254,255,255,255,255,255,255,255,255,255,255,255,255,254,251,255,243,69,0,3,0,0,0,
  0,0,0,0,1,0,12,156,255,255,251,253,254,255,255,255,255,255,255,255,253,251,255,255,
  204,39,0,2,0,0,0,0,0,0,0,0,0,2,0,0,88,228,255,255,255,252,251,251,
  251,251,252,254,255,255,239,132,7,0,3,0,0,0,0,0,0,0,0,0,0,0,1,2,
  0,25,118,198,253,255,255,255,255,255,255,255,215,137,28,0,0,2,0,0,0,0,0,0,
  0,0,0,0,0,0,0,0,3,0,0,0,40,76,138,144,142,143,93,56,4,0,0,3,
  1,0,0,0,0,0,0,0,0,0,0,0,0,0,0,0,0,1,4,1,0,0,0,0,
  0,0,0,0,0,4,2,0,0,0,0,0,0,0,0,0,
};
static const uint8_t kA_1F621[1024] = {
  0,0,0,0,0,0,0,0,0,0,2,4,0,0,0,0,0,0,0,0,4,3,0,0,
  0,0,0,0,0,0,0,0,0,0,0,0,0,0,0,0,2,3,0,0,0,19,68,72,
  71,72,32,8,0,0,1,3,0,0,0,0,0,0,0,0,0,0,0,0,0,0,0,3,
  0,0,41,131,206,241,255,255,255,255,247,222,151,69,0,0,3,0,0,0,0,0,0,0,
  0,0,0,0,0,0,3,0,33,154,246,255,255,255,253,252,252,252,255,255,255,255,187,67,
  0,1,2,0,0,0,0,0,0,0,0,0,0,2,0,94,235,255,255,251,253,254,255,255,
  255,255,254,253,251,253,255,255,143,1,0,1,0,0,0,0,0,0,0,1,4,0,150,255,
  255,251,254,255,255,255,255,255,255,255,255,255,255,255,252,253,255,196,24,0,2,0,0,0,
  0,0,0,3,0,151,255,252,254,255,255,255,255,255,255,255,255,255,255,255,255,255,255,255,
  250,255,211,9,2,1,0,0,0,0,3,0,90,255,250,254,255,255,255,255,255,255,255,255,
  255,255,255,255,255,255,255,255,255,250,255,158,0,3,0,0,0,2,2,32,240,253,254,255,
  255,255,255,255,255,255,255,255,255,255,255,255,255,255,255,255,255,255,250,255,86,0,3,0,
  0,3,0,156,255,251,255,255,255,255,255,255,255,255,255,255,255,255,255,255,255,255,255,255,
  255,255,253,254,223,6,1,0,2,0,38,248,253,255,255,255,255,255,255,255,255,255,255,255,
  255,255,255,255,255,255,255,255,255,255,255,252,255,101,0,4,5,0,130,255,251,255,255,255,
  255,255,255,255,255,255,255,255,255,255,255,255,255,255,255,255,255,255,255,252,254,202,1,2,
  2,6,210,254,253,255,255,255,255,255,255,255,255,255,255,255,255,255,255,255,255,255,255,255,
  255,255,255,255,254,249,40,0,0,21,244,255,254,255,255,255,255,255,255,255,255,255,255,255,
  255,255,255,255,255,255,255,255,255,255,255,255,252,255,81,0,0,68,253,252,255,255,255,255,
  255,255,255,255,255,255,255,255,255,255,255,255,255,255,255,255,255,255,255,255,251,255,138,0,
  0,73,255,252,255,255,255,255,255,255,255,255,255,255,255,255,255,255,255,255,255,255,255,255,
  255,255,255,255,251,255,145,0,0,71,255,252,255,255,255,255,255,255,255,255,255,255,255,255,
  255,255,255,255,255,255,255,255,255,255,255,255,251,255,143,0,0,75,255,252,255,255,255,255,
  255,255,255,255,255,255,255,255,255,255,255,255,255,255,255,255,255,255,255,255,251,255,147,0,
  0,33,247,254,254,255,255,255,255,255,255,255,255,255,255,255,255,255,255,255,255,255,255,255,
  255,255,255,255,252,255,96,0,1,8,226,255,254,255,255,255,255,255,255,255,255,255,255,255,
  255,255,255,255,255,255,255,255,255,255,255,255,253,253,53,0,4,0,154,254,251,255,255,255,
  255,255,255,255,255,255,255,255,255,255,255,255,255,255,255,255,255,255,255,253,254,220,7,1,
  3,0,64,255,253,255,255,255,255,255,255,255,255,255,255,255,255,255,255,255,255,255,255,255,
  255,255,255,251,255,135,0,4,0,2,0,191,255,252,255,255,255,255,255,255,255,255,255,255,
  255,255,255,255,255,255,255,255,255,255,254,253,243,24,0,1,0,3,1,62,254,251,255,255,
  255,255,255,255,255,255,255,255,255,255,255,255,255,255,255,255,255,255,251,255,131,0,3,0,
  0,0,3,0,142,255,250,255,255,255,255,255,255,255,255,255,255,255,255,255,255,255,255,255,
  255,252,255,206,7,3,1,0,0,0,0,2,0,200,255,250,255,255,255,255,255,255,255,255,
  255,255,255,255,255,255,255,255,252,255,248,35,0,2,0,0,0,0,0,2,1,25,208,255,
  252,253,255,255,255,255,255,255,255,255,255,255,255,255,254,251,255,243,69,0,3,0,0,0,
  0,0,0,0,1,0,12,156,255,255,252,253,254,255,255,255,255,255,255,255,253,251,255,255,
  204,39,0,2,0,0,0,0,0,0,0,0,0,2,0,0,88,214,255,255,255,252,251,251,
  251,251,252,254,255,255,239,132,7,0,3,0,0,0,0,0,0,0,0,0,0,0,1,2,
  0,9,103,198,252,255,255,255,255,255,255,255,215,137,28,0,0,2,0,0,0,0,0,0,
  0,0,0,0,0,0,0,0,3,0,0,0,40,76,138,144,142,143,93,56,4,0,0,3,
  1,0,0,0,0,0,0,0,0,0,0,0,0,0,0,0,0,1,4,1,0,0,0,0,
  0,0,0,0,0,4,2,0,0,0,0,0,0,0,0,0,
};
static const uint8_t kA_1F618[1024] = {
  0,0,0,0,0,0,0,0,0,0,2,4,0,0,0,0,0,0,0,0,4,3,0,0,
  0,0,0,0,0,0,0,0,0,0,0,0,0,0,0,0,2,3,0,0,0,19,68,72,
  71,72,32,8,0,0,1,3,0,0,0,0,0,0,0,0,0,0,0,0,0,0,0,3,
  0,0,41,131,206,241,255,255,255,255,247,222,151,69,0,0,3,0,0,0,0,0,0,0,
  0,0,0,0,0,0,3,0,33,154,246,255,255,255,253,252,252,252,255,255,255,255,187,67,
  0,1,2,0,0,0,0,0,0,0,0,0,0,2,0,94,235,255,255,251,253,254,255,255,
  255,255,254,253,251,253,255,255,143,1,0,1,0,0,0,0,0,0,0,1,4,0,150,255,
  255,251,254,255,255,255,255,255,255,255,255,255,255,255,252,253,255,196,24,0,2,0,0,0,
  0,0,0,3,0,151,255,252,254,255,255,255,255,255,255,255,255,255,255,255,255,255,255,255,
  250,255,211,9,2,1,0,0,0,0,3,0,90,255,250,254,255,255,255,255,255,255,255,255,
  255,255,255,255,255,255,255,255,255,250,255,158,0,3,0,0,0,2,2,32,240,253,254,255,
  255,255,255,255,255,255,255,255,255,255,255,255,255,255,255,255,255,255,250,255,86,0,3,0,
  0,3,0,156,255,251,255,255,255,255,255,255,255,255,255,255,255,255,255,255,255,255,255,255,
  255,255,253,254,223,6,1,0,2,0,38,248,253,255,255,255,255,255,255,255,255,255,255,255,
  255,255,255,255,255,255,255,255,255,255,255,252,255,101,0,4,5,0,130,255,251,255,255,255,
  255,255,255,255,255,255,255,255,255,255,255,255,255,255,255,255,255,255,255,252,254,202,1,2,
  2,6,210,254,253,255,255,255,255,255,255,255,255,255,255,255,255,255,255,255,255,255,255,255,
  255,255,255,255,254,249,40,0,0,21,244,255,254,255,255,255,255,255,255,255,255,255,255,255,
  255,255,255,255,255,255,255,255,255,255,255,255,252,255,81,0,0,68,253,252,255,255,255,255,
  255,255,255,255,255,255,255,255,255,255,255,255,255,255,255,255,255,255,255,255,251,255,138,0,
  0,73,255,252,255,255,255,255,255,255,255,255,255,255,255,255,255,255,255,255,255,255,255,255,
  255,255,255,255,251,255,145,0,0,71,255,252,255,255,255,255,255,255,255,255,255,255,255,255,
  255,255,255,255,255,255,255,255,255,255,255,255,251,255,143,0,0,75,255,252,255,255,255,255,
  255,255,255,255,255,255,255,255,255,255,255,255,255,255,255,255,255,255,255,255,251,255,147,0,
  0,33,247,254,254,255,255,255,255,255,255,255,255,255,255,255,255,255,255,255,255,255,255,255,
  255,255,255,255,252,255,96,0,1,8,226,255,254,255,255,255,255,255,255,255,255,255,255,255,
  255,255,255,255,255,255,255,255,255,255,255,255,253,253,53,0,4,0,154,254,251,255,255,255,
  255,255,255,255,255,255,255,255,255,255,255,255,255,255,255,255,255,255,255,253,254,220,7,1,
  3,0,64,255,253,255,255,255,255,255,255,255,255,255,255,255,255,255,255,255,255,255,255,255,
  255,255,255,251,255,135,0,4,0,2,0,191,255,252,255,255,255,255,255,255,255,255,255,255,
  255,255,255,255,255,255,255,255,255,255,254,253,243,24,0,1,0,3,1,62,254,251,255,255,
  255,255,255,255,255,255,255,255,255,255,255,255,255,255,255,255,255,255,251,255,131,0,3,0,
  0,0,3,0,142,255,250,255,255,255,255,255,255,255,255,255,255,255,255,255,255,255,255,255,
  255,252,255,206,7,3,1,0,0,0,0,2,0,200,255,250,255,255,255,255,255,255,255,255,
  255,255,255,255,255,255,255,255,252,255,248,35,0,2,0,0,0,0,0,2,1,25,208,255,
  252,253,255,255,255,255,255,255,255,255,255,255,255,255,254,251,255,243,69,0,3,0,0,0,
  0,0,0,0,1,0,12,156,255,255,252,253,254,255,255,255,255,255,255,255,253,251,255,255,
  204,39,0,2,0,0,0,0,0,0,0,0,0,2,0,0,88,214,255,255,255,252,251,251,
  251,251,252,254,255,255,239,132,7,0,3,0,0,0,0,0,0,0,0,0,0,0,1,2,
  0,9,103,198,252,255,255,255,255,255,255,255,215,137,28,0,0,2,0,0,0,0,0,0,
  0,0,0,0,0,0,0,0,3,0,0,0,40,76,138,144,142,143,93,56,4,0,0,3,
  1,0,0,0,0,0,0,0,0,0,0,0,0,0,0,0,0,1,4,1,0,0,0,0,
  0,0,0,0,0,4,2,0,0,0,0,0,0,0,0,0,
};
static const uint8_t kA_2764[1024] = {
  0,0,0,0,0,0,0,0,0,0,0,0,0,0,0,0,0,0,0,0,0,0,0,0,
  0,0,0,0,0,0,0,0,0,0,0,0,0,0,0,0,0,0,0,0,0,0,0,0,
  0,0,0,0,0,0,0,0,0,0,0,0,0,0,0,0,0,0,0,0,0,0,0,0,
  0,0,0,0,0,0,0,0,0,0,0,0,0,0,0,0,0,0,0,0,0,0,0,0,
  0,0,0,0,0,0,0,0,1,4,0,0,2,3,0,0,0,0,2,3,0,0,3,2,
  0,0,0,0,0,0,0,0,0,0,0,0,0,0,0,2,0,0,0,0,0,0,1,0,
  0,2,0,0,0,0,0,0,2,0,0,0,0,0,0,0,0,0,0,0,0,0,1,0,
  17,119,207,211,184,69,0,0,2,0,39,153,212,212,153,39,0,2,0,0,0,0,0,0,
  0,0,0,0,0,2,0,45,223,255,255,255,255,255,156,5,0,98,248,255,255,255,255,248,
  98,0,2,0,0,0,0,0,0,0,0,0,1,1,6,220,255,249,253,253,252,251,255,104,
  32,255,255,251,253,253,251,255,255,48,0,2,0,0,0,0,0,0,0,0,3,0,104,255,
  251,255,255,255,255,253,253,218,183,254,252,255,255,255,255,251,255,175,3,3,0,0,0,0,
  0,0,0,0,3,0,184,254,252,255,255,255,255,255,255,255,255,255,255,255,255,255,255,254,
  255,242,16,0,1,0,0,0,0,0,0,0,3,0,183,254,252,255,255,255,255,255,255,254,
  254,255,255,255,255,255,255,254,255,239,17,0,1,0,0,0,0,0,0,0,4,0,167,255,
  251,255,255,255,255,255,255,255,255,255,255,255,255,255,255,253,253,231,11,1,1,0,0,0,
  0,0,0,0,2,0,39,247,254,254,255,255,255,255,255,255,255,255,255,255,255,255,255,251,
  255,98,0,3,0,0,0,0,0,0,0,0,0,2,0,95,255,251,255,255,255,255,255,255,
  255,255,255,255,255,255,252,255,158,0,2,0,0,0,0,0,0,0,0,0,0,0,5,0,
  142,255,252,255,255,255,255,255,255,255,255,255,255,253,255,206,2,2,1,0,0,0,0,0,
  0,0,0,0,0,0,0,3,0,200,255,252,255,255,255,255,255,255,255,255,254,253,245,36,
  1,2,0,0,0,0,0,0,0,0,0,0,0,0,0,2,1,29,240,253,254,255,255,255,
  255,255,255,255,251,255,87,0,3,0,0,0,0,0,0,0,0,0,0,0,0,0,0,0,
  3,0,78,255,252,255,255,255,255,255,255,251,255,147,0,4,0,0,0,0,0,0,0,0,
  0,0,0,0,0,0,0,0,0,4,0,158,255,251,255,255,255,255,253,255,219,9,1,1,
  0,0,0,0,0,0,0,0,0,0,0,0,0,0,0,0,0,1,3,11,211,255,253,255,
  255,254,251,251,49,0,2,0,0,0,0,0,0,0,0,0,0,0,0,0,0,0,0,0,
  0,0,2,0,43,246,252,254,255,251,255,104,0,4,0,0,0,0,0,0,0,0,0,0,
  0,0,0,0,0,0,0,0,0,0,0,3,0,97,255,251,251,255,165,0,4,0,0,0,
  0,0,0,0,0,0,0,0,0,0,0,0,0,0,0,0,0,0,0,0,4,0,158,255,
  254,214,15,2,1,0,0,0,0,0,0,0,0,0,0,0,0,0,0,0,0,0,0,0,
  0,0,0,0,1,3,9,215,254,52,0,3,0,0,0,0,0,0,0,0,0,0,0,0,
  0,0,0,0,0,0,0,0,0,0,0,0,0,2,0,59,110,0,4,0,0,0,0,0,
  0,0,0,0,0,0,0,0,0,0,0,0,0,0,0,0,0,0,0,0,0,0,1,0,
  0,2,0,0,0,0,0,0,0,0,0,0,0,0,0,0,0,0,0,0,0,0,0,0,
  0,0,0,0,0,0,0,1,2,0,0,0,0,0,0,0,0,0,0,0,0,0,0,0,
  0,0,0,0,0,0,0,0,0,0,0,0,0,0,0,0,0,0,0,0,0,0,0,0,
  0,0,0,0,0,0,0,0,0,0,0,0,0,0,0,0,0,0,0,0,0,0,0,0,
  0,0,0,0,0,0,0,0,0,0,0,0,0,0,0,0,0,0,0,0,0,0,0,0,
  0,0,0,0,0,0,0,0,0,0,0,0,0,0,0,0,0,0,0,0,0,0,0,0,
  0,0,0,0,0,0,0,0,0,0,0,0,0,0,0,0,0,0,0,0,0,0,0,0,
  0,0,0,0,0,0,0,0,0,0,0,0,0,0,0,0,0,0,0,0,0,0,0,0,
  0,0,0,0,0,0,0,0,0,0,0,0,0,0,0,0,
};
static const uint8_t kA_1F44D[1024] = {
  0,0,0,0,0,0,0,0,0,0,0,0,0,0,0,0,0,0,0,0,0,0,0,0,
  0,0,0,0,0,0,0,0,0,0,0,0,0,0,0,0,0,0,0,0,0,0,0,0,
  0,0,0,0,0,0,0,0,0,0,0,0,0,0,0,0,0,0,0,0,0,0,0,0,
  0,0,0,0,0,0,0,0,2,4,4,1,0,0,0,0,0,0,0,0,0,0,0,0,
  0,0,0,0,0,0,0,0,0,0,0,0,0,0,0,2,0,0,0,0,1,0,0,0,
  0,0,0,0,0,0,0,0,0,0,0,0,0,0,0,0,0,0,0,0,0,0,2,0,
  39,109,98,12,0,1,0,0,0,0,0,0,0,0,0,0,0,0,0,0,0,0,0,0,
  0,0,0,0,0,2,0,69,243,255,255,208,26,1,2,0,0,0,0,0,0,0,0,0,
  0,0,0,0,0,0,0,0,0,0,0,0,1,0,18,236,255,249,248,255,174,0,2,0,
  0,0,0,0,0,0,0,0,0,0,0,0,0,0,0,0,0,0,0,0,2,0,45,255,
  254,255,253,253,218,0,0,0,0,0,0,0,0,0,0,0,0,0,0,0,0,0,0,0,
  0,0,0,0,2,0,41,254,255,255,253,255,212,0,0,0,0,0,0,0,0,0,0,0,
  0,0,0,0,0,0,0,0,0,0,0,0,2,0,42,255,255,255,253,255,213,0,0,0,
  0,0,0,0,0,0,0,0,0,0,0,0,0,0,0,0,0,0,0,0,2,0,42,255,
  255,255,253,255,213,0,0,0,0,0,0,0,0,0,0,0,0,0,0,0,0,0,0,0,
  0,0,0,0,2,0,42,255,255,255,253,255,213,0,0,0,0,0,0,0,0,0,0,0,
  0,0,0,0,0,0,0,0,0,0,0,0,2,0,43,255,255,255,253,255,213,2,2,1,
  0,0,0,0,0,0,0,0,0,0,0,0,0,0,0,1,1,1,1,0,3,3,40,255,
  255,255,253,255,211,0,0,0,3,1,0,0,0,0,0,0,0,0,0,0,0,1,2,0,
  0,0,0,3,1,0,52,255,254,255,253,255,220,41,42,17,0,0,0,0,0,0,0,0,
  0,0,0,0,0,0,0,16,16,16,17,0,8,134,231,253,254,255,255,255,255,255,255,232,
  134,11,2,1,0,0,0,0,0,0,0,1,1,12,166,238,237,237,239,154,169,255,255,255,
  255,255,255,255,255,255,255,255,255,168,1,3,0,0,0,0,0,0,0,3,0,155,255,255,
  255,255,255,255,255,252,254,255,255,255,255,255,255,255,255,253,249,255,69,0,3,0,0,0,
  0,0,0,0,0,219,252,252,254,254,254,252,253,255,255,255,255,255,255,255,255,255,255,255,
  251,254,144,0,4,0,0,0,0,0,0,0,0,211,255,253,255,255,255,255,255,255,255,255,
  255,255,255,255,255,255,255,255,251,255,147,0,4,0,0,0,0,0,0,0,0,213,255,253,
  255,255,255,255,255,255,255,255,255,255,255,255,255,255,255,255,251,255,146,0,4,0,0,0,
  0,0,0,0,0,213,255,253,255,255,255,255,255,255,255,255,255,255,255,255,255,255,255,255,
  251,255,146,0,4,0,0,0,0,0,0,0,0,213,255,253,255,255,255,255,255,255,255,255,
  255,255,255,255,255,255,255,255,251,255,146,0,4,0,0,0,0,0,0,0,0,213,255,253,
  255,255,255,255,255,255,255,255,255,255,255,255,255,255,255,255,251,255,146,0,4,0,0,0,
  0,0,0,0,0,213,255,253,255,255,255,255,255,255,255,255,255,255,255,255,255,255,255,255,
  251,255,145,0,4,0,0,0,0,0,0,0,0,212,255,253,255,255,255,255,254,255,255,255,
  255,255,255,255,255,255,255,255,251,254,150,0,4,0,0,0,0,0,0,0,0,219,252,251,
  253,253,253,253,255,252,255,255,255,255,255,255,255,255,255,255,249,255,97,0,3,0,0,0,
  0,0,0,3,0,133,255,255,255,255,255,255,254,255,253,251,251,251,251,251,251,251,251,251,
  255,211,12,2,1,0,0,0,0,0,0,1,1,2,132,213,212,212,213,127,53,198,255,255,
  255,255,255,255,255,255,255,255,197,43,0,2,0,0,0,0,0,0,0,0,0,0,0,0,
  0,0,0,0,0,4,71,109,108,110,110,110,110,108,109,71,3,0,2,0,0,0,0,0,
  0,0,0,0,0,0,3,0,0,0,0,3,2,0,0,0,0,0,0,0,0,0,0,0,
  0,2,0,0,0,0,0,0,0,0,0,0,0,0,0,0,0,0,0,0,0,1,3,5,
  4,5,5,5,5,4,5,3,1,0,0,0,0,0,0,0,
};
static const uint8_t kA_1F44C[1024] = {
  0,0,0,0,0,0,0,0,0,0,0,0,0,0,2,1,0,0,0,0,0,0,0,0,
  0,0,0,0,0,0,0,0,0,0,0,0,0,0,0,0,0,0,0,0,1,1,0,0,
  2,0,0,1,1,0,0,0,0,0,0,0,0,0,0,0,0,0,0,0,0,0,0,0,
  0,0,0,0,0,0,42,16,0,1,3,0,0,2,0,0,0,0,0,0,0,0,0,0,
  0,0,0,0,0,0,0,0,0,0,0,1,8,174,255,227,64,1,0,13,4,0,1,0,
  0,0,0,0,0,0,0,0,0,0,0,0,0,0,0,0,0,0,4,0,92,255,249,255,
  205,0,117,234,216,66,0,2,0,0,0,0,0,0,0,0,0,0,0,0,0,0,0,0,
  0,0,4,0,112,252,249,253,205,47,255,255,255,222,9,5,5,3,0,0,0,0,0,0,
  0,0,0,0,0,0,0,0,0,0,4,0,108,255,249,255,196,75,254,249,253,242,18,0,
  0,0,1,0,0,0,0,0,0,0,0,0,0,0,0,0,0,0,4,0,109,255,249,255,
  198,70,255,251,255,238,7,82,147,66,0,1,0,0,0,0,0,0,0,0,0,0,0,0,
  0,0,4,0,109,255,249,255,198,71,255,251,255,224,115,255,255,255,68,0,3,0,0,0,
  0,0,0,0,0,0,0,0,0,0,4,0,109,255,249,255,198,71,255,251,255,224,203,253,
  244,255,150,0,4,0,0,0,0,0,0,0,0,0,0,0,0,0,4,0,109,255,249,255,
  198,71,255,251,255,225,197,255,249,255,145,0,4,0,0,0,0,0,0,0,0,0,0,0,
  0,0,4,0,109,255,249,255,198,71,255,251,255,225,198,255,249,255,146,0,4,0,0,0,
  0,0,0,0,0,0,0,0,0,1,8,4,111,255,249,255,198,71,255,251,255,225,198,255,
  249,255,146,0,4,0,0,0,0,0,0,0,0,0,0,0,3,0,0,0,101,255,249,255,
  199,72,255,251,255,225,198,255,249,255,146,0,4,0,0,0,0,0,0,0,0,0,0,3,
  0,9,91,150,212,254,252,255,195,68,255,251,255,225,198,255,249,255,146,0,4,0,0,0,
  0,0,0,0,0,0,3,0,67,215,255,255,255,255,254,255,212,84,254,252,255,224,198,255,
  249,255,146,0,4,0,0,0,0,0,0,0,0,2,0,95,255,255,251,251,251,254,255,255,
  255,232,254,254,254,226,200,255,249,255,146,0,4,0,0,0,0,0,0,0,2,0,37,247,
  253,252,254,253,255,255,252,255,255,255,255,253,255,218,187,255,248,255,145,0,4,0,0,0,
  0,0,0,0,3,2,176,255,252,255,255,255,213,239,255,254,255,254,254,253,239,79,175,252,
  245,252,152,0,4,0,0,0,0,0,0,1,0,20,243,254,253,254,232,69,0,28,166,255,
  253,252,254,138,23,0,140,255,255,255,102,0,3,0,0,0,0,0,0,3,0,69,253,252,
  251,255,116,0,5,0,19,236,254,250,255,170,0,5,11,152,213,131,3,1,0,0,0,0,
  0,0,0,3,0,79,255,252,252,255,68,5,8,5,0,213,255,249,255,188,1,3,0,0,
  0,0,0,0,0,0,0,0,0,0,0,2,0,50,250,253,252,255,171,0,0,0,67,253,
  253,251,254,153,0,3,1,3,0,3,0,0,0,0,0,0,0,0,0,1,1,7,228,254,
  253,254,254,171,74,119,232,255,254,252,255,87,0,4,0,0,0,0,0,0,0,0,0,0,
  0,0,0,0,4,0,116,255,249,255,255,255,255,255,255,255,252,255,219,10,1,0,0,0,
  0,0,0,0,0,0,0,0,0,0,0,0,0,1,3,200,255,249,253,251,252,251,253,251,
  255,255,65,0,3,0,0,0,0,0,0,0,0,0,0,0,0,0,0,0,0,1,1,25,
  196,255,255,255,252,253,255,255,243,97,0,3,0,0,0,0,0,0,0,0,0,0,0,0,
  0,0,0,0,0,0,1,0,1,120,222,255,255,255,239,170,43,0,3,0,0,0,0,0,
  0,0,0,0,0,0,0,0,0,0,0,0,0,0,0,1,0,0,8,49,73,69,20,0,
  0,3,0,0,0,0,0,0,0,0,0,0,0,0,0,0,0,0,0,0,0,0,0,0,
  0,3,0,0,0,0,0,2,2,0,0,0,0,0,0,0,0,0,0,0,0,0,0,0,
  0,0,0,0,0,0,0,0,0,0,1,2,3,3,1,0,0,0,0,0,0,0,0,0,
  0,0,0,0,0,0,0,0,0,0,0,0,0,0,0,0,0,0,0,0,0,0,0,0,
  0,0,0,0,0,0,0,0,0,0,0,0,0,0,0,0,
};
static const uint8_t kA_1F44F[1024] = {
  0,0,0,0,0,0,0,0,0,0,0,0,0,0,0,2,3,0,0,0,0,0,0,0,
  0,0,0,0,0,0,0,0,0,0,0,0,0,0,0,0,0,0,1,1,0,0,0,0,
  0,0,0,0,0,0,0,1,1,0,0,0,0,0,0,0,0,0,0,0,0,0,0,0,
  0,0,0,0,1,3,0,104,182,27,0,1,0,0,0,0,0,1,0,0,0,0,0,0,
  0,0,0,0,0,0,0,0,1,1,12,10,0,6,0,155,255,40,0,2,0,0,1,6,
  17,0,1,0,0,0,0,0,0,0,0,0,0,0,0,0,4,0,152,219,24,2,0,144,
  252,38,0,2,0,3,0,116,229,46,1,2,0,0,0,0,0,0,0,0,0,0,0,3,
  0,84,255,174,7,6,0,144,252,38,0,2,3,0,53,255,205,13,1,1,0,0,0,0,
  0,0,0,0,0,0,2,0,33,245,218,7,0,6,0,155,255,40,0,4,0,12,225,242,
  26,0,2,0,0,0,0,0,0,0,0,0,0,1,1,16,208,254,46,0,2,3,0,104,
  181,27,0,3,5,177,255,75,0,3,0,0,0,0,0,0,0,0,0,0,0,3,0,77,
  255,105,0,3,0,0,0,0,0,0,2,0,49,250,140,0,4,0,0,0,0,0,0,0,
  0,0,0,0,0,0,1,0,48,8,6,5,4,2,0,2,3,0,0,4,3,43,17,5,
  3,0,0,0,0,0,0,0,0,0,0,0,0,0,0,3,0,0,0,0,0,0,3,0,
  0,1,2,0,0,0,0,0,0,3,0,0,0,0,0,0,0,0,0,0,0,0,1,0,
  41,116,145,145,115,39,0,1,1,0,0,49,125,147,146,105,28,0,2,0,0,0,0,0,
  0,0,0,0,0,1,0,123,248,255,255,255,255,248,123,0,4,9,145,255,255,255,255,255,
  238,98,0,1,0,0,0,0,0,0,0,0,3,0,98,255,255,251,251,251,251,255,255,102,
  0,137,255,252,251,251,251,251,255,255,66,0,3,0,0,0,0,0,0,1,1,11,231,252,
  252,255,255,255,255,252,252,224,40,251,252,254,255,255,255,255,251,253,201,0,1,0,0,0,
  0,0,0,3,0,65,254,252,255,255,255,255,255,255,255,247,166,255,254,255,255,255,255,255,
  255,255,250,35,0,2,0,0,0,0,0,3,0,76,255,252,255,255,255,255,255,255,255,250,
  187,255,254,255,255,255,255,255,255,255,255,44,0,2,0,0,0,0,0,3,0,74,255,252,
  255,255,255,255,255,255,255,250,182,255,254,255,255,255,255,255,255,255,255,42,0,2,0,0,
  0,0,0,3,0,74,255,252,255,255,255,255,255,255,255,250,183,255,254,255,255,255,255,255,
  255,255,255,42,0,2,0,0,0,0,0,3,0,74,255,252,255,255,255,255,255,255,255,250,
  183,255,254,255,255,255,255,255,255,255,255,42,0,2,0,0,0,0,0,3,0,74,255,252,
  255,255,255,255,255,255,255,250,183,255,254,255,255,255,255,255,255,255,255,42,0,2,0,0,
  0,0,0,3,0,74,255,252,255,255,255,255,255,255,255,250,183,255,254,255,255,255,255,255,
  255,255,255,42,0,2,0,0,0,0,0,3,0,74,255,252,255,255,255,255,255,255,255,250,
  183,255,254,255,255,255,255,255,255,255,255,42,0,2,0,0,0,0,0,3,0,74,255,252,
  255,255,255,255,255,255,255,250,183,255,254,255,255,255,255,255,255,255,255,42,0,2,0,0,
  0,0,0,3,0,74,255,252,255,255,255,255,255,255,255,250,182,255,254,255,255,255,255,255,
  255,255,255,42,0,2,0,0,0,0,0,3,0,76,255,252,255,255,255,255,255,255,255,250,
  187,255,254,255,255,255,255,255,255,255,255,44,0,2,0,0,0,0,0,3,0,65,254,252,
  255,255,255,255,255,255,255,247,166,255,254,255,255,255,255,255,255,255,250,35,0,2,0,0,
  0,0,0,1,1,11,231,252,252,255,255,255,255,252,252,224,40,251,252,254,255,255,255,255,
  251,253,201,0,1,0,0,0,0,0,0,0,3,0,98,255,255,251,251,251,251,255,255,102,
  0,137,255,252,251,251,251,251,255,255,66,0,3,0,0,0,0,0,0,0,0,1,0,123,
  249,255,255,255,255,249,123,0,4,9,146,255,255,255,255,255,239,98,0,1,0,0,0,0,
  0,0,0,0,0,0,1,0,38,113,143,143,113,38,0,1,1,0,0,48,123,143,143,103,
  27,0,2,0,0,0,0,0,0,0,0,0,0,0,0,3,0,0,0,0,0,0,3,0,
  0,1,3,0,0,0,0,0,0,3,0,0,0,0,0,0,
};
static const uint8_t kA_1F525[1024] = {
  0,0,0,0,0,0,0,0,0,0,0,0,0,0,0,0,0,0,0,0,0,0,0,0,
  0,0,0,0,0,0,0,0,0,0,0,0,0,0,0,0,0,0,0,0,0,0,1,6,
  18,0,1,0,0,0,0,0,0,0,0,0,0,0,0,0,0,0,0,0,0,0,0,0,
  0,0,0,0,0,4,0,124,211,0,3,1,0,0,0,0,0,0,0,0,0,0,0,0,
  0,0,0,0,0,0,0,0,0,0,0,0,3,0,54,254,255,155,0,4,0,0,0,0,
  0,0,0,0,0,0,0,0,0,0,0,0,0,0,0,0,0,0,0,1,3,11,209,255,
  250,255,97,0,3,0,0,0,0,0,0,0,0,0,0,0,0,0,0,0,0,0,0,0,
  0,0,0,4,0,158,255,251,254,252,246,44,0,2,0,0,0,0,0,0,0,0,0,0,
  0,0,0,0,0,0,0,0,0,0,4,0,97,255,251,255,255,253,255,227,13,1,2,0,
  0,0,0,0,0,0,0,0,0,0,0,0,0,0,0,0,0,2,0,29,239,253,254,255,
  255,255,252,255,186,1,2,1,0,0,0,0,0,0,0,0,0,0,0,0,0,0,0,0,
  0,2,1,200,255,252,255,255,255,255,255,252,255,132,0,4,0,0,0,0,0,0,0,0,
  0,0,0,0,0,0,0,0,4,0,122,255,251,255,255,255,255,255,255,255,250,255,87,0,
  4,0,0,0,0,0,0,0,0,0,0,0,0,0,0,3,0,64,253,251,254,255,255,255,
  255,255,255,255,254,253,245,35,0,2,0,0,0,0,0,0,0,0,0,0,0,0,1,1,
  24,230,255,254,255,255,255,255,255,255,255,255,255,253,255,210,18,2,1,0,0,0,0,0,
  0,0,0,0,0,0,4,0,135,255,251,255,255,255,255,255,255,255,255,255,255,255,251,255,
  155,0,2,0,0,0,0,0,0,0,0,0,0,0,1,6,219,254,253,255,255,255,255,255,
  255,255,255,255,255,255,254,253,245,24,0,1,0,0,0,0,0,0,0,0,0,2,0,38,
  249,254,255,255,255,255,255,255,255,255,255,255,255,255,255,255,255,46,0,2,0,0,0,0,
  0,0,0,0,0,4,0,116,255,251,255,255,255,255,255,255,255,255,255,255,255,255,255,252,
  254,92,0,4,0,0,0,0,0,0,0,0,0,1,0,198,255,252,255,255,255,255,255,255,
  255,255,255,255,255,255,255,251,255,141,0,4,0,0,0,0,0,0,0,0,2,0,40,251,
  255,255,255,255,255,255,255,255,255,255,255,255,255,255,255,252,255,190,2,3,0,0,0,0,
  0,0,0,0,4,0,105,255,251,255,255,255,255,255,255,255,255,255,255,255,255,255,255,254,
  255,233,12,0,1,0,0,0,0,0,0,0,3,0,172,255,252,255,255,255,255,255,255,255,
  255,255,255,255,255,255,255,254,254,245,33,0,2,0,0,0,0,0,0,1,0,29,243,254,
  254,255,255,255,255,255,255,255,255,255,255,255,255,255,255,255,252,255,77,0,3,0,0,0,
  0,0,0,2,0,41,242,254,254,255,255,255,255,255,255,255,255,255,255,255,255,255,255,255,
  251,255,133,0,4,0,0,0,0,0,0,0,3,0,184,255,252,255,255,255,255,255,255,255,
  255,255,255,255,255,255,255,255,253,249,57,0,2,0,0,0,0,0,0,0,3,1,178,254,
  252,255,255,255,255,255,255,255,255,255,255,255,255,255,255,254,255,236,9,0,1,0,0,0,
  0,0,0,0,4,0,105,255,252,255,255,255,255,255,255,255,255,255,255,255,255,255,255,252,
  253,177,2,3,0,0,0,0,0,0,0,0,1,0,28,252,253,254,255,255,255,255,255,255,
  255,255,255,255,255,255,255,251,255,90,0,4,0,0,0,0,0,0,0,0,0,3,0,134,
  255,250,255,255,255,255,255,255,255,255,255,255,255,255,251,255,202,8,2,0,0,0,0,0,
  0,0,0,0,0,1,3,7,186,255,249,254,255,255,255,255,255,255,255,255,255,250,255,231,
  40,0,2,0,0,0,0,0,0,0,0,0,0,0,1,0,8,186,255,255,251,253,254,255,
  255,254,253,251,254,255,232,43,0,2,0,0,0,0,0,0,0,0,0,0,0,0,0,2,
  0,9,137,238,255,255,255,255,255,255,255,255,255,171,40,0,3,0,0,0,0,0,0,0,
  0,0,0,0,0,0,0,0,1,0,0,28,123,198,240,253,253,250,211,150,53,0,0,2,
  0,0,0,0,0,0,0,0,0,0,0,0,0,0,0,0,0,1,4,0,0,0,31,45,
  45,42,1,0,0,2,2,0,0,0,0,0,0,0,0,0,
};
static const uint8_t kA_1F4A9[1024] = {
  0,0,0,0,0,0,0,0,0,0,0,0,0,0,0,0,0,0,0,0,0,0,0,0,
  0,0,0,0,0,0,0,0,0,0,0,0,0,0,0,0,0,0,0,0,0,0,0,0,
  0,0,0,0,0,0,0,0,0,0,0,0,0,0,0,0,0,0,0,0,0,0,0,0,
  0,0,0,0,0,0,0,0,0,0,0,0,0,0,0,0,0,0,0,0,0,0,0,0,
  0,0,0,0,0,0,0,0,0,0,0,0,0,0,0,0,0,0,0,0,0,0,0,0,
  0,0,0,0,0,0,0,0,0,0,0,0,0,0,0,0,0,0,0,0,0,1,4,3,
  3,4,1,0,0,0,0,0,0,0,0,0,0,0,0,0,0,0,0,0,0,0,0,0,
  0,0,0,0,1,0,0,0,0,0,0,2,0,0,0,0,0,0,0,0,0,0,0,0,
  0,0,0,0,0,0,0,0,0,0,0,1,0,4,90,169,181,116,24,0,2,0,0,0,
  0,0,0,0,0,0,0,0,0,0,0,0,0,0,0,0,0,0,1,1,8,185,255,255,
  255,255,229,44,0,2,0,0,0,0,0,0,0,0,0,0,0,0,0,0,0,0,0,0,
  0,0,2,5,183,255,250,252,252,250,255,231,34,1,2,0,0,0,0,0,0,0,0,0,
  0,0,0,0,0,0,0,0,0,3,0,70,255,250,255,255,255,255,250,255,144,0,4,0,
  0,0,0,0,0,0,0,0,0,0,0,0,0,0,0,0,0,4,1,144,253,251,255,255,
  255,255,253,254,211,1,0,0,0,0,0,0,0,0,0,0,0,0,0,0,0,0,0,0,
  0,5,1,143,255,251,255,255,255,255,253,255,212,0,2,0,0,0,0,0,0,0,0,0,
  0,0,0,0,0,0,0,0,1,0,0,164,255,252,255,255,255,255,253,254,220,12,0,2,
  0,0,0,0,0,0,0,0,0,0,0,0,0,0,0,2,1,24,177,255,254,255,255,255,
  255,255,255,254,253,213,64,0,2,0,0,0,0,0,0,0,0,0,0,0,0,0,0,3,
  3,181,255,252,255,255,255,255,255,255,255,255,253,255,236,25,1,1,0,0,0,0,0,0,
  0,0,0,0,0,0,4,0,115,255,249,255,255,255,255,255,255,255,255,255,255,250,255,189,
  0,2,0,0,0,0,0,0,0,0,0,0,0,0,2,7,212,254,253,255,255,255,255,255,
  255,255,255,255,255,255,253,251,42,0,2,0,0,0,0,0,0,0,0,0,0,1,0,18,
  243,255,254,255,255,255,255,255,255,255,255,255,255,255,252,255,79,0,3,0,0,0,0,0,
  0,0,0,0,0,1,2,16,235,255,254,255,255,255,255,255,255,255,255,255,255,255,252,254,
  70,2,3,0,0,0,0,0,0,0,0,0,0,1,0,0,208,255,253,255,255,255,255,255,
  255,255,255,255,255,254,253,247,41,0,3,0,0,0,0,0,0,0,0,0,1,0,24,187,
  254,254,255,255,255,255,255,255,255,255,255,255,255,255,254,254,220,69,0,2,0,0,0,0,
  0,0,0,1,2,9,207,255,253,255,255,255,255,255,255,255,255,255,255,255,255,255,255,254,
  255,247,47,1,2,0,0,0,0,0,0,4,0,122,255,249,255,255,255,255,255,255,255,255,
  255,255,255,255,255,255,255,255,251,255,194,0,1,0,0,0,0,0,0,1,0,207,254,253,
  255,255,255,255,255,255,255,255,255,255,255,255,255,255,255,255,255,254,252,35,0,2,0,0,
  0,0,0,0,0,215,254,253,255,255,255,255,255,255,255,255,255,255,255,255,255,255,255,255,
  255,255,255,44,0,2,0,0,0,0,0,3,0,156,255,250,255,255,255,255,255,255,255,255,
  255,255,255,255,255,255,255,255,253,253,221,7,0,0,0,0,0,0,0,2,1,32,242,255,
  251,255,255,255,255,255,255,255,255,255,255,255,255,255,255,253,252,255,88,0,3,0,0,0,
  0,0,0,0,2,0,69,239,255,252,252,254,255,255,255,255,255,255,255,255,254,252,251,255,
  255,127,0,3,0,0,0,0,0,0,0,0,0,2,0,33,178,255,255,255,254,252,251,251,
  251,251,251,252,255,255,255,213,70,0,2,0,0,0,0,0,0,0,0,0,0,0,3,0,
  0,81,161,229,255,255,255,255,255,255,255,255,241,186,103,12,0,3,0,0,0,0,0,0,
  0,0,0,0,0,0,0,1,1,0,0,12,56,93,143,143,142,143,113,69,21,0,0,0,
  3,0,0,0,0,0,0,0,0,0,0,0,0,0,0,0,0,4,3,0,0,0,0,0,
  0,0,0,0,0,2,4,1,0,0,0,0,0,0,0,0,
};
static const uint8_t kA_2B50[1024] = {
  0,0,0,0,0,0,0,0,0,0,0,0,0,0,0,1,2,0,0,0,0,0,0,0,
  0,0,0,0,0,0,0,0,0,0,0,0,0,0,0,0,0,0,0,0,0,0,0,0,
  0,0,0,0,0,0,0,0,0,0,0,0,0,0,0,0,0,0,0,0,0,0,0,0,
  0,0,0,0,0,1,0,28,54,1,2,0,0,0,0,0,0,0,0,0,0,0,0,0,
  0,0,0,0,0,0,0,0,0,0,0,0,0,4,0,129,185,0,3,0,0,0,0,0,
  0,0,0,0,0,0,0,0,0,0,0,0,0,0,0,0,0,0,0,0,0,1,4,208,
  252,27,0,1,0,0,0,0,0,0,0,0,0,0,0,0,0,0,0,0,0,0,0,0,
  0,0,0,0,3,0,58,255,255,103,0,4,0,0,0,0,0,0,0,0,0,0,0,0,
  0,0,0,0,0,0,0,0,0,0,0,0,3,0,163,254,255,187,0,3,0,0,0,0,
  0,0,0,0,0,0,0,0,0,0,0,0,0,0,0,0,0,0,0,1,1,13,234,255,
  253,249,46,0,2,0,0,0,0,0,0,0,0,0,0,0,0,0,0,0,0,0,0,0,
  0,0,0,4,0,96,255,252,251,255,128,0,4,0,0,0,0,0,0,0,0,0,0,0,
  0,0,1,1,1,1,1,2,3,3,3,5,2,193,255,252,253,255,208,0,4,3,3,3,
  2,1,1,1,1,1,0,0,0,0,0,0,0,0,0,0,0,0,0,0,41,255,254,255,
  255,253,254,58,0,0,0,0,0,0,0,0,0,0,0,0,0,0,22,19,14,17,16,49,
  74,73,76,74,173,255,252,255,255,252,255,177,74,76,73,74,49,16,17,14,19,22,0,0,
  3,1,83,227,246,236,239,255,255,255,255,255,255,255,255,255,255,255,255,255,255,255,255,255,
  255,239,236,243,227,83,1,3,0,2,0,51,211,255,255,255,252,252,252,252,253,255,255,255,
  255,255,255,253,252,252,252,252,255,255,255,227,51,0,2,0,0,0,2,0,7,174,255,253,
  253,255,255,255,255,255,255,255,255,255,255,255,255,255,255,254,253,255,174,16,0,2,0,0,
  0,0,0,2,1,0,127,255,255,252,255,255,255,255,255,255,255,255,255,255,255,255,252,255,
  255,127,0,0,2,0,0,0,0,0,0,0,1,3,0,74,231,255,254,255,255,255,255,255,
  255,255,255,255,255,254,255,243,74,0,3,1,0,0,0,0,0,0,0,0,0,0,3,0,
  26,204,254,254,255,255,255,255,255,255,255,255,254,254,204,39,0,3,0,0,0,0,0,0,
  0,0,0,0,0,0,0,3,0,8,208,255,253,255,255,255,255,255,255,253,255,208,8,0,
  3,0,0,0,0,0,0,0,0,0,0,0,0,0,0,1,2,16,237,255,254,255,255,255,
  255,255,255,254,255,237,16,2,1,0,0,0,0,0,0,0,0,0,0,0,0,0,0,3,
  0,79,255,252,255,255,255,255,254,255,255,255,252,255,79,0,3,0,0,0,0,0,0,0,
  0,0,0,0,0,0,0,3,0,165,255,251,255,255,253,255,255,252,255,255,251,255,165,0,
  3,0,0,0,0,0,0,0,0,0,0,0,0,0,0,0,4,223,255,253,255,251,255,255,
  249,255,252,254,253,255,223,4,0,0,0,0,0,0,0,0,0,0,0,0,0,0,3,0,
  60,254,254,252,254,255,216,75,38,188,255,255,252,254,254,60,0,3,0,0,0,0,0,0,
  0,0,0,0,0,0,4,0,121,254,247,255,254,132,7,0,0,0,112,243,255,247,253,121,
  0,4,0,0,0,0,0,0,0,0,0,0,0,0,2,1,193,255,255,201,59,0,0,3,
  2,2,0,43,170,255,255,193,1,2,0,0,0,0,0,0,0,0,0,0,0,2,0,36,
  255,242,110,0,0,4,1,0,0,0,3,0,0,89,229,255,35,0,2,0,0,0,0,0,
  0,0,0,0,0,3,0,105,176,38,0,1,2,0,0,0,0,0,0,2,3,0,25,176,
  105,0,3,0,0,0,0,0,0,0,0,0,0,1,0,31,0,0,4,0,0,0,0,0,
  0,0,0,0,0,3,0,0,31,0,1,0,0,0,0,0,0,0,0,0,0,0,0,0,
  1,2,0,0,0,0,0,0,0,0,0,0,0,0,1,1,0,0,0,0,0,0,0,0,
  0,0,0,0,0,0,0,1,0,0,0,0,0,0,0,0,0,0,0,0,0,0,0,0,
  1,0,0,0,0,0,0,0,0,0,0,0,0,0,0,0,0,0,0,0,0,0,0,0,
  0,0,0,0,0,0,0,0,0,0,0,0,0,0,0,0,
};

const RomEmoji kRom[17] = {
    {kP_1F642, kA_1F642},
    {kP_1F602, kA_1F602},
    {kP_1F60A, kA_1F60A},
    {kP_1F60D, kA_1F60D},
    {kP_1F60E, kA_1F60E},
    {kP_1F914, kA_1F914},
    {kP_1F614, kA_1F614},
    {kP_1F622, kA_1F622},
    {kP_1F621, kA_1F621},
    {kP_1F618, kA_1F618},
    {kP_2764, kA_2764},
    {kP_1F44D, kA_1F44D},
    {kP_1F44C, kA_1F44C},
    {kP_1F44F, kA_1F44F},
    {kP_1F525, kA_1F525},
    {kP_1F4A9, kA_1F4A9},
    {kP_2B50, kA_2B50},
};

}  // namespace emoji
